{
    "name": "root",
    "gauges": {
        "HealthcareDDA.Policy.Entropy.mean": {
            "value": 0.5684531927108765,
            "min": 0.5684531927108765,
            "max": 1.15570068359375,
            "count": 2
        },
        "HealthcareDDA.Policy.Entropy.sum": {
            "value": 563.9055786132812,
            "min": 563.9055786132812,
            "max": 1164.9462890625,
            "count": 2
        },
        "HealthcareDDA.Environment.EpisodeLength.mean": {
            "value": 3.0,
            "min": 3.0,
            "max": 3.0,
            "count": 2
        },
        "HealthcareDDA.Environment.EpisodeLength.sum": {
            "value": 744.0,
            "min": 744.0,
            "max": 756.0,
            "count": 2
        },
        "HealthcareDDA.Step.mean": {
            "value": 1996.0,
            "min": 996.0,
            "max": 1996.0,
            "count": 2
        },
        "HealthcareDDA.Step.sum": {
            "value": 1996.0,
            "min": 996.0,
            "max": 1996.0,
            "count": 2
        },
        "HealthcareDDA.Policy.ExtrinsicValueEstimate.mean": {
            "value": 1.38555908203125,
            "min": 0.5368457436561584,
            "max": 1.38555908203125,
            "count": 2
        },
        "HealthcareDDA.Policy.ExtrinsicValueEstimate.sum": {
            "value": 346.3897705078125,
            "min": 133.67459106445312,
            "max": 346.3897705078125,
            "count": 2
        },
        "HealthcareDDA.Environment.CumulativeReward.mean": {
            "value": 2.316353414297104,
            "min": 1.8419767687598385,
            "max": 2.316353414297104,
            "count": 2
        },
        "HealthcareDDA.Environment.CumulativeReward.sum": {
            "value": 579.088353574276,
            "min": 458.6522154211998,
            "max": 579.088353574276,
            "count": 2
        },
        "HealthcareDDA.Policy.ExtrinsicReward.mean": {
            "value": 2.316353414297104,
            "min": 1.8419767687598385,
            "max": 2.316353414297104,
            "count": 2
        },
        "HealthcareDDA.Policy.ExtrinsicReward.sum": {
            "value": 579.088353574276,
            "min": 458.6522154211998,
            "max": 579.088353574276,
            "count": 2
        },
        "HealthcareDDA.Losses.PolicyLoss.mean": {
            "value": 0.12164887029211968,
            "min": 0.12164887029211968,
            "max": 0.12517367380981645,
            "count": 2
        },
        "HealthcareDDA.Losses.PolicyLoss.sum": {
            "value": 0.4865954811684787,
            "min": 0.3755210214294494,
            "max": 0.4865954811684787,
            "count": 2
        },
        "HealthcareDDA.Losses.ValueLoss.mean": {
            "value": 0.20235356548801064,
            "min": 0.20235356548801064,
            "max": 0.6694675257636442,
            "count": 2
        },
        "HealthcareDDA.Losses.ValueLoss.sum": {
            "value": 0.8094142619520426,
            "min": 0.8094142619520426,
            "max": 2.0084025772909326,
            "count": 2
        },
        "HealthcareDDA.Policy.LearningRate.mean": {
            "value": 0.000485040002992,
            "min": 0.000485040002992,
            "max": 0.000494560001088,
            "count": 2
        },
        "HealthcareDDA.Policy.LearningRate.sum": {
            "value": 0.001940160011968,
            "min": 0.001483680003264,
            "max": 0.001940160011968,
            "count": 2
        },
        "HealthcareDDA.Policy.Epsilon.mean": {
            "value": 0.39102400000000004,
            "min": 0.39102400000000004,
            "max": 0.39673600000000003,
            "count": 2
        },
        "HealthcareDDA.Policy.Epsilon.sum": {
            "value": 1.5640960000000002,
            "min": 1.1902080000000002,
            "max": 1.5640960000000002,
            "count": 2
        },
        "HealthcareDDA.Policy.Beta.mean": {
            "value": 0.009701099199999999,
            "min": 0.009701099199999999,
            "max": 0.0098913088,
            "count": 2
        },
        "HealthcareDDA.Policy.Beta.sum": {
            "value": 0.038804396799999995,
            "min": 0.0296739264,
            "max": 0.038804396799999995,
            "count": 2
        },
        "HealthcareDDA.IsTraining.mean": {
            "value": 1.0,
            "min": 1.0,
            "max": 1.0,
            "count": 2
        },
        "HealthcareDDA.IsTraining.sum": {
            "value": 1.0,
            "min": 1.0,
            "max": 1.0,
            "count": 2
        }
    },
    "metadata": {
        "timer_format_version": "0.1.0",
        "start_time_seconds": "1747651057",
        "python_version": "3.10.12 (main, Jan  5 2025, 23:12:11) [GCC 14.1.1 20240522]",
        "command_line_arguments": "/home/samgomes/Documents/doutoramento/projects/iProlepsis/reps/healthcare-dda-mlagent/python-venv/bin/mlagents-learn config/ppo/HealthcareDDA.yaml --run-id=TestExtremes --force",
        "mlagents_version": "1.0.0",
        "mlagents_envs_version": "1.1.0",
        "communication_protocol_version": "1.5.0",
        "pytorch_version": "2.2.2+cu121",
        "numpy_version": "1.23.5",
        "end_time_seconds": "1747651170"
    },
    "total": 113.50372713599972,
    "count": 1,
    "self": 0.006536824000249908,
    "children": {
        "run_training.setup": {
            "total": 0.01733469899954798,
            "count": 1,
            "self": 0.01733469899954798
        },
        "TrainerController.start_learning": {
            "total": 113.47985561299993,
            "count": 1,
            "self": 0.019257513001321058,
            "children": {
                "TrainerController._reset_env": {
                    "total": 19.884464224999647,
                    "count": 1,
                    "self": 19.884464224999647
                },
                "TrainerController.advance": {
                    "total": 93.50639136999871,
                    "count": 634,
                    "self": 0.017962758012799895,
                    "children": {
                        "env_step": {
                            "total": 89.89084855600777,
                            "count": 634,
                            "self": 88.776269177014,
                            "children": {
                                "SubprocessEnvManager._take_step": {
                                    "total": 1.1048130730014236,
                                    "count": 634,
                                    "self": 0.04802063202350837,
                                    "children": {
                                        "TorchPolicy.evaluate": {
                                            "total": 1.0567924409779152,
                                            "count": 634,
                                            "self": 1.0567924409779152
                                        }
                                    }
                                },
                                "workers": {
                                    "total": 0.009766305992343405,
                                    "count": 633,
                                    "self": 0.0,
                                    "children": {
                                        "worker_root": {
                                            "total": 109.24646654497974,
                                            "count": 633,
                                            "is_parallel": true,
                                            "self": 25.52481984597307,
                                            "children": {
                                                "run_training.setup": {
                                                    "total": 0.0,
                                                    "count": 0,
                                                    "is_parallel": true,