{
    "name": "root",
    "gauges": {
        "HealthcareDDA.Policy.Entropy.mean": {
            "value": 0.4108005464076996,
            "min": 0.04725475236773491,
            "max": 1.3177506923675537,
            "count": 50
        },
        "HealthcareDDA.Policy.Entropy.sum": {
            "value": 407.5141296386719,
            "min": 47.632789611816406,
            "max": 1328.292724609375,
            "count": 50
        },
        "HealthcareDDA.Environment.EpisodeLength.mean": {
            "value": 3.0,
            "min": 3.0,
            "max": 3.0,
            "count": 50
        },
        "HealthcareDDA.Environment.EpisodeLength.sum": {
            "value": 744.0,
            "min": 744.0,
            "max": 756.0,
            "count": 50
        },
        "HealthcareDDA.Step.mean": {
            "value": 49996.0,
            "min": 996.0,
            "max": 49996.0,
            "count": 50
        },
        "HealthcareDDA.Step.sum": {
            "value": 49996.0,
            "min": 996.0,
            "max": 49996.0,
            "count": 50
        },
        "HealthcareDDA.Policy.ExtrinsicValue.mean": {
            "value": 1.4475740194320679,
            "min": 1.0989588499069214,
            "max": 2.207878351211548,
            "count": 50
        },
        "HealthcareDDA.Policy.ExtrinsicValue.sum": {
            "value": 361.89349365234375,
            "min": 273.6407470703125,
            "max": 551.9696044921875,
            "count": 50
        },
        "HealthcareDDA.Environment.CumulativeReward.mean": {
            "value": 2.1646889698505403,
            "min": 1.7443971534570057,
            "max": 2.312793324947357,
            "count": 50
        },
        "HealthcareDDA.Environment.CumulativeReward.sum": {
            "value": 541.172242462635,
            "min": 434.35489121079445,
            "max": 578.1983312368393,
            "count": 50
        },
        "HealthcareDDA.Policy.ExtrinsicReward.mean": {
            "value": 2.1646889698505403,
            "min": 1.7443971534570057,
            "max": 2.312793324947357,
            "count": 50
        },
        "HealthcareDDA.Policy.ExtrinsicReward.sum": {
            "value": 541.172242462635,
            "min": 434.35489121079445,
            "max": 578.1983312368393,
            "count": 50
        },
        "HealthcareDDA.Losses.PolicyLoss.mean": {
            "value": -1.462234220797977,
            "min": -2.205641366777912,
            "max": -1.203780769546275,
            "count": 50
        },
        "HealthcareDDA.Losses.PolicyLoss.sum": {
            "value": -362.63408675789833,
            "min": -555.8216244280338,
            "max": -297.3338500779299,
            "count": 50
        },
        "HealthcareDDA.Losses.ValueLoss.mean": {
            "value": 0.0008747098540146497,
            "min": 0.0006516061660726163,
            "max": 0.03332550563718163,
            "count": 50
        },
        "HealthcareDDA.Losses.ValueLoss.sum": {
            "value": 0.21692804379563313,
            "min": 0.1642047538502993,
            "max": 8.231399892383862,
            "count": 50
        },
        "HealthcareDDA.Losses.Q1Loss.mean": {
            "value": 0.02065610351071941,
            "min": 0.016402187766125377,
            "max": 0.19220310718402583,
            "count": 50
        },
        "HealthcareDDA.Losses.Q1Loss.sum": {
            "value": 5.122713670658413,
            "min": 4.08394227506748,
            "max": 48.43518301037451,
            "count": 50
        },
        "HealthcareDDA.Losses.Q2Loss.mean": {
            "value": 0.02062706113691249,
            "min": 0.016431146862309315,
            "max": 0.19182227701983517,
            "count": 50
        },
        "HealthcareDDA.Losses.Q2Loss.sum": {
            "value": 5.115511161954298,
            "min": 4.095317074369328,
            "max": 48.339213808998466,
            "count": 50
        },
        "HealthcareDDA.Policy.DiscreteEntropyCoeff.mean": {
            "value": 0.02183462020387793,
            "min": 0.02183462020387793,
            "max": 0.47084621602437016,
            "count": 50
        },
        "HealthcareDDA.Policy.DiscreteEntropyCoeff.sum": {
            "value": 5.414985810561727,
            "min": 5.414985810561727,
            "max": 116.29901535801943,
            "count": 50
        },
        "HealthcareDDA.Policy.ContinuousEntropyCoeff.mean": {
            "value": 0.5,
            "min": 0.5,
            "max": 0.5,
            "count": 50
        },
        "HealthcareDDA.Policy.ContinuousEntropyCoeff.sum": {
            "value": 124.0,
            "min": 123.5,
            "max": 126.0,
            "count": 50
        },
        "HealthcareDDA.Policy.LearningRate.mean": {
            "value": 0.0005000000000000002,
            "min": 0.0005000000000000001,
            "max": 0.0005000000000000002,
            "count": 50
        },
        "HealthcareDDA.Policy.LearningRate.sum": {
            "value": 0.12400000000000005,
            "min": 0.12350000000000005,
            "max": 0.12600000000000003,
            "count": 50
        },
        "HealthcareDDA.IsTraining.mean": {
            "value": 1.0,
            "min": 1.0,
            "max": 1.0,
            "count": 50
        },
        "HealthcareDDA.IsTraining.sum": {
            "value": 1.0,
            "min": 1.0,
            "max": 1.0,
            "count": 50
        }
    },
    "metadata": {
        "timer_format_version": "0.1.0",
        "start_time_seconds": "1746722823",
        "python_version": "3.10.12 (main, Jan  5 2025, 23:12:11) [GCC 14.1.1 20240522]",
        "command_line_arguments": "/home/samgomes/Documents/doutoramento/projects/iProlepsis/reps/healthcare-dda-mlagent/python-venv/bin/mlagents-learn config/sac/HealthcareDDA.yaml --run-id=SAC_MBS_Flares --force",
        "mlagents_version": "1.0.0",
        "mlagents_envs_version": "1.1.0",
        "communication_protocol_version": "1.5.0",
        "pytorch_version": "2.2.2+cu121",
        "numpy_version": "1.23.5",
        "end_time_seconds": "1746723157"
    },
    "total": 334.14347832899875,
    "count": 1,
    "self": 0.01018043599833618,
    "children": {
        "run_training.setup": {
            "total": 0.020864571000856813,
            "count": 1,
            "self": 0.020864571000856813
        },
        "TrainerController.start_learning": {
            "total": 334.11243332199956,
            "count": 1,
            "self": 0.3455241140363796,
            "children": {
                "TrainerController._reset_env": {
                    "total": 10.619383041001129,
                    "count": 1,
                    "self": 10.619383041001129
                },
                "TrainerController.advance": {
                    "total": 323.0311122399653,
                    "count": 12504,
                    "self": 0.31897694321742165,
                    "children": {
                        "env_step": {
                            "total": 64.7852211659374,
                            "count": 12504,
                            "self": 46.47524547710782,
                            "children": {
                                "SubprocessEnvManager._take_step": {
                                    "total": 18.1207992041127,
                                    "count": 12504,
                                    "self": 0.8579163062386215,
                                    "children": {
                                        "TorchPolicy.evaluate": {
                                            "total": 17.26288289787408,
                                            "count": 12504,
                                            "self": 17.26288289787408
                                        }
                                    }
                                },
                                "workers": {
                                    "total": 0.18917648471688153,