{
    "name": "root",
    "gauges": {
        "HealthcareDDA.Policy.Entropy.mean": {
            "value": 0.30136385560035706,
            "min": 0.15757142007350922,
            "max": 1.4969918727874756,
            "count": 50
        },
        "HealthcareDDA.Policy.Entropy.sum": {
            "value": 298.95294189453125,
            "min": 156.31085205078125,
            "max": 1508.9677734375,
            "count": 50
        },
        "HealthcareDDA.Environment.EpisodeLength.mean": {
            "value": 3.0,
            "min": 3.0,
            "max": 3.0,
            "count": 50
        },
        "HealthcareDDA.Environment.EpisodeLength.sum": {
            "value": 744.0,
            "min": 744.0,
            "max": 756.0,
            "count": 50
        },
        "HealthcareDDA.Step.mean": {
            "value": 49996.0,
            "min": 996.0,
            "max": 49996.0,
            "count": 50
        },
        "HealthcareDDA.Step.sum": {
            "value": 49996.0,
            "min": 996.0,
            "max": 49996.0,
            "count": 50
        },
        "HealthcareDDA.Policy.ExtrinsicValue.mean": {
            "value": 2.279106855392456,
            "min": 1.6069830656051636,
            "max": 2.7637710571289062,
            "count": 50
        },
        "HealthcareDDA.Policy.ExtrinsicValue.sum": {
            "value": 569.7767333984375,
            "min": 400.1387939453125,
            "max": 690.9427490234375,
            "count": 50
        },
        "HealthcareDDA.Environment.CumulativeReward.mean": {
            "value": 3.1537963347435,
            "min": 2.494339112057743,
            "max": 3.297946289539337,
            "count": 50
        },
        "HealthcareDDA.Environment.CumulativeReward.sum": {
            "value": 788.4490836858749,
            "min": 621.0904389023781,
            "max": 824.4865723848343,
            "count": 50
        },
        "HealthcareDDA.Policy.ExtrinsicReward.mean": {
            "value": 3.1537963347435,
            "min": 2.494339112057743,
            "max": 3.297946289539337,
            "count": 50
        },
        "HealthcareDDA.Policy.ExtrinsicReward.sum": {
            "value": 788.4490836858749,
            "min": 621.0904389023781,
            "max": 824.4865723848343,
            "count": 50
        },
        "HealthcareDDA.Losses.PolicyLoss.mean": {
            "value": -2.2769475584869743,
            "min": -2.75107757018138,
            "max": -1.6973992572395062,
            "count": 50
        },
        "HealthcareDDA.Losses.PolicyLoss.sum": {
            "value": -564.6829945047696,
            "min": -692.3041558265686,
            "max": -419.25761653815806,
            "count": 50
        },
        "HealthcareDDA.Losses.ValueLoss.mean": {
            "value": 0.0015120752651230477,
            "min": 0.0015120752651230477,
            "max": 0.025653385250073588,
            "count": 50
        },
        "HealthcareDDA.Losses.ValueLoss.sum": {
            "value": 0.3749946657505158,
            "min": 0.3749946657505158,
            "max": 6.336386156768176,
            "count": 50
        },
        "HealthcareDDA.Losses.Q1Loss.mean": {
            "value": 0.07142666810046962,
            "min": 0.05927513217955098,
            "max": 0.2454350312060166,
            "count": 50
        },
        "HealthcareDDA.Losses.Q1Loss.sum": {
            "value": 17.713813688916463,
            "min": 14.937333309246847,
            "max": 60.86788773909211,
            "count": 50
        },
        "HealthcareDDA.Losses.Q2Loss.mean": {
            "value": 0.07155025552242232,
            "min": 0.05903314764515334,
            "max": 0.24715222083833266,
            "count": 50
        },
        "HealthcareDDA.Losses.Q2Loss.sum": {
            "value": 17.744463369560737,
            "min": 14.876353206578642,
            "max": 61.2937507679065,
            "count": 50
        },
        "HealthcareDDA.Policy.DiscreteEntropyCoeff.mean": {
            "value": 0.06963956324253433,
            "min": 0.05009918401963891,
            "max": 0.45741402982055457,
            "count": 50
        },
        "HealthcareDDA.Policy.DiscreteEntropyCoeff.sum": {
            "value": 17.270611684148513,
            "min": 12.624994372949004,
            "max": 112.98126536567698,
            "count": 50
        },
        "HealthcareDDA.Policy.ContinuousEntropyCoeff.mean": {
            "value": 0.5,
            "min": 0.5,
            "max": 0.5,
            "count": 50
        },
        "HealthcareDDA.Policy.ContinuousEntropyCoeff.sum": {
            "value": 124.0,
            "min": 123.5,
            "max": 126.0,
            "count": 50
        },
        "HealthcareDDA.Policy.LearningRate.mean": {
            "value": 0.0007500000000000002,
            "min": 0.0007500000000000001,
            "max": 0.0007500000000000002,
            "count": 50
        },
        "HealthcareDDA.Policy.LearningRate.sum": {
            "value": 0.18600000000000005,
            "min": 0.18525000000000005,
            "max": 0.18900000000000003,
            "count": 50
        },
        "HealthcareDDA.IsTraining.mean": {
            "value": 1.0,
            "min": 1.0,
            "max": 1.0,
            "count": 50
        },
        "HealthcareDDA.IsTraining.sum": {
            "value": 1.0,
            "min": 1.0,
            "max": 1.0,
            "count": 50
        }
    },
    "metadata": {
        "timer_format_version": "0.1.0",
        "start_time_seconds": "1748011239",
        "python_version": "3.10.12 (main, Jan  5 2025, 23:12:11) [GCC 14.1.1 20240522]",
        "command_line_arguments": "/home/samgomes/Documents/doutoramento/projects/iProlepsis/reps/healthcare-dda-mlagent/python-venv/bin/mlagents-learn config/sac/HealthcareDDA.yaml --run-id=SAC_TK_Flares --force",
        "mlagents_version": "1.0.0",
        "mlagents_envs_version": "1.1.0",
        "communication_protocol_version": "1.5.0",
        "pytorch_version": "2.2.2+cu121",
        "numpy_version": "1.23.5",
        "end_time_seconds": "1748011596"
    },
    "total": 356.534885199002,
    "count": 1,
    "self": 0.0070910260001255665,
    "children": {
        "run_training.setup": {
            "total": 0.024495696001395117,
            "count": 1,
            "self": 0.024495696001395117
        },
        "TrainerController.start_learning": {
            "total": 356.5032984770005,
            "count": 1,
            "self": 0.31386224283414776,
            "children": {
                "TrainerController._reset_env": {
                    "total": 10.955403141000716,
                    "count": 1,
                    "self": 10.955403141000716
                },
                "TrainerController.advance": {
                    "total": 345.16003396716405,
                    "count": 12504,
                    "self": 0.27439810982104973,
                    "children": {
                        "env_step": {
                            "total": 66.6186726381311,
                            "count": 12504,
                            "self": 49.52732769238355,
                            "children": {
                                "SubprocessEnvManager._take_step": {
                                    "total": 16.923709410908486,
                                    "count": 12504,
                                    "self": 0.7698472571864841,
                                    "children": {
                                        "TorchPolicy.evaluate": {
                                            "total": 16.153862153722002,
                                            "count": 12504,
                                            "self": 16.153862153722002
                                        }
                                    }
                                },
                                "workers": {
                                    "total": 0.16763553483906435,