{
    "name": "root",
    "gauges": {
        "HealthcareDDA.Environment.EpisodeLength.mean": {
            "value": 3.0,
            "min": 3.0,
            "max": 3.0,
            "count": 50
        },
        "HealthcareDDA.Environment.EpisodeLength.sum": {
            "value": 744.0,
            "min": 744.0,
            "max": 756.0,
            "count": 50
        },
        "HealthcareDDA.Step.mean": {
            "value": 49996.0,
            "min": 996.0,
            "max": 49996.0,
            "count": 50
        },
        "HealthcareDDA.Step.sum": {
            "value": 49996.0,
            "min": 996.0,
            "max": 49996.0,
            "count": 50
        },
        "HealthcareDDA.Policy.ExtrinsicValue.mean": {
            "value": 1.6858073472976685,
            "min": 0.3399176597595215,
            "max": 1.8363631963729858,
            "count": 50
        },
        "HealthcareDDA.Policy.ExtrinsicValue.sum": {
            "value": 421.45184326171875,
            "min": 84.63949584960938,
            "max": 459.0907897949219,
            "count": 50
        },
        "HealthcareDDA.Environment.CumulativeReward.mean": {
            "value": 3.1791613154411316,
            "min": 2.3853282517936814,
            "max": 3.2773758339881898,
            "count": 50
        },
        "HealthcareDDA.Environment.CumulativeReward.sum": {
            "value": 794.7903288602829,
            "min": 593.9467346966267,
            "max": 819.3439584970474,
            "count": 50
        },
        "HealthcareDDA.Policy.ExtrinsicReward.mean": {
            "value": 3.1791613154411316,
            "min": 2.3853282517936814,
            "max": 3.2773758339881898,
            "count": 50
        },
        "HealthcareDDA.Policy.ExtrinsicReward.sum": {
            "value": 794.7903288602829,
            "min": 593.9467346966267,
            "max": 819.3439584970474,
            "count": 50
        },
        "HealthcareDDA.Losses.ValueLoss.mean": {
            "value": 0.07004106519693729,
            "min": 0.05707838994921456,
            "max": 0.19614054769691494,
            "count": 50
        },
        "HealthcareDDA.Losses.ValueLoss.sum": {
            "value": 17.370184168840446,
            "min": 14.38375426720207,
            "max": 49.427418019622564,
            "count": 50
        },
        "HealthcareDDA.Policy.LearningRate.mean": {
            "value": 5.040098992e-06,
            "min": 5.040098992e-06,
            "max": 0.0004949383006074817,
            "count": 50
        },
        "HealthcareDDA.Policy.LearningRate.sum": {
            "value": 0.001249944550016,
            "min": 0.001249944550016,
            "max": 0.122249760250048,
            "count": 50
        },
        "HealthcareDDA.Policy.epsilon.mean": {
            "value": 0.05000000000000002,
            "min": 0.05,
            "max": 0.7810186234817814,
            "count": 50
        },
        "HealthcareDDA.Policy.epsilon.sum": {
            "value": 12.400000000000004,
            "min": 12.400000000000004,
            "max": 192.91160000000002,
            "count": 50
        },
        "HealthcareDDA.IsTraining.mean": {
            "value": 1.0,
            "min": 1.0,
            "max": 1.0,
            "count": 50
        },
        "HealthcareDDA.IsTraining.sum": {
            "value": 1.0,
            "min": 1.0,
            "max": 1.0,
            "count": 50
        }
    },
    "metadata": {
        "timer_format_version": "0.1.0",
        "start_time_seconds": "1747133521",
        "python_version": "3.10.12 (main, Jan  5 2025, 23:12:11) [GCC 14.1.1 20240522]",
        "command_line_arguments": "/home/samgomes/Documents/doutoramento/projects/iProlepsis/reps/healthcare-dda-mlagent/python-venv/bin/mlagents-learn config/dqn/HealthcareDDA.yaml --run-id=DQN_TK_Flares --force",
        "mlagents_version": "1.0.0",
        "mlagents_envs_version": "1.1.0",
        "communication_protocol_version": "1.5.0",
        "pytorch_version": "2.2.2+cu121",
        "numpy_version": "1.23.5",
        "end_time_seconds": "1747133678"
    },
    "total": 157.03660484600005,
    "count": 1,
    "self": 0.007451936002325965,
    "children": {
        "run_training.setup": {
            "total": 0.019017978998817853,
            "count": 1,
            "self": 0.019017978998817853
        },
        "TrainerController.start_learning": {
            "total": 157.0101349309989,
            "count": 1,
            "self": 0.26851725990309205,
            "children": {
                "TrainerController._reset_env": {
                    "total": 15.123259502999645,
                    "count": 1,
                    "self": 15.123259502999645
                },
                "TrainerController.advance": {
                    "total": 141.60567098409592,
                    "count": 12504,
                    "self": 0.24006343001929054,
                    "children": {
                        "env_step": {
                            "total": 47.38790729707034,
                            "count": 12504,
                            "self": 38.848235827912504,
                            "children": {
                                "SubprocessEnvManager._take_step": {
                                    "total": 8.395363262190585,
                                    "count": 12504,
                                    "self": 0.6788348441423295,
                                    "children": {
                                        "TorchPolicy.evaluate": {
                                            "total": 7.716528418048256,
                                            "count": 12504,
                                            "self": 7.716528418048256
                                        }
                                    }
                                },
                                "workers": {
                                    "total": 0.14430820696725277,
                                    "count": 12504,
                                    "self": 0.0,
                                    "children": {
                                        "worker_root": {
                                            "total": 156.6341689879264,
                                            "count": 12504,
                                            "is_parallel": true,
                                            "self": 129.59982252680493,
                                            "children": {
                                                "run_training.setup": {
                                                    "total": 0.0,
                                                    "count": 0,
                                                    "is_parallel": true,
                                                    "self": 0.0,
                                                    "children": {
                                                        "steps_from_proto": {
                                                            "total": 0.0009760399989318103,
                                                            "count": 1,
                                                            "is_parallel": true,
                                                            "self": 0.00044826999692304526,
                                                            "children": {
                                                                "_process_rank_one_or_two_observation": {
                                                                    "total": 0.000527770002008765,
                                                                    "count": 2,
                                                                    "is_parallel": true,