{
    "name": "root",
    "gauges": {
        "HealthcareDDA.Environment.EpisodeLength.mean": {
            "value": 3.0,
            "min": 3.0,
            "max": 3.0,
            "count": 50
        },
        "HealthcareDDA.Environment.EpisodeLength.sum": {
            "value": 744.0,
            "min": 744.0,
            "max": 756.0,
            "count": 50
        },
        "HealthcareDDA.Step.mean": {
            "value": 49996.0,
            "min": 996.0,
            "max": 49996.0,
            "count": 50
        },
        "HealthcareDDA.Step.sum": {
            "value": 49996.0,
            "min": 996.0,
            "max": 49996.0,
            "count": 50
        },
        "HealthcareDDA.Policy.ExtrinsicValue.mean": {
            "value": 1.1590102910995483,
            "min": 0.19063259661197662,
            "max": 1.3366538286209106,
            "count": 50
        },
        "HealthcareDDA.Policy.ExtrinsicValue.sum": {
            "value": 289.7525634765625,
            "min": 47.4675178527832,
            "max": 334.1634521484375,
            "count": 50
        },
        "HealthcareDDA.Environment.CumulativeReward.mean": {
            "value": 2.187508879184723,
            "min": 1.6404637195259693,
            "max": 2.291007030010223,
            "count": 50
        },
        "HealthcareDDA.Environment.CumulativeReward.sum": {
            "value": 546.8772197961807,
            "min": 408.4754661619663,
            "max": 572.7517575025558,
            "count": 50
        },
        "HealthcareDDA.Policy.ExtrinsicReward.mean": {
            "value": 2.187508879184723,
            "min": 1.6404637195259693,
            "max": 2.291007030010223,
            "count": 50
        },
        "HealthcareDDA.Policy.ExtrinsicReward.sum": {
            "value": 546.8772197961807,
            "min": 408.4754661619663,
            "max": 572.7517575025558,
            "count": 50
        },
        "HealthcareDDA.Losses.ValueLoss.mean": {
            "value": 0.052216712753438664,
            "min": 0.028267338646242812,
            "max": 0.08540654245138209,
            "count": 50
        },
        "HealthcareDDA.Losses.ValueLoss.sum": {
            "value": 12.949744762852788,
            "min": 6.982032645621975,
            "max": 21.522448697748285,
            "count": 50
        },
        "HealthcareDDA.Policy.LearningRate.mean": {
            "value": 0.0007500000000000002,
            "min": 0.0007500000000000001,
            "max": 0.0007500000000000002,
            "count": 50
        },
        "HealthcareDDA.Policy.LearningRate.sum": {
            "value": 0.18600000000000005,
            "min": 0.18525000000000005,
            "max": 0.18900000000000003,
            "count": 50
        },
        "HealthcareDDA.Policy.epsilon.mean": {
            "value": 0.05000000000000002,
            "min": 0.05,
            "max": 0.7809748987854253,
            "count": 50
        },
        "HealthcareDDA.Policy.epsilon.sum": {
            "value": 12.400000000000004,
            "min": 12.400000000000004,
            "max": 192.90080000000003,
            "count": 50
        },
        "HealthcareDDA.IsTraining.mean": {
            "value": 1.0,
            "min": 1.0,
            "max": 1.0,
            "count": 50
        },
        "HealthcareDDA.IsTraining.sum": {
            "value": 1.0,
            "min": 1.0,
            "max": 1.0,
            "count": 50
        }
    },
    "metadata": {
        "timer_format_version": "0.1.0",
        "start_time_seconds": "1748010767",
        "python_version": "3.10.12 (main, Jan  5 2025, 23:12:11) [GCC 14.1.1 20240522]",
        "command_line_arguments": "/home/samgomes/Documents/doutoramento/projects/iProlepsis/reps/healthcare-dda-mlagent/python-venv/bin/mlagents-learn config/dqn/HealthcareDDA.yaml --run-id=DQN_MBS_Flares --force",
        "mlagents_version": "1.0.0",
        "mlagents_envs_version": "1.1.0",
        "communication_protocol_version": "1.5.0",
        "pytorch_version": "2.2.2+cu121",
        "numpy_version": "1.23.5",
        "end_time_seconds": "1748010977"
    },
    "total": 210.64320960499936,
    "count": 1,
    "self": 0.011623884998698486,
    "children": {
        "run_training.setup": {
            "total": 0.017121118999057217,
            "count": 1,
            "self": 0.017121118999057217
        },
        "TrainerController.start_learning": {
            "total": 210.6144646010016,
            "count": 1,
            "self": 0.3096971621598641,
            "children": {
                "TrainerController._reset_env": {
                    "total": 13.733726409000155,
                    "count": 1,
                    "self": 13.733726409000155
                },
                "TrainerController.advance": {
                    "total": 196.53466151183966,
                    "count": 12504,
                    "self": 0.2736016359231144,
                    "children": {
                        "env_step": {
                            "total": 60.26578105881708,
                            "count": 12504,
                            "self": 50.08011726807672,
                            "children": {
                                "SubprocessEnvManager._take_step": {
                                    "total": 10.008819645721815,
                                    "count": 12504,
                                    "self": 0.7540111546695698,
                                    "children": {
                                        "TorchPolicy.evaluate": {
                                            "total": 9.254808491052245,
                                            "count": 12504,
                                            "self": 9.254808491052245
                                        }
                                    }
                                },
                                "workers": {
                                    "total": 0.17684414501854917,
                                    "count": 12504,
                                    "self": 0.0,
                                    "children": {
                                        "worker_root": {
                                            "total": 210.17829354110836,
                                            "count": 12504,
                                            "is_parallel": true,
                                            "self": 173.17785808624285,
                                            "children": {
                                                "run_training.setup": {
                                                    "total": 0.0,
                                                    "count": 0,
                                                    "is_parallel": true,
                                                    "self": 0.0,
                                                    "children": {
                                                        "steps_from_proto": {
                                                            "total": 0.0008109869995678309,
                                                            "count": 1,
                                                            "is_parallel": true,
                                                            "self": 0.0003889479994541034,
                                                            "children": {
                                                                "_process_rank_one_or_two_observation": {
                                                                    "total": 0.0004220390001137275,
                                                                    "count": 2,
                                                                    "is_parallel": true,