{
    "name": "root",
    "gauges": {
        "HealthcareDDA.Policy.Entropy.mean": {
            "value": 0.015438518486917019,
            "min": 0.015438518486917019,
            "max": 1.287917971611023,
            "count": 30
        },
        "HealthcareDDA.Policy.Entropy.sum": {
            "value": 15.438518524169922,
            "min": 15.438518524169922,
            "max": 1287.91796875,
            "count": 30
        },
        "HealthcareDDA.Environment.EpisodeLength.mean": {
            "value": 4.0,
            "min": 4.0,
            "max": 4.0,
            "count": 30
        },
        "HealthcareDDA.Environment.EpisodeLength.sum": {
            "value": 800.0,
            "min": 800.0,
            "max": 800.0,
            "count": 30
        },
        "HealthcareDDA.Step.mean": {
            "value": 29995.0,
            "min": 995.0,
            "max": 29995.0,
            "count": 30
        },
        "HealthcareDDA.Step.sum": {
            "value": 29995.0,
            "min": 995.0,
            "max": 29995.0,
            "count": 30
        },
        "HealthcareDDA.Policy.ExtrinsicValueEstimate.mean": {
            "value": 0.4812977910041809,
            "min": 0.1798812597990036,
            "max": 0.48575153946876526,
            "count": 30
        },
        "HealthcareDDA.Policy.ExtrinsicValueEstimate.sum": {
            "value": 96.25955963134766,
            "min": 35.79637145996094,
            "max": 97.15030670166016,
            "count": 30
        },
        "HealthcareDDA.Environment.CumulativeReward.mean": {
            "value": 0.5319053754210472,
            "min": 0.3441960828088636,
            "max": 0.5351458090543747,
            "count": 30
        },
        "HealthcareDDA.Environment.CumulativeReward.sum": {
            "value": 106.38107508420944,
            "min": 68.49502047896385,
            "max": 107.02916181087494,
            "count": 30
        },
        "HealthcareDDA.Policy.ExtrinsicReward.mean": {
            "value": 0.5319053754210472,
            "min": 0.3441960828088636,
            "max": 0.5351458090543747,
            "count": 30
        },
        "HealthcareDDA.Policy.ExtrinsicReward.sum": {
            "value": 106.38107508420944,
            "min": 68.49502047896385,
            "max": 107.02916181087494,
            "count": 30
        },
        "HealthcareDDA.Losses.PolicyLoss.mean": {
            "value": 0.12285881231461342,
            "min": 0.11011238413630052,
            "max": 0.15040110172897886,
            "count": 30
        },
        "HealthcareDDA.Losses.PolicyLoss.sum": {
            "value": 0.49143524925845367,
            "min": 0.35930186436356354,
            "max": 0.6016044069159154,
            "count": 30
        },
        "HealthcareDDA.Losses.ValueLoss.mean": {
            "value": 0.0004896798700428917,
            "min": 0.0004386623497541424,
            "max": 0.021972993026591014,
            "count": 30
        },
        "HealthcareDDA.Losses.ValueLoss.sum": {
            "value": 0.001958719480171567,
            "min": 0.0013159870492624273,
            "max": 0.06591897907977304,
            "count": 30
        },
        "HealthcareDDA.Policy.LearningRate.mean": {
            "value": 3.2667650333333345e-06,
            "min": 3.2667650333333345e-06,
            "max": 0.00019653333506666664,
            "count": 30
        },
        "HealthcareDDA.Policy.LearningRate.sum": {
            "value": 1.3067060133333338e-05,
            "min": 1.3067060133333338e-05,
            "max": 0.0007618666857333333,
            "count": 30
        },
        "HealthcareDDA.Policy.Epsilon.mean": {
            "value": 0.10490000000000001,
            "min": 0.10490000000000001,
            "max": 0.39480000000000004,
            "count": 30
        },
        "HealthcareDDA.Policy.Epsilon.sum": {
            "value": 0.41960000000000003,
            "min": 0.41960000000000003,
            "max": 1.5428,
            "count": 30
        },
        "HealthcareDDA.Policy.Beta.mean": {
            "value": 0.00017317000000000008,
            "min": 0.00017317000000000008,
            "max": 0.00982684,
            "count": 30
        },
        "HealthcareDDA.Policy.Beta.sum": {
            "value": 0.0006926800000000003,
            "min": 0.0006926800000000003,
            "max": 0.03809524,
            "count": 30
        },
        "HealthcareDDA.IsTraining.mean": {
            "value": 1.0,
            "min": 1.0,
            "max": 1.0,
            "count": 30
        },
        "HealthcareDDA.IsTraining.sum": {
            "value": 1.0,
            "min": 1.0,
            "max": 1.0,
            "count": 30
        }
    },
    "metadata": {
        "timer_format_version": "0.1.0",
        "start_time_seconds": "1743620231",
        "python_version": "3.10.12 (main, Jan  5 2025, 23:12:11) [GCC 14.1.1 20240522]",
        "command_line_arguments": "/home/samgomes/Documents/doutoramento/projects/iProlepsis/reps/healthcare-dda-mlagent/python-venv/bin/mlagents-learn config/ppo/HealthcareDDA.yaml --run-id=firstHealthcareDDARun --force",
        "mlagents_version": "1.1.0",
        "mlagents_envs_version": "1.1.0",
        "communication_protocol_version": "1.5.0",
        "pytorch_version": "2.2.2+cu121",
        "numpy_version": "1.23.5",
        "end_time_seconds": "1743620313"
    },
    "total": 82.26684250800099,
    "count": 1,
    "self": 0.007214267003291752,
    "children": {
        "run_training.setup": {
            "total": 0.022085239997977624,
            "count": 1,
            "self": 0.022085239997977624
        },
        "TrainerController.start_learning": {
            "total": 82.23754300099972,
            "count": 1,
            "self": 0.17677263198129367,
            "children": {
                "TrainerController._reset_env": {
                    "total": 9.693864167998981,
                    "count": 1,
                    "self": 9.693864167998981
                },
                "TrainerController.advance": {
                    "total": 72.3096723700146,
                    "count": 7505,
                    "self": 0.16092931565071922,
                    "children": {
                        "env_step": {
                            "total": 41.75628469615549,
                            "count": 7505,
                            "self": 32.14430797197929,
                            "children": {
                                "SubprocessEnvManager._take_step": {
                                    "total": 9.511235287907766,
                                    "count": 7505,
                                    "self": 0.4463015629153233,
                                    "children": {
                                        "TorchPolicy.evaluate": {
                                            "total": 9.064933724992443,
                                            "count": 7505,
                                            "self": 9.064933724992443
                                        }
                                    }
                                },
                                "workers": {
                                    "total": 0.10074143626843579,
                                    "count": 7505,
                                    "self": 0.0,
                                    "children": {
                                        "worker_root": {
                                            "total": 81.95552884297285,
                                            "count": 7505,
                                            "is_parallel": true,
                                            "self": 58.06231636114899,
                                            "children": {
                                                "run_training.setup": {
                                                    "total": 0.0,
                                                    "count": 0,