{
    "name": "root",
    "gauges": {
        "HealthcareDDA.Environment.EpisodeLength.mean": {
            "value": 3.0,
            "min": 3.0,
            "max": 3.0,
            "count": 50
        },
        "HealthcareDDA.Environment.EpisodeLength.sum": {
            "value": 744.0,
            "min": 744.0,
            "max": 756.0,
            "count": 50
        },
        "HealthcareDDA.Step.mean": {
            "value": 49996.0,
            "min": 996.0,
            "max": 49996.0,
            "count": 50
        },
        "HealthcareDDA.Step.sum": {
            "value": 49996.0,
            "min": 996.0,
            "max": 49996.0,
            "count": 50
        },
        "HealthcareDDA.Policy.ExtrinsicValue.mean": {
            "value": 1.2056772708892822,
            "min": 0.15954196453094482,
            "max": 1.409340262413025,
            "count": 50
        },
        "HealthcareDDA.Policy.ExtrinsicValue.sum": {
            "value": 301.4193115234375,
            "min": 39.725948333740234,
            "max": 352.3350524902344,
            "count": 50
        },
        "HealthcareDDA.Environment.CumulativeReward.mean": {
            "value": 2.2968459672927857,
            "min": 1.76410302842956,
            "max": 2.4878723406791687,
            "count": 50
        },
        "HealthcareDDA.Environment.CumulativeReward.sum": {
            "value": 574.2114918231964,
            "min": 439.2616540789604,
            "max": 621.9680851697922,
            "count": 50
        },
        "HealthcareDDA.Policy.ExtrinsicReward.mean": {
            "value": 2.2968459672927857,
            "min": 1.76410302842956,
            "max": 2.4878723406791687,
            "count": 50
        },
        "HealthcareDDA.Policy.ExtrinsicReward.sum": {
            "value": 574.2114918231964,
            "min": 439.2616540789604,
            "max": 621.9680851697922,
            "count": 50
        },
        "HealthcareDDA.Losses.ValueLoss.mean": {
            "value": 0.03341496212787235,
            "min": 0.018641481423632256,
            "max": 0.11643158992494568,
            "count": 50
        },
        "HealthcareDDA.Losses.ValueLoss.sum": {
            "value": 8.286910607712343,
            "min": 4.697653318755329,
            "max": 28.875034301386528,
            "count": 50
        },
        "HealthcareDDA.Policy.LearningRate.mean": {
            "value": 0.0005000000000000002,
            "min": 0.0005000000000000001,
            "max": 0.0005000000000000002,
            "count": 50
        },
        "HealthcareDDA.Policy.LearningRate.sum": {
            "value": 0.12400000000000005,
            "min": 0.12350000000000005,
            "max": 0.12600000000000003,
            "count": 50
        },
        "HealthcareDDA.Policy.epsilon.mean": {
            "value": 0.05000000000000002,
            "min": 0.05,
            "max": 0.7810186234817814,
            "count": 50
        },
        "HealthcareDDA.Policy.epsilon.sum": {
            "value": 12.400000000000004,
            "min": 12.400000000000004,
            "max": 192.91160000000002,
            "count": 50
        },
        "HealthcareDDA.IsTraining.mean": {
            "value": 1.0,
            "min": 1.0,
            "max": 1.0,
            "count": 50
        },
        "HealthcareDDA.IsTraining.sum": {
            "value": 1.0,
            "min": 1.0,
            "max": 1.0,
            "count": 50
        }
    },
    "metadata": {
        "timer_format_version": "0.1.0",
        "start_time_seconds": "1746715458",
        "python_version": "3.10.12 (main, Jan  5 2025, 23:12:11) [GCC 14.1.1 20240522]",
        "command_line_arguments": "/home/samgomes/Documents/doutoramento/projects/iProlepsis/reps/healthcare-dda-mlagent/python-venv/bin/mlagents-learn config/dqn/HealthcareDDA.yaml --run-id=DQN_TK_No_Flares --force",
        "mlagents_version": "1.0.0",
        "mlagents_envs_version": "1.1.0",
        "communication_protocol_version": "1.5.0",
        "pytorch_version": "2.2.2+cu121",
        "numpy_version": "1.23.5",
        "end_time_seconds": "1746715658"
    },
    "total": 200.4179605299978,
    "count": 1,
    "self": 0.009575111995218322,
    "children": {
        "run_training.setup": {
            "total": 0.023596338000061223,
            "count": 1,
            "self": 0.023596338000061223
        },
        "TrainerController.start_learning": {
            "total": 200.38478908000252,
            "count": 1,
            "self": 0.4030850989074679,
            "children": {
                "TrainerController._reset_env": {
                    "total": 9.64135747399996,
                    "count": 1,
                    "self": 9.64135747399996
                },
                "TrainerController.advance": {
                    "total": 190.32598920609598,
                    "count": 12504,
                    "self": 0.34606155716755893,
                    "children": {
                        "env_step": {
                            "total": 64.55222533514825,
                            "count": 12504,
                            "self": 51.8022888139858,
                            "children": {
                                "SubprocessEnvManager._take_step": {
                                    "total": 12.53912623701035,
                                    "count": 12504,
                                    "self": 0.9988760902488139,
                                    "children": {
                                        "TorchPolicy.evaluate": {
                                            "total": 11.540250146761537,
                                            "count": 12504,
                                            "self": 11.540250146761537
                                        }
                                    }
                                },
                                "workers": {
                                    "total": 0.21081028415210312,
                                    "count": 12504,
                                    "self": 0.0,
                                    "children": {
                                        "worker_root": {
                                            "total": 199.9292643779445,
                                            "count": 12504,
                                            "is_parallel": true,
                                            "self": 164.55239227184938,
                                            "children": {
                                                "run_training.setup": {
                                                    "total": 0.0,
                                                    "count": 0,
                                                    "is_parallel": true,
                                                    "self": 0.0,
                                                    "children": {
                                                        "steps_from_proto": {
                                                            "total": 0.0009823229993344285,
                                                            "count": 1,
                                                            "is_parallel": true,
                                                            "self": 0.0004536119959084317,
                                                            "children": {
                                                                "_process_rank_one_or_two_observation": {
                                                                    "total": 0.0005287110034259968,
                                                                    "count": 2,
                                                                    "is_parallel": true,