{
    "name": "root",
    "gauges": {
        "HealthcareDDA.Policy.Entropy.mean": {
            "value": 0.054687801748514175,
            "min": 0.05072775483131409,
            "max": 1.3748524188995361,
            "count": 50
        },
        "HealthcareDDA.Policy.Entropy.sum": {
            "value": 54.25029754638672,
            "min": 51.133575439453125,
            "max": 1385.8511962890625,
            "count": 50
        },
        "HealthcareDDA.Environment.EpisodeLength.mean": {
            "value": 3.0,
            "min": 3.0,
            "max": 3.0,
            "count": 50
        },
        "HealthcareDDA.Environment.EpisodeLength.sum": {
            "value": 744.0,
            "min": 744.0,
            "max": 756.0,
            "count": 50
        },
        "HealthcareDDA.Step.mean": {
            "value": 49996.0,
            "min": 996.0,
            "max": 49996.0,
            "count": 50
        },
        "HealthcareDDA.Step.sum": {
            "value": 49996.0,
            "min": 996.0,
            "max": 49996.0,
            "count": 50
        },
        "HealthcareDDA.Policy.ExtrinsicValueEstimate.mean": {
            "value": 1.5568382740020752,
            "min": 0.370164692401886,
            "max": 1.5736953020095825,
            "count": 50
        },
        "HealthcareDDA.Policy.ExtrinsicValueEstimate.sum": {
            "value": 389.2095642089844,
            "min": 92.17100524902344,
            "max": 393.423828125,
            "count": 50
        },
        "HealthcareDDA.Environment.CumulativeReward.mean": {
            "value": 2.41238152885437,
            "min": 1.5954416219489163,
            "max": 2.43108259677887,
            "count": 50
        },
        "HealthcareDDA.Environment.CumulativeReward.sum": {
            "value": 603.0953822135925,
            "min": 397.26496386528015,
            "max": 607.7706491947174,
            "count": 50
        },
        "HealthcareDDA.Policy.ExtrinsicReward.mean": {
            "value": 2.41238152885437,
            "min": 1.5954416219489163,
            "max": 2.43108259677887,
            "count": 50
        },
        "HealthcareDDA.Policy.ExtrinsicReward.sum": {
            "value": 603.0953822135925,
            "min": 397.26496386528015,
            "max": 607.7706491947174,
            "count": 50
        },
        "HealthcareDDA.Losses.PolicyLoss.mean": {
            "value": 0.10498639058399324,
            "min": 0.07067887671291828,
            "max": 0.1273096043150872,
            "count": 50
        },
        "HealthcareDDA.Losses.PolicyLoss.sum": {
            "value": 0.20997278116798648,
            "min": 0.07067887671291828,
            "max": 0.2546192086301744,
            "count": 50
        },
        "HealthcareDDA.Losses.ValueLoss.mean": {
            "value": 0.07431972523530325,
            "min": 0.07013218197971582,
            "max": 0.38775657179454964,
            "count": 50
        },
        "HealthcareDDA.Losses.ValueLoss.sum": {
            "value": 0.1486394504706065,
            "min": 0.07013218197971582,
            "max": 0.38775657179454964,
            "count": 50
        },
        "HealthcareDDA.Policy.LearningRate.mean": {
            "value": 6.32009873600002e-06,
            "min": 6.32009873600002e-06,
            "max": 0.000494720001056,
            "count": 50
        },
        "HealthcareDDA.Policy.LearningRate.sum": {
            "value": 1.264019747200004e-05,
            "min": 1.264019747200004e-05,
            "max": 0.00097360000528,
            "count": 50
        },
        "HealthcareDDA.Policy.Epsilon.mean": {
            "value": 0.10379200000000002,
            "min": 0.10379200000000002,
            "max": 0.3968320000000001,
            "count": 50
        },
        "HealthcareDDA.Policy.Epsilon.sum": {
            "value": 0.20758400000000005,
            "min": 0.11488,
            "max": 0.78416,
            "count": 50
        },
        "HealthcareDDA.Policy.Beta.mean": {
            "value": 0.0001362736000000004,
            "min": 0.0001362736000000004,
            "max": 0.0098945056,
            "count": 50
        },
        "HealthcareDDA.Policy.Beta.sum": {
            "value": 0.0002725472000000008,
            "min": 0.0002725472000000008,
            "max": 0.019472528,
            "count": 50
        },
        "HealthcareDDA.IsTraining.mean": {
            "value": 1.0,
            "min": 1.0,
            "max": 1.0,
            "count": 50
        },
        "HealthcareDDA.IsTraining.sum": {
            "value": 1.0,
            "min": 1.0,
            "max": 1.0,
            "count": 50
        }
    },
    "metadata": {
        "timer_format_version": "0.1.0",
        "start_time_seconds": "1747842585",
        "python_version": "3.10.12 (main, Jan  5 2025, 23:12:11) [GCC 14.1.1 20240522]",
        "command_line_arguments": "/home/samgomes/Documents/doutoramento/projects/iProlepsis/reps/healthcare-dda-mlagent/python-venv/bin/mlagents-learn config/ppo/HealthcareDDA.yaml --run-id=PPO_MBS_Flares --force",
        "mlagents_version": "1.0.0",
        "mlagents_envs_version": "1.1.0",
        "communication_protocol_version": "1.5.0",
        "pytorch_version": "2.2.2+cu121",
        "numpy_version": "1.23.5",
        "end_time_seconds": "1747842732"
    },
    "total": 146.74487564299852,
    "count": 1,
    "self": 0.006956774996069726,
    "children": {
        "run_training.setup": {
            "total": 0.020541469999443507,
            "count": 1,
            "self": 0.020541469999443507
        },
        "TrainerController.start_learning": {
            "total": 146.717377398003,
            "count": 1,
            "self": 0.35777819816212286,
            "children": {
                "TrainerController._reset_env": {
                    "total": 10.602707904999988,
                    "count": 1,
                    "self": 10.602707904999988
                },
                "TrainerController.advance": {
                    "total": 135.69502334183926,
                    "count": 12504,
                    "self": 0.3257610766304424,
                    "children": {
                        "env_step": {
                            "total": 79.06927408609045,
                            "count": 12504,
                            "self": 58.70677848910054,
                            "children": {
                                "SubprocessEnvManager._take_step": {
                                    "total": 20.171287272962218,
                                    "count": 12504,
                                    "self": 0.9465547731233528,
                                    "children": {
                                        "TorchPolicy.evaluate": {
                                            "total": 19.224732499838865,
                                            "count": 12504,
                                            "self": 19.224732499838865
                                        }
                                    }
                                },
                                "workers": {
                                    "total": 0.19120832402768428,
                                    "count": 12504,
                                    "self": 0.0,
                                    "children": {
                                        "worker_root": {
                                            "total": 146.21410996580016,
                                            "count": 12504,
                                            "is_parallel": true,
                                            "self": 104.11523976069657,
                                            "children": {
                                                "run_training.setup": {
                                                    "total": 0.0,
                                                    "count": 0,