{
    "name": "root",
    "gauges": {
        "HealthcareDDA.Policy.Entropy.mean": {
            "value": 0.3607826232910156,
            "min": 0.12174399942159653,
            "max": 1.513197422027588,
            "count": 50
        },
        "HealthcareDDA.Policy.Entropy.sum": {
            "value": 357.8963623046875,
            "min": 120.77005004882812,
            "max": 1525.302978515625,
            "count": 50
        },
        "HealthcareDDA.Environment.EpisodeLength.mean": {
            "value": 3.0,
            "min": 3.0,
            "max": 3.0,
            "count": 50
        },
        "HealthcareDDA.Environment.EpisodeLength.sum": {
            "value": 744.0,
            "min": 744.0,
            "max": 756.0,
            "count": 50
        },
        "HealthcareDDA.Step.mean": {
            "value": 49996.0,
            "min": 996.0,
            "max": 49996.0,
            "count": 50
        },
        "HealthcareDDA.Step.sum": {
            "value": 49996.0,
            "min": 996.0,
            "max": 49996.0,
            "count": 50
        },
        "HealthcareDDA.Policy.ExtrinsicValue.mean": {
            "value": 2.2329516410827637,
            "min": 1.5985069274902344,
            "max": 2.9611806869506836,
            "count": 50
        },
        "HealthcareDDA.Policy.ExtrinsicValue.sum": {
            "value": 558.2379150390625,
            "min": 398.0282287597656,
            "max": 740.295166015625,
            "count": 50
        },
        "HealthcareDDA.Environment.CumulativeReward.mean": {
            "value": 3.3406737015247345,
            "min": 2.5277909317016602,
            "max": 3.4954520359039307,
            "count": 50
        },
        "HealthcareDDA.Environment.CumulativeReward.sum": {
            "value": 835.1684253811836,
            "min": 631.947732925415,
            "max": 873.8630089759827,
            "count": 50
        },
        "HealthcareDDA.Policy.ExtrinsicReward.mean": {
            "value": 3.3406737015247345,
            "min": 2.5277909317016602,
            "max": 3.4954520359039307,
            "count": 50
        },
        "HealthcareDDA.Policy.ExtrinsicReward.sum": {
            "value": 835.1684253811836,
            "min": 631.947732925415,
            "max": 873.8630089759827,
            "count": 50
        },
        "HealthcareDDA.Losses.PolicyLoss.mean": {
            "value": -2.255415881633438,
            "min": -2.9746153058198392,
            "max": -1.7465008351490037,
            "count": 50
        },
        "HealthcareDDA.Losses.PolicyLoss.sum": {
            "value": -559.3431386450926,
            "min": -749.6030570665995,
            "max": -431.3857062818039,
            "count": 50
        },
        "HealthcareDDA.Losses.ValueLoss.mean": {
            "value": 0.0033115295305266358,
            "min": 0.0015859934727134432,
            "max": 0.0319009508407315,
            "count": 50
        },
        "HealthcareDDA.Losses.ValueLoss.sum": {
            "value": 0.8212593235706057,
            "min": 0.3933263812329339,
            "max": 7.879534857660681,
            "count": 50
        },
        "HealthcareDDA.Losses.Q1Loss.mean": {
            "value": 0.07862684696785084,
            "min": 0.04709680190263069,
            "max": 0.3156242638175923,
            "count": 50
        },
        "HealthcareDDA.Losses.Q1Loss.sum": {
            "value": 19.49945804802701,
            "min": 11.868394079462934,
            "max": 79.53731448203325,
            "count": 50
        },
        "HealthcareDDA.Losses.Q2Loss.mean": {
            "value": 0.07862505767499448,
            "min": 0.046799235533129556,
            "max": 0.3102242251828549,
            "count": 50
        },
        "HealthcareDDA.Losses.Q2Loss.sum": {
            "value": 19.49901430339863,
            "min": 11.793407354348648,
            "max": 78.17650474607944,
            "count": 50
        },
        "HealthcareDDA.Policy.DiscreteEntropyCoeff.mean": {
            "value": 0.06098883221757108,
            "min": 0.042515826567997614,
            "max": 0.4708101217017506,
            "count": 50
        },
        "HealthcareDDA.Policy.DiscreteEntropyCoeff.sum": {
            "value": 15.125230389957627,
            "min": 10.7139882951354,
            "max": 116.29010006033239,
            "count": 50
        },
        "HealthcareDDA.Policy.ContinuousEntropyCoeff.mean": {
            "value": 0.5,
            "min": 0.5,
            "max": 0.5,
            "count": 50
        },
        "HealthcareDDA.Policy.ContinuousEntropyCoeff.sum": {
            "value": 124.0,
            "min": 123.5,
            "max": 126.0,
            "count": 50
        },
        "HealthcareDDA.Policy.LearningRate.mean": {
            "value": 0.0005000000000000002,
            "min": 0.0005000000000000001,
            "max": 0.0005000000000000002,
            "count": 50
        },
        "HealthcareDDA.Policy.LearningRate.sum": {
            "value": 0.12400000000000005,
            "min": 0.12350000000000005,
            "max": 0.12600000000000003,
            "count": 50
        },
        "HealthcareDDA.IsTraining.mean": {
            "value": 1.0,
            "min": 1.0,
            "max": 1.0,
            "count": 50
        },
        "HealthcareDDA.IsTraining.sum": {
            "value": 1.0,
            "min": 1.0,
            "max": 1.0,
            "count": 50
        }
    },
    "metadata": {
        "timer_format_version": "0.1.0",
        "start_time_seconds": "1746723707",
        "python_version": "3.10.12 (main, Jan  5 2025, 23:12:11) [GCC 14.1.1 20240522]",
        "command_line_arguments": "/home/samgomes/Documents/doutoramento/projects/iProlepsis/reps/healthcare-dda-mlagent/python-venv/bin/mlagents-learn config/sac/HealthcareDDA.yaml --run-id=SAC_TK_Flares --force",
        "mlagents_version": "1.0.0",
        "mlagents_envs_version": "1.1.0",
        "communication_protocol_version": "1.5.0",
        "pytorch_version": "2.2.2+cu121",
        "numpy_version": "1.23.5",
        "end_time_seconds": "1746724019"
    },
    "total": 312.12075812600233,
    "count": 1,
    "self": 0.008495274007145781,
    "children": {
        "run_training.setup": {
            "total": 0.02085758799876203,
            "count": 1,
            "self": 0.02085758799876203
        },
        "TrainerController.start_learning": {
            "total": 312.0914052639964,
            "count": 1,
            "self": 0.3290538569162891,
            "children": {
                "TrainerController._reset_env": {
                    "total": 12.566635462000704,
                    "count": 1,
                    "self": 12.566635462000704
                },
                "TrainerController.advance": {
                    "total": 299.12672668207597,
                    "count": 12504,
                    "self": 0.29066372479428537,
                    "children": {
                        "env_step": {
                            "total": 60.90494196500367,
                            "count": 12504,
                            "self": 43.99149719097841,
                            "children": {
                                "SubprocessEnvManager._take_step": {
                                    "total": 16.730964170932566,
                                    "count": 12504,
                                    "self": 0.7859186609348399,
                                    "children": {
                                        "TorchPolicy.evaluate": {
                                            "total": 15.945045509997726,
                                            "count": 12504,
                                            "self": 15.945045509997726
                                        }
                                    }
                                },
                                "workers": {
                                    "total": 0.1824806030926993,