{
    "name": "root",
    "gauges": {
        "HealthcareDDA.Policy.Entropy.mean": {
            "value": 0.0009336948860436678,
            "min": 0.0007250197231769562,
            "max": 1.342445969581604,
            "count": 50
        },
        "HealthcareDDA.Policy.Entropy.sum": {
            "value": 0.9262253046035767,
            "min": 0.7192195653915405,
            "max": 1353.185546875,
            "count": 50
        },
        "HealthcareDDA.Environment.EpisodeLength.mean": {
            "value": 3.0,
            "min": 3.0,
            "max": 3.0,
            "count": 50
        },
        "HealthcareDDA.Environment.EpisodeLength.sum": {
            "value": 744.0,
            "min": 744.0,
            "max": 756.0,
            "count": 50
        },
        "HealthcareDDA.Step.mean": {
            "value": 49996.0,
            "min": 996.0,
            "max": 49996.0,
            "count": 50
        },
        "HealthcareDDA.Step.sum": {
            "value": 49996.0,
            "min": 996.0,
            "max": 49996.0,
            "count": 50
        },
        "HealthcareDDA.Policy.ExtrinsicValueEstimate.mean": {
            "value": 2.0732035636901855,
            "min": 0.30543237924575806,
            "max": 2.1001410484313965,
            "count": 50
        },
        "HealthcareDDA.Policy.ExtrinsicValueEstimate.sum": {
            "value": 518.3009033203125,
            "min": 76.05266571044922,
            "max": 525.0352783203125,
            "count": 50
        },
        "HealthcareDDA.Environment.CumulativeReward.mean": {
            "value": 3.1473914432525634,
            "min": 1.4502931432312272,
            "max": 3.1579346771240235,
            "count": 50
        },
        "HealthcareDDA.Environment.CumulativeReward.sum": {
            "value": 786.8478608131409,
            "min": 361.1229926645756,
            "max": 789.4836692810059,
            "count": 50
        },
        "HealthcareDDA.Policy.ExtrinsicReward.mean": {
            "value": 3.1473914432525634,
            "min": 1.4502931432312272,
            "max": 3.1579346771240235,
            "count": 50
        },
        "HealthcareDDA.Policy.ExtrinsicReward.sum": {
            "value": 786.8478608131409,
            "min": 361.1229926645756,
            "max": 789.4836692810059,
            "count": 50
        },
        "HealthcareDDA.Losses.PolicyLoss.mean": {
            "value": 0.10786491826487085,
            "min": 0.0718370303705645,
            "max": 0.11776617801903436,
            "count": 50
        },
        "HealthcareDDA.Losses.PolicyLoss.sum": {
            "value": 0.2157298365297417,
            "min": 0.07946713897399604,
            "max": 0.2355323560380687,
            "count": 50
        },
        "HealthcareDDA.Losses.ValueLoss.mean": {
            "value": 0.13769553027426204,
            "min": 0.1319793894266089,
            "max": 0.47358249376217526,
            "count": 50
        },
        "HealthcareDDA.Losses.ValueLoss.sum": {
            "value": 0.2753910605485241,
            "min": 0.1319793894266089,
            "max": 0.8874795294056337,
            "count": 50
        },
        "HealthcareDDA.Policy.LearningRate.mean": {
            "value": 6.32009873600002e-06,
            "min": 6.32009873600002e-06,
            "max": 0.000494720001056,
            "count": 50
        },
        "HealthcareDDA.Policy.LearningRate.sum": {
            "value": 1.264019747200004e-05,
            "min": 1.264019747200004e-05,
            "max": 0.00097360000528,
            "count": 50
        },
        "HealthcareDDA.Policy.Epsilon.mean": {
            "value": 0.10379200000000002,
            "min": 0.10379200000000002,
            "max": 0.3968320000000001,
            "count": 50
        },
        "HealthcareDDA.Policy.Epsilon.sum": {
            "value": 0.20758400000000005,
            "min": 0.11488,
            "max": 0.78416,
            "count": 50
        },
        "HealthcareDDA.Policy.Beta.mean": {
            "value": 0.0001362736000000004,
            "min": 0.0001362736000000004,
            "max": 0.0098945056,
            "count": 50
        },
        "HealthcareDDA.Policy.Beta.sum": {
            "value": 0.0002725472000000008,
            "min": 0.0002725472000000008,
            "max": 0.019472528,
            "count": 50
        },
        "HealthcareDDA.IsTraining.mean": {
            "value": 1.0,
            "min": 1.0,
            "max": 1.0,
            "count": 50
        },
        "HealthcareDDA.IsTraining.sum": {
            "value": 1.0,
            "min": 1.0,
            "max": 1.0,
            "count": 50
        }
    },
    "metadata": {
        "timer_format_version": "0.1.0",
        "start_time_seconds": "1747848594",
        "python_version": "3.10.12 (main, Jan  5 2025, 23:12:11) [GCC 14.1.1 20240522]",
        "command_line_arguments": "/home/samgomes/Documents/doutoramento/projects/iProlepsis/reps/healthcare-dda-mlagent/python-venv/bin/mlagents-learn config/ppo/HealthcareDDA.yaml --run-id=PPO_MBS_Flares_HC1 --force",
        "mlagents_version": "1.0.0",
        "mlagents_envs_version": "1.1.0",
        "communication_protocol_version": "1.5.0",
        "pytorch_version": "2.2.2+cu121",
        "numpy_version": "1.23.5",
        "end_time_seconds": "1747848732"
    },
    "total": 138.11838889099818,
    "count": 1,
    "self": 0.007447150997904828,
    "children": {
        "run_training.setup": {
            "total": 0.017413421999663115,
            "count": 1,
            "self": 0.017413421999663115
        },
        "TrainerController.start_learning": {
            "total": 138.0935283180006,
            "count": 1,
            "self": 0.3238315988746763,
            "children": {
                "TrainerController._reset_env": {
                    "total": 13.223027365002054,
                    "count": 1,
                    "self": 13.223027365002054
                },
                "TrainerController.advance": {
                    "total": 124.48270525012776,
                    "count": 12504,
                    "self": 0.31418193095669267,
                    "children": {
                        "env_step": {
                            "total": 71.88159234583509,
                            "count": 12504,
                            "self": 52.87811185659302,
                            "children": {
                                "SubprocessEnvManager._take_step": {
                                    "total": 18.817519907195674,
                                    "count": 12504,
                                    "self": 0.8356989162784885,
                                    "children": {
                                        "TorchPolicy.evaluate": {
                                            "total": 17.981820990917186,
                                            "count": 12504,
                                            "self": 17.981820990917186
                                        }
                                    }
                                },
                                "workers": {
                                    "total": 0.1859605820463912,
                                    "count": 12504,
                                    "self": 0.0,
                                    "children": {
                                        "worker_root": {
                                            "total": 137.62403806198927,
                                            "count": 12504,
                                            "is_parallel": true,
                                            "self": 99.9837529718061,
                                            "children": {
                                                "run_training.setup": {
                                                    "total": 0.0,
                                                    "count": 0,