{
    "name": "root",
    "gauges": {
        "HealthcareDDA.Policy.Entropy.mean": {
            "value": 0.32075148820877075,
            "min": 0.18460720777511597,
            "max": 1.3558382987976074,
            "count": 50
        },
        "HealthcareDDA.Policy.Entropy.sum": {
            "value": 318.18548583984375,
            "min": 183.13035583496094,
            "max": 1366.68505859375,
            "count": 50
        },
        "HealthcareDDA.Environment.EpisodeLength.mean": {
            "value": 3.0,
            "min": 3.0,
            "max": 3.0,
            "count": 50
        },
        "HealthcareDDA.Environment.EpisodeLength.sum": {
            "value": 744.0,
            "min": 744.0,
            "max": 756.0,
            "count": 50
        },
        "HealthcareDDA.Step.mean": {
            "value": 49996.0,
            "min": 996.0,
            "max": 49996.0,
            "count": 50
        },
        "HealthcareDDA.Step.sum": {
            "value": 49996.0,
            "min": 996.0,
            "max": 49996.0,
            "count": 50
        },
        "HealthcareDDA.Policy.ExtrinsicValueEstimate.mean": {
            "value": 1.6223076581954956,
            "min": 0.3919869661331177,
            "max": 1.6369763612747192,
            "count": 50
        },
        "HealthcareDDA.Policy.ExtrinsicValueEstimate.sum": {
            "value": 405.576904296875,
            "min": 97.60475158691406,
            "max": 409.24407958984375,
            "count": 50
        },
        "HealthcareDDA.Environment.CumulativeReward.mean": {
            "value": 2.5106532096862795,
            "min": 1.6840943771911911,
            "max": 2.5200780267715452,
            "count": 50
        },
        "HealthcareDDA.Environment.CumulativeReward.sum": {
            "value": 627.6633024215698,
            "min": 419.3394999206066,
            "max": 630.0195066928864,
            "count": 50
        },
        "HealthcareDDA.Policy.ExtrinsicReward.mean": {
            "value": 2.5106532096862795,
            "min": 1.6840943771911911,
            "max": 2.5200780267715452,
            "count": 50
        },
        "HealthcareDDA.Policy.ExtrinsicReward.sum": {
            "value": 627.6633024215698,
            "min": 419.3394999206066,
            "max": 630.0195066928864,
            "count": 50
        },
        "HealthcareDDA.Losses.PolicyLoss.mean": {
            "value": 0.08324453389892976,
            "min": 0.0761127220466733,
            "max": 0.42702136654406786,
            "count": 50
        },
        "HealthcareDDA.Losses.PolicyLoss.sum": {
            "value": 0.24973360169678926,
            "min": 0.2283381661400199,
            "max": 1.7080854661762714,
            "count": 50
        },
        "HealthcareDDA.Losses.ValueLoss.mean": {
            "value": 0.08368566647792856,
            "min": 0.08096969069447368,
            "max": 0.920659925788641,
            "count": 50
        },
        "HealthcareDDA.Losses.ValueLoss.sum": {
            "value": 0.2510569994337857,
            "min": 0.24293407285586,
            "max": 3.682639703154564,
            "count": 50
        },
        "HealthcareDDA.Policy.LearningRate.mean": {
            "value": 4.9600990080000194e-06,
            "min": 4.9600990080000194e-06,
            "max": 0.000494560001088,
            "count": 50
        },
        "HealthcareDDA.Policy.LearningRate.sum": {
            "value": 1.488029702400006e-05,
            "min": 1.488029702400006e-05,
            "max": 0.001940160011968,
            "count": 50
        },
        "HealthcareDDA.Policy.Beta.mean": {
            "value": 9.92000990080004e-05,
            "min": 9.92000990080004e-05,
            "max": 0.009891200001088,
            "count": 50
        },
        "HealthcareDDA.Policy.Beta.sum": {
            "value": 0.00029760029702400123,
            "min": 0.00029760029702400123,
            "max": 0.038803200011968006,
            "count": 50
        },
        "HealthcareDDA.IsTraining.mean": {
            "value": 1.0,
            "min": 1.0,
            "max": 1.0,
            "count": 50
        },
        "HealthcareDDA.IsTraining.sum": {
            "value": 1.0,
            "min": 1.0,
            "max": 1.0,
            "count": 50
        }
    },
    "metadata": {
        "timer_format_version": "0.1.0",
        "start_time_seconds": "1746717813",
        "python_version": "3.10.12 (main, Jan  5 2025, 23:12:11) [GCC 14.1.1 20240522]",
        "command_line_arguments": "/home/samgomes/Documents/doutoramento/projects/iProlepsis/reps/healthcare-dda-mlagent/python-venv/bin/mlagents-learn config/a2c/HealthcareDDA.yaml --run-id=A2C_MBS_No_Flares --force",
        "mlagents_version": "1.0.0",
        "mlagents_envs_version": "1.1.0",
        "communication_protocol_version": "1.5.0",
        "pytorch_version": "2.2.2+cu121",
        "numpy_version": "1.23.5",
        "end_time_seconds": "1746717955"
    },
    "total": 141.75839134700072,
    "count": 1,
    "self": 0.011329834000207484,
    "children": {
        "run_training.setup": {
            "total": 0.01710849499795586,
            "count": 1,
            "self": 0.01710849499795586
        },
        "TrainerController.start_learning": {
            "total": 141.72995301800256,
            "count": 1,
            "self": 0.397918321978068,
            "children": {
                "TrainerController._reset_env": {
                    "total": 22.953721940000833,
                    "count": 1,
                    "self": 22.953721940000833
                },
                "TrainerController.advance": {
                    "total": 118.28928737702154,
                    "count": 12504,
                    "self": 0.38169884605304105,
                    "children": {
                        "env_step": {
                            "total": 75.92557749874322,
                            "count": 12504,
                            "self": 54.484905601817445,
                            "children": {
                                "SubprocessEnvManager._take_step": {
                                    "total": 21.217743979959778,
                                    "count": 12504,
                                    "self": 1.0386865080909047,
                                    "children": {
                                        "TorchPolicy.evaluate": {
                                            "total": 20.179057471868873,
                                            "count": 12504,
                                            "self": 20.179057471868873
                                        }
                                    }
                                },
                                "workers": {
                                    "total": 0.22292791696600034,
                                    "count": 12504,
                                    "self": 0.0,
                                    "children": {
                                        "worker_root": {
                                            "total": 141.18773973876523,
                                            "count": 12504,
                                            "is_parallel": true,
                                            "self": 105.19730671406433,
                                            "children": {
                                                "run_training.setup": {
                                                    "total": 0.0,
                                                    "count": 0,
                                                    "is_parallel": true,
                                                    "self": 0.0,
                                                    "children": {
                                                        "steps_from_proto": {
                                                            "total": 0.0008685259999765549,