{
    "name": "root",
    "gauges": {
        "HealthcareDDA.Policy.Entropy.mean": {
            "value": 0.009190975688397884,
            "min": 0.009190975688397884,
            "max": 1.3857613801956177,
            "count": 50
        },
        "HealthcareDDA.Policy.Entropy.sum": {
            "value": 9.117447853088379,
            "min": 9.117447853088379,
            "max": 1396.847412109375,
            "count": 50
        },
        "HealthcareDDA.Environment.EpisodeLength.mean": {
            "value": 3.0,
            "min": 3.0,
            "max": 3.0,
            "count": 50
        },
        "HealthcareDDA.Environment.EpisodeLength.sum": {
            "value": 744.0,
            "min": 744.0,
            "max": 756.0,
            "count": 50
        },
        "HealthcareDDA.Step.mean": {
            "value": 49996.0,
            "min": 996.0,
            "max": 49996.0,
            "count": 50
        },
        "HealthcareDDA.Step.sum": {
            "value": 49996.0,
            "min": 996.0,
            "max": 49996.0,
            "count": 50
        },
        "HealthcareDDA.Policy.ExtrinsicValueEstimate.mean": {
            "value": 1.6365255117416382,
            "min": 0.22941620647907257,
            "max": 1.6482644081115723,
            "count": 50
        },
        "HealthcareDDA.Policy.ExtrinsicValueEstimate.sum": {
            "value": 409.1313781738281,
            "min": 57.1246337890625,
            "max": 412.06610107421875,
            "count": 50
        },
        "HealthcareDDA.Environment.CumulativeReward.mean": {
            "value": 2.527489288330078,
            "min": 1.5530482251720734,
            "max": 2.5353801641464235,
            "count": 50
        },
        "HealthcareDDA.Environment.CumulativeReward.sum": {
            "value": 631.8723220825195,
            "min": 386.7090080678463,
            "max": 633.8450410366058,
            "count": 50
        },
        "HealthcareDDA.Policy.ExtrinsicReward.mean": {
            "value": 2.527489288330078,
            "min": 1.5530482251720734,
            "max": 2.5353801641464235,
            "count": 50
        },
        "HealthcareDDA.Policy.ExtrinsicReward.sum": {
            "value": 631.8723220825195,
            "min": 386.7090080678463,
            "max": 633.8450410366058,
            "count": 50
        },
        "HealthcareDDA.Losses.PolicyLoss.mean": {
            "value": 0.01473442369251643,
            "min": 0.00019145261194353225,
            "max": 0.19802816514857113,
            "count": 50
        },
        "HealthcareDDA.Losses.PolicyLoss.sum": {
            "value": 0.02946884738503286,
            "min": 0.0003829052238870645,
            "max": 0.39605633029714227,
            "count": 50
        },
        "HealthcareDDA.Losses.ValueLoss.mean": {
            "value": 0.07466246234253049,
            "min": 0.07302198838442564,
            "max": 0.6694368273019791,
            "count": 50
        },
        "HealthcareDDA.Losses.ValueLoss.sum": {
            "value": 0.14932492468506098,
            "min": 0.07302198838442564,
            "max": 0.6694368273019791,
            "count": 50
        },
        "HealthcareDDA.Policy.LearningRate.mean": {
            "value": 6.32009873600002e-06,
            "min": 6.32009873600002e-06,
            "max": 0.000494720001056,
            "count": 50
        },
        "HealthcareDDA.Policy.LearningRate.sum": {
            "value": 1.264019747200004e-05,
            "min": 1.264019747200004e-05,
            "max": 0.00097360000528,
            "count": 50
        },
        "HealthcareDDA.Policy.Beta.mean": {
            "value": 0.0001264000987360004,
            "min": 0.0001264000987360004,
            "max": 0.009894400001056,
            "count": 50
        },
        "HealthcareDDA.Policy.Beta.sum": {
            "value": 0.0002528001974720008,
            "min": 0.0002528001974720008,
            "max": 0.019472000005280002,
            "count": 50
        },
        "HealthcareDDA.IsTraining.mean": {
            "value": 1.0,
            "min": 1.0,
            "max": 1.0,
            "count": 50
        },
        "HealthcareDDA.IsTraining.sum": {
            "value": 1.0,
            "min": 1.0,
            "max": 1.0,
            "count": 50
        }
    },
    "metadata": {
        "timer_format_version": "0.1.0",
        "start_time_seconds": "1747843535",
        "python_version": "3.10.12 (main, Jan  5 2025, 23:12:11) [GCC 14.1.1 20240522]",
        "command_line_arguments": "/home/samgomes/Documents/doutoramento/projects/iProlepsis/reps/healthcare-dda-mlagent/python-venv/bin/mlagents-learn config/a2c/HealthcareDDA.yaml --run-id=A2C_MBS_No_Flares --force",
        "mlagents_version": "1.0.0",
        "mlagents_envs_version": "1.1.0",
        "communication_protocol_version": "1.5.0",
        "pytorch_version": "2.2.2+cu121",
        "numpy_version": "1.23.5",
        "end_time_seconds": "1747843652"
    },
    "total": 116.92008688500209,
    "count": 1,
    "self": 0.01186946200687089,
    "children": {
        "run_training.setup": {
            "total": 0.018964660997880856,
            "count": 1,
            "self": 0.018964660997880856
        },
        "TrainerController.start_learning": {
            "total": 116.88925276199734,
            "count": 1,
            "self": 0.3315518998388143,
            "children": {
                "TrainerController._reset_env": {
                    "total": 9.993729302001157,
                    "count": 1,
                    "self": 9.993729302001157
                },
                "TrainerController.advance": {
                    "total": 106.49805716715491,
                    "count": 12504,
                    "self": 0.3213067560791387,
                    "children": {
                        "env_step": {
                            "total": 70.59639727001195,
                            "count": 12504,
                            "self": 52.09701774093628,
                            "children": {
                                "SubprocessEnvManager._take_step": {
                                    "total": 18.31358642897976,
                                    "count": 12504,
                                    "self": 0.8058440687855182,
                                    "children": {
                                        "TorchPolicy.evaluate": {
                                            "total": 17.507742360194243,
                                            "count": 12504,
                                            "self": 17.507742360194243
                                        }
                                    }
                                },
                                "workers": {
                                    "total": 0.185793100095907,
                                    "count": 12504,
                                    "self": 0.0,
                                    "children": {
                                        "worker_root": {
                                            "total": 116.40830413609001,
                                            "count": 12504,
                                            "is_parallel": true,
                                            "self": 79.31594530213988,
                                            "children": {
                                                "run_training.setup": {
                                                    "total": 0.0,
                                                    "count": 0,
                                                    "is_parallel": true,
                                                    "self": 0.0,
                                                    "children": {
                                                        "steps_from_proto": {
                                                            "total": 0.0008832660023472272,