{
    "name": "root",
    "gauges": {
        "HealthcareDDA.Policy.Entropy.mean": {
            "value": 0.03713516145944595,
            "min": 0.03169632330536842,
            "max": 1.2443561553955078,
            "count": 50
        },
        "HealthcareDDA.Policy.Entropy.sum": {
            "value": 36.83808135986328,
            "min": 31.949892044067383,
            "max": 1254.31103515625,
            "count": 50
        },
        "HealthcareDDA.Environment.EpisodeLength.mean": {
            "value": 3.0,
            "min": 3.0,
            "max": 3.0,
            "count": 50
        },
        "HealthcareDDA.Environment.EpisodeLength.sum": {
            "value": 744.0,
            "min": 744.0,
            "max": 756.0,
            "count": 50
        },
        "HealthcareDDA.Step.mean": {
            "value": 49996.0,
            "min": 996.0,
            "max": 49996.0,
            "count": 50
        },
        "HealthcareDDA.Step.sum": {
            "value": 49996.0,
            "min": 996.0,
            "max": 49996.0,
            "count": 50
        },
        "HealthcareDDA.Policy.ExtrinsicValueEstimate.mean": {
            "value": 1.5569313764572144,
            "min": 0.34721750020980835,
            "max": 1.570845127105713,
            "count": 50
        },
        "HealthcareDDA.Policy.ExtrinsicValueEstimate.sum": {
            "value": 389.23284912109375,
            "min": 86.45716094970703,
            "max": 392.7112731933594,
            "count": 50
        },
        "HealthcareDDA.Environment.CumulativeReward.mean": {
            "value": 2.4293584961891175,
            "min": 1.7802764636924469,
            "max": 2.439992959022522,
            "count": 50
        },
        "HealthcareDDA.Environment.CumulativeReward.sum": {
            "value": 607.3396240472794,
            "min": 443.28883945941925,
            "max": 609.9982397556305,
            "count": 50
        },
        "HealthcareDDA.Policy.ExtrinsicReward.mean": {
            "value": 2.4293584961891175,
            "min": 1.7802764636924469,
            "max": 2.439992959022522,
            "count": 50
        },
        "HealthcareDDA.Policy.ExtrinsicReward.sum": {
            "value": 607.3396240472794,
            "min": 443.28883945941925,
            "max": 609.9982397556305,
            "count": 50
        },
        "HealthcareDDA.Losses.PolicyLoss.mean": {
            "value": 0.15649465005844831,
            "min": 0.11089606987985057,
            "max": 0.15985709154564473,
            "count": 50
        },
        "HealthcareDDA.Losses.PolicyLoss.sum": {
            "value": 0.46948395017534494,
            "min": 0.3326882096395517,
            "max": 0.6246075464102129,
            "count": 50
        },
        "HealthcareDDA.Losses.ValueLoss.mean": {
            "value": 0.07101390779846244,
            "min": 0.0689717474160716,
            "max": 0.673156600031588,
            "count": 50
        },
        "HealthcareDDA.Losses.ValueLoss.sum": {
            "value": 0.21304172339538732,
            "min": 0.20749687294786173,
            "max": 2.0194698000947637,
            "count": 50
        },
        "HealthcareDDA.Policy.LearningRate.mean": {
            "value": 4.9600990080000194e-06,
            "min": 4.9600990080000194e-06,
            "max": 0.000494560001088,
            "count": 50
        },
        "HealthcareDDA.Policy.LearningRate.sum": {
            "value": 1.488029702400006e-05,
            "min": 1.488029702400006e-05,
            "max": 0.001940160011968,
            "count": 50
        },
        "HealthcareDDA.Policy.Epsilon.mean": {
            "value": 0.10297600000000003,
            "min": 0.10297600000000003,
            "max": 0.39673600000000003,
            "count": 50
        },
        "HealthcareDDA.Policy.Epsilon.sum": {
            "value": 0.3089280000000001,
            "min": 0.3089280000000001,
            "max": 1.5640960000000002,
            "count": 50
        },
        "HealthcareDDA.Policy.Beta.mean": {
            "value": 0.00010910080000000042,
            "min": 0.00010910080000000042,
            "max": 0.0098913088,
            "count": 50
        },
        "HealthcareDDA.Policy.Beta.sum": {
            "value": 0.00032730240000000124,
            "min": 0.00032730240000000124,
            "max": 0.038804396799999995,
            "count": 50
        },
        "HealthcareDDA.IsTraining.mean": {
            "value": 1.0,
            "min": 1.0,
            "max": 1.0,
            "count": 50
        },
        "HealthcareDDA.IsTraining.sum": {
            "value": 1.0,
            "min": 1.0,
            "max": 1.0,
            "count": 50
        }
    },
    "metadata": {
        "timer_format_version": "0.1.0",
        "start_time_seconds": "1746695873",
        "python_version": "3.10.12 (main, Jan  5 2025, 23:12:11) [GCC 14.1.1 20240522]",
        "command_line_arguments": "/home/samgomes/Documents/doutoramento/projects/iProlepsis/reps/healthcare-dda-mlagent/python-venv/bin/mlagents-learn config/ppo/HealthcareDDA.yaml --run-id=PPO_MBS_Flares --force",
        "mlagents_version": "1.0.0",
        "mlagents_envs_version": "1.1.0",
        "communication_protocol_version": "1.5.0",
        "pytorch_version": "2.2.2+cu121",
        "numpy_version": "1.23.5",
        "end_time_seconds": "1746695990"
    },
    "total": 116.99169207200009,
    "count": 1,
    "self": 0.007660553000164327,
    "children": {
        "run_training.setup": {
            "total": 0.01549131199999465,
            "count": 1,
            "self": 0.01549131199999465
        },
        "TrainerController.start_learning": {
            "total": 116.96854020699993,
            "count": 1,
            "self": 0.27560494499812194,
            "children": {
                "TrainerController._reset_env": {
                    "total": 10.088531819999957,
                    "count": 1,
                    "self": 10.088531819999957
                },
                "TrainerController.advance": {
                    "total": 106.54733358000192,
                    "count": 12504,
                    "self": 0.2677155510086777,
                    "children": {
                        "env_step": {
                            "total": 54.62617261699688,
                            "count": 12504,
                            "self": 39.35082082500185,
                            "children": {
                                "SubprocessEnvManager._take_step": {
                                    "total": 15.117265165995263,
                                    "count": 12504,
                                    "self": 0.7148618610017365,
                                    "children": {
                                        "TorchPolicy.evaluate": {
                                            "total": 14.402403304993527,
                                            "count": 12504,
                                            "self": 14.402403304993527
                                        }
                                    }
                                },
                                "workers": {
                                    "total": 0.15808662599977197,
                                    "count": 12504,
                                    "self": 0.0,
                                    "children": {
                                        "worker_root": {
                                            "total": 116.52364947800675,
                                            "count": 12504,
                                            "is_parallel": true,
                                            "self": 90.12668111600988,
                                            "children": {
                                                "run_training.setup": {
                                                    "total": 0.0,
                                                    "count": 0,