{
    "name": "root",
    "gauges": {
        "HealthcareDDA.Environment.EpisodeLength.mean": {
            "value": 3.0,
            "min": 3.0,
            "max": 3.0,
            "count": 50
        },
        "HealthcareDDA.Environment.EpisodeLength.sum": {
            "value": 744.0,
            "min": 744.0,
            "max": 756.0,
            "count": 50
        },
        "HealthcareDDA.Step.mean": {
            "value": 49996.0,
            "min": 996.0,
            "max": 49996.0,
            "count": 50
        },
        "HealthcareDDA.Step.sum": {
            "value": 49996.0,
            "min": 996.0,
            "max": 49996.0,
            "count": 50
        },
        "HealthcareDDA.Policy.ExtrinsicValue.mean": {
            "value": 1.5260818004608154,
            "min": 0.25465095043182373,
            "max": 1.8538475036621094,
            "count": 50
        },
        "HealthcareDDA.Policy.ExtrinsicValue.sum": {
            "value": 381.52044677734375,
            "min": 63.408084869384766,
            "max": 463.4618835449219,
            "count": 50
        },
        "HealthcareDDA.Environment.CumulativeReward.mean": {
            "value": 3.0167798190116883,
            "min": 2.3321987155929627,
            "max": 3.3045078024864196,
            "count": 50
        },
        "HealthcareDDA.Environment.CumulativeReward.sum": {
            "value": 754.1949547529221,
            "min": 580.7174801826477,
            "max": 826.1269506216049,
            "count": 50
        },
        "HealthcareDDA.Policy.ExtrinsicReward.mean": {
            "value": 3.0167798190116883,
            "min": 2.3321987155929627,
            "max": 3.3045078024864196,
            "count": 50
        },
        "HealthcareDDA.Policy.ExtrinsicReward.sum": {
            "value": 754.1949547529221,
            "min": 580.7174801826477,
            "max": 826.1269506216049,
            "count": 50
        },
        "HealthcareDDA.Losses.ValueLoss.mean": {
            "value": 0.08623660955658204,
            "min": 0.052509592307771566,
            "max": 0.19245138221860972,
            "count": 50
        },
        "HealthcareDDA.Losses.ValueLoss.sum": {
            "value": 21.386679170032345,
            "min": 13.022378892327348,
            "max": 47.72794279021521,
            "count": 50
        },
        "HealthcareDDA.Policy.LearningRate.mean": {
            "value": 0.0007500000000000002,
            "min": 0.0007500000000000001,
            "max": 0.0007500000000000002,
            "count": 50
        },
        "HealthcareDDA.Policy.LearningRate.sum": {
            "value": 0.18600000000000005,
            "min": 0.18525000000000005,
            "max": 0.18900000000000003,
            "count": 50
        },
        "HealthcareDDA.Policy.epsilon.mean": {
            "value": 0.05000000000000002,
            "min": 0.05,
            "max": 0.7809748987854253,
            "count": 50
        },
        "HealthcareDDA.Policy.epsilon.sum": {
            "value": 12.400000000000004,
            "min": 12.400000000000004,
            "max": 192.90080000000003,
            "count": 50
        },
        "HealthcareDDA.IsTraining.mean": {
            "value": 1.0,
            "min": 1.0,
            "max": 1.0,
            "count": 50
        },
        "HealthcareDDA.IsTraining.sum": {
            "value": 1.0,
            "min": 1.0,
            "max": 1.0,
            "count": 50
        }
    },
    "metadata": {
        "timer_format_version": "0.1.0",
        "start_time_seconds": "1748010996",
        "python_version": "3.10.12 (main, Jan  5 2025, 23:12:11) [GCC 14.1.1 20240522]",
        "command_line_arguments": "/home/samgomes/Documents/doutoramento/projects/iProlepsis/reps/healthcare-dda-mlagent/python-venv/bin/mlagents-learn config/dqn/HealthcareDDA.yaml --run-id=DQN_TK_Flares --force",
        "mlagents_version": "1.0.0",
        "mlagents_envs_version": "1.1.0",
        "communication_protocol_version": "1.5.0",
        "pytorch_version": "2.2.2+cu121",
        "numpy_version": "1.23.5",
        "end_time_seconds": "1748011202"
    },
    "total": 206.79026886999782,
    "count": 1,
    "self": 0.007450555996911135,
    "children": {
        "run_training.setup": {
            "total": 0.02378100499845459,
            "count": 1,
            "self": 0.02378100499845459
        },
        "TrainerController.start_learning": {
            "total": 206.75903730900245,
            "count": 1,
            "self": 0.2887000477530819,
            "children": {
                "TrainerController._reset_env": {
                    "total": 13.781491839999944,
                    "count": 1,
                    "self": 13.781491839999944
                },
                "TrainerController.advance": {
                    "total": 192.67437632224755,
                    "count": 12504,
                    "self": 0.25631711753158015,
                    "children": {
                        "env_step": {
                            "total": 58.54872535594404,
                            "count": 12504,
                            "self": 48.542073861088284,
                            "children": {
                                "SubprocessEnvManager._take_step": {
                                    "total": 9.841766247784108,
                                    "count": 12504,
                                    "self": 0.7352678768475016,
                                    "children": {
                                        "TorchPolicy.evaluate": {
                                            "total": 9.106498370936606,
                                            "count": 12504,
                                            "self": 9.106498370936606
                                        }
                                    }
                                },
                                "workers": {
                                    "total": 0.16488524707165197,
                                    "count": 12504,
                                    "self": 0.0,
                                    "children": {
                                        "worker_root": {
                                            "total": 206.35132741498091,
                                            "count": 12504,
                                            "is_parallel": true,
                                            "self": 170.52366644002177,
                                            "children": {
                                                "run_training.setup": {
                                                    "total": 0.0,
                                                    "count": 0,
                                                    "is_parallel": true,
                                                    "self": 0.0,
                                                    "children": {
                                                        "steps_from_proto": {
                                                            "total": 0.0010686770001484547,
                                                            "count": 1,
                                                            "is_parallel": true,
                                                            "self": 0.0005077810019429307,
                                                            "children": {
                                                                "_process_rank_one_or_two_observation": {
                                                                    "total": 0.0005608959982055239,
                                                                    "count": 2,
                                                                    "is_parallel": true,