{
    "name": "root",
    "gauges": {
        "HealthcareDDA.Environment.EpisodeLength.mean": {
            "value": 3.0,
            "min": 3.0,
            "max": 3.0,
            "count": 50
        },
        "HealthcareDDA.Environment.EpisodeLength.sum": {
            "value": 744.0,
            "min": 744.0,
            "max": 756.0,
            "count": 50
        },
        "HealthcareDDA.Step.mean": {
            "value": 49996.0,
            "min": 996.0,
            "max": 49996.0,
            "count": 50
        },
        "HealthcareDDA.Step.sum": {
            "value": 49996.0,
            "min": 996.0,
            "max": 49996.0,
            "count": 50
        },
        "HealthcareDDA.Policy.ExtrinsicValue.mean": {
            "value": 1.4127197265625,
            "min": 0.3043656349182129,
            "max": 1.8458726406097412,
            "count": 50
        },
        "HealthcareDDA.Policy.ExtrinsicValue.sum": {
            "value": 353.179931640625,
            "min": 75.78704071044922,
            "max": 461.4681701660156,
            "count": 50
        },
        "HealthcareDDA.Environment.CumulativeReward.mean": {
            "value": 3.0481988949775696,
            "min": 2.2280363110174615,
            "max": 3.3929538073539733,
            "count": 50
        },
        "HealthcareDDA.Environment.CumulativeReward.sum": {
            "value": 762.0497237443924,
            "min": 554.7810414433479,
            "max": 848.2384518384933,
            "count": 50
        },
        "HealthcareDDA.Policy.ExtrinsicReward.mean": {
            "value": 3.0481988949775696,
            "min": 2.2280363110174615,
            "max": 3.3929538073539733,
            "count": 50
        },
        "HealthcareDDA.Policy.ExtrinsicReward.sum": {
            "value": 762.0497237443924,
            "min": 554.7810414433479,
            "max": 848.2384518384933,
            "count": 50
        },
        "HealthcareDDA.Losses.ValueLoss.mean": {
            "value": 0.08650875477976497,
            "min": 0.05443838998858106,
            "max": 0.21785702449934824,
            "count": 50
        },
        "HealthcareDDA.Losses.ValueLoss.sum": {
            "value": 21.45417118538171,
            "min": 13.500720717168104,
            "max": 54.899970173835754,
            "count": 50
        },
        "HealthcareDDA.Policy.LearningRate.mean": {
            "value": 0.0005000000000000002,
            "min": 0.0005000000000000001,
            "max": 0.0005000000000000002,
            "count": 50
        },
        "HealthcareDDA.Policy.LearningRate.sum": {
            "value": 0.12400000000000005,
            "min": 0.12350000000000005,
            "max": 0.12600000000000003,
            "count": 50
        },
        "HealthcareDDA.Policy.epsilon.mean": {
            "value": 0.05000000000000002,
            "min": 0.05,
            "max": 0.7810186234817814,
            "count": 50
        },
        "HealthcareDDA.Policy.epsilon.sum": {
            "value": 12.400000000000004,
            "min": 12.400000000000004,
            "max": 192.91160000000002,
            "count": 50
        },
        "HealthcareDDA.IsTraining.mean": {
            "value": 1.0,
            "min": 1.0,
            "max": 1.0,
            "count": 50
        },
        "HealthcareDDA.IsTraining.sum": {
            "value": 1.0,
            "min": 1.0,
            "max": 1.0,
            "count": 50
        }
    },
    "metadata": {
        "timer_format_version": "0.1.0",
        "start_time_seconds": "1746715688",
        "python_version": "3.10.12 (main, Jan  5 2025, 23:12:11) [GCC 14.1.1 20240522]",
        "command_line_arguments": "/home/samgomes/Documents/doutoramento/projects/iProlepsis/reps/healthcare-dda-mlagent/python-venv/bin/mlagents-learn config/dqn/HealthcareDDA.yaml --run-id=DQN_TK_Flares --force",
        "mlagents_version": "1.0.0",
        "mlagents_envs_version": "1.1.0",
        "communication_protocol_version": "1.5.0",
        "pytorch_version": "2.2.2+cu121",
        "numpy_version": "1.23.5",
        "end_time_seconds": "1746715882"
    },
    "total": 193.51438979700106,
    "count": 1,
    "self": 0.00798139399921638,
    "children": {
        "run_training.setup": {
            "total": 0.021151922999706585,
            "count": 1,
            "self": 0.021151922999706585
        },
        "TrainerController.start_learning": {
            "total": 193.48525648000214,
            "count": 1,
            "self": 0.36572324501685216,
            "children": {
                "TrainerController._reset_env": {
                    "total": 10.88693484399846,
                    "count": 1,
                    "self": 10.88693484399846
                },
                "TrainerController.advance": {
                    "total": 182.2174722959826,
                    "count": 12504,
                    "self": 0.3215594990324462,
                    "children": {
                        "env_step": {
                            "total": 59.55190030783342,
                            "count": 12504,
                            "self": 47.886354289526935,
                            "children": {
                                "SubprocessEnvManager._take_step": {
                                    "total": 11.46471722602655,
                                    "count": 12504,
                                    "self": 0.8984760997664125,
                                    "children": {
                                        "TorchPolicy.evaluate": {
                                            "total": 10.566241126260138,
                                            "count": 12504,
                                            "self": 10.566241126260138
                                        }
                                    }
                                },
                                "workers": {
                                    "total": 0.20082879227993544,
                                    "count": 12504,
                                    "self": 0.0,
                                    "children": {
                                        "worker_root": {
                                            "total": 193.0574553901497,
                                            "count": 12504,
                                            "is_parallel": true,
                                            "self": 160.79706690501553,
                                            "children": {
                                                "run_training.setup": {
                                                    "total": 0.0,
                                                    "count": 0,
                                                    "is_parallel": true,
                                                    "self": 0.0,
                                                    "children": {
                                                        "steps_from_proto": {
                                                            "total": 0.00093227300021681,
                                                            "count": 1,
                                                            "is_parallel": true,
                                                            "self": 0.0004500030008784961,
                                                            "children": {
                                                                "_process_rank_one_or_two_observation": {
                                                                    "total": 0.00048226999933831394,
                                                                    "count": 2,
                                                                    "is_parallel": true,