{
    "name": "root",
    "gauges": {
        "HealthcareDDA.Environment.EpisodeLength.mean": {
            "value": 3.0,
            "min": 3.0,
            "max": 3.0,
            "count": 50
        },
        "HealthcareDDA.Environment.EpisodeLength.sum": {
            "value": 744.0,
            "min": 744.0,
            "max": 756.0,
            "count": 50
        },
        "HealthcareDDA.Step.mean": {
            "value": 49996.0,
            "min": 996.0,
            "max": 49996.0,
            "count": 50
        },
        "HealthcareDDA.Step.sum": {
            "value": 49996.0,
            "min": 996.0,
            "max": 49996.0,
            "count": 50
        },
        "HealthcareDDA.Policy.ExtrinsicValue.mean": {
            "value": 1.3555470705032349,
            "min": 0.22002898156642914,
            "max": 1.7672160863876343,
            "count": 50
        },
        "HealthcareDDA.Policy.ExtrinsicValue.sum": {
            "value": 338.88677978515625,
            "min": 54.78721618652344,
            "max": 441.80401611328125,
            "count": 50
        },
        "HealthcareDDA.Environment.CumulativeReward.mean": {
            "value": 3.068676049232483,
            "min": 2.2844285909909323,
            "max": 3.3508012661933897,
            "count": 50
        },
        "HealthcareDDA.Environment.CumulativeReward.sum": {
            "value": 767.1690123081207,
            "min": 568.8227191567421,
            "max": 837.7003165483475,
            "count": 50
        },
        "HealthcareDDA.Policy.ExtrinsicReward.mean": {
            "value": 3.068676049232483,
            "min": 2.2844285909909323,
            "max": 3.3508012661933897,
            "count": 50
        },
        "HealthcareDDA.Policy.ExtrinsicReward.sum": {
            "value": 767.1690123081207,
            "min": 568.8227191567421,
            "max": 837.7003165483475,
            "count": 50
        },
        "HealthcareDDA.Losses.ValueLoss.mean": {
            "value": 0.10817704214814611,
            "min": 0.062105947612075225,
            "max": 0.16556920160499392,
            "count": 50
        },
        "HealthcareDDA.Losses.ValueLoss.sum": {
            "value": 26.827906452740233,
            "min": 15.404268207822359,
            "max": 41.06116199803849,
            "count": 50
        },
        "HealthcareDDA.Policy.LearningRate.mean": {
            "value": 5.040098992e-06,
            "min": 5.040098992e-06,
            "max": 0.0004949266406907854,
            "count": 50
        },
        "HealthcareDDA.Policy.LearningRate.sum": {
            "value": 0.001249944550016,
            "min": 0.001249944550016,
            "max": 0.12224688025062398,
            "count": 50
        },
        "HealthcareDDA.Policy.epsilon.mean": {
            "value": 0.05000000000000002,
            "min": 0.05,
            "max": 0.7809748987854253,
            "count": 50
        },
        "HealthcareDDA.Policy.epsilon.sum": {
            "value": 12.400000000000004,
            "min": 12.400000000000004,
            "max": 192.90080000000003,
            "count": 50
        },
        "HealthcareDDA.IsTraining.mean": {
            "value": 1.0,
            "min": 1.0,
            "max": 1.0,
            "count": 50
        },
        "HealthcareDDA.IsTraining.sum": {
            "value": 1.0,
            "min": 1.0,
            "max": 1.0,
            "count": 50
        }
    },
    "metadata": {
        "timer_format_version": "0.1.0",
        "start_time_seconds": "1747845024",
        "python_version": "3.10.12 (main, Jan  5 2025, 23:12:11) [GCC 14.1.1 20240522]",
        "command_line_arguments": "/home/samgomes/Documents/doutoramento/projects/iProlepsis/reps/healthcare-dda-mlagent/python-venv/bin/mlagents-learn config/dqn/HealthcareDDA.yaml --run-id=DQN_TK_Flares --force",
        "mlagents_version": "1.0.0",
        "mlagents_envs_version": "1.1.0",
        "communication_protocol_version": "1.5.0",
        "pytorch_version": "2.2.2+cu121",
        "numpy_version": "1.23.5",
        "end_time_seconds": "1747845241"
    },
    "total": 217.59780920399862,
    "count": 1,
    "self": 0.012588722998771118,
    "children": {
        "run_training.setup": {
            "total": 0.018080166999425273,
            "count": 1,
            "self": 0.018080166999425273
        },
        "TrainerController.start_learning": {
            "total": 217.56714031400043,
            "count": 1,
            "self": 0.311524322063633,
            "children": {
                "TrainerController._reset_env": {
                    "total": 12.378799989997788,
                    "count": 1,
                    "self": 12.378799989997788
                },
                "TrainerController.advance": {
                    "total": 204.86112526294164,
                    "count": 12504,
                    "self": 0.27663602766551776,
                    "children": {
                        "env_step": {
                            "total": 61.137484558159485,
                            "count": 12504,
                            "self": 50.33203883624083,
                            "children": {
                                "SubprocessEnvManager._take_step": {
                                    "total": 10.631394571864803,
                                    "count": 12504,
                                    "self": 0.7737398628087249,
                                    "children": {
                                        "TorchPolicy.evaluate": {
                                            "total": 9.857654709056078,
                                            "count": 12504,
                                            "self": 9.857654709056078
                                        }
                                    }
                                },
                                "workers": {
                                    "total": 0.17405115005385596,
                                    "count": 12504,
                                    "self": 0.0,
                                    "children": {
                                        "worker_root": {
                                            "total": 217.1400992770432,
                                            "count": 12504,
                                            "is_parallel": true,
                                            "self": 180.33526795414218,
                                            "children": {
                                                "run_training.setup": {
                                                    "total": 0.0,
                                                    "count": 0,
                                                    "is_parallel": true,
                                                    "self": 0.0,
                                                    "children": {
                                                        "steps_from_proto": {
                                                            "total": 0.0008140579993778374,
                                                            "count": 1,
                                                            "is_parallel": true,
                                                            "self": 0.0003756639998755418,
                                                            "children": {
                                                                "_process_rank_one_or_two_observation": {
                                                                    "total": 0.00043839399950229563,
                                                                    "count": 2,
                                                                    "is_parallel": true,