{
    "name": "root",
    "gauges": {
        "HealthcareDDA.Environment.EpisodeLength.mean": {
            "value": 3.0,
            "min": 3.0,
            "max": 3.0,
            "count": 50
        },
        "HealthcareDDA.Environment.EpisodeLength.sum": {
            "value": 744.0,
            "min": 744.0,
            "max": 756.0,
            "count": 50
        },
        "HealthcareDDA.Step.mean": {
            "value": 49996.0,
            "min": 996.0,
            "max": 49996.0,
            "count": 50
        },
        "HealthcareDDA.Step.sum": {
            "value": 49996.0,
            "min": 996.0,
            "max": 49996.0,
            "count": 50
        },
        "HealthcareDDA.Policy.ExtrinsicValue.mean": {
            "value": 1.2673053741455078,
            "min": 0.19759124517440796,
            "max": 1.369676947593689,
            "count": 50
        },
        "HealthcareDDA.Policy.ExtrinsicValue.sum": {
            "value": 316.82635498046875,
            "min": 49.200218200683594,
            "max": 342.41925048828125,
            "count": 50
        },
        "HealthcareDDA.Environment.CumulativeReward.mean": {
            "value": 2.412500081062317,
            "min": 1.6175900879633953,
            "max": 2.493086625099182,
            "count": 50
        },
        "HealthcareDDA.Environment.CumulativeReward.sum": {
            "value": 603.1250202655792,
            "min": 402.77993190288544,
            "max": 623.2716562747955,
            "count": 50
        },
        "HealthcareDDA.Policy.ExtrinsicReward.mean": {
            "value": 2.412500081062317,
            "min": 1.6175900879633953,
            "max": 2.493086625099182,
            "count": 50
        },
        "HealthcareDDA.Policy.ExtrinsicReward.sum": {
            "value": 603.1250202655792,
            "min": 402.77993190288544,
            "max": 623.2716562747955,
            "count": 50
        },
        "HealthcareDDA.Losses.ValueLoss.mean": {
            "value": 0.054628941778128624,
            "min": 0.03898559566599727,
            "max": 0.11722686154747843,
            "count": 50
        },
        "HealthcareDDA.Losses.ValueLoss.sum": {
            "value": 13.547977560975898,
            "min": 9.668427725167323,
            "max": 29.07226166377465,
            "count": 50
        },
        "HealthcareDDA.Policy.LearningRate.mean": {
            "value": 5.040098992e-06,
            "min": 5.040098992e-06,
            "max": 0.0004949383006074817,
            "count": 50
        },
        "HealthcareDDA.Policy.LearningRate.sum": {
            "value": 0.001249944550016,
            "min": 0.001249944550016,
            "max": 0.122249760250048,
            "count": 50
        },
        "HealthcareDDA.Policy.epsilon.mean": {
            "value": 0.05000000000000002,
            "min": 0.05,
            "max": 0.7810186234817814,
            "count": 50
        },
        "HealthcareDDA.Policy.epsilon.sum": {
            "value": 12.400000000000004,
            "min": 12.400000000000004,
            "max": 192.91160000000002,
            "count": 50
        },
        "HealthcareDDA.IsTraining.mean": {
            "value": 1.0,
            "min": 1.0,
            "max": 1.0,
            "count": 50
        },
        "HealthcareDDA.IsTraining.sum": {
            "value": 1.0,
            "min": 1.0,
            "max": 1.0,
            "count": 50
        }
    },
    "metadata": {
        "timer_format_version": "0.1.0",
        "start_time_seconds": "1747133954",
        "python_version": "3.10.12 (main, Jan  5 2025, 23:12:11) [GCC 14.1.1 20240522]",
        "command_line_arguments": "/home/samgomes/Documents/doutoramento/projects/iProlepsis/reps/healthcare-dda-mlagent/python-venv/bin/mlagents-learn config/dqn/HealthcareDDA.yaml --run-id=DQN_MBS_No_Flares --force",
        "mlagents_version": "1.0.0",
        "mlagents_envs_version": "1.1.0",
        "communication_protocol_version": "1.5.0",
        "pytorch_version": "2.2.2+cu121",
        "numpy_version": "1.23.5",
        "end_time_seconds": "1747134104"
    },
    "total": 150.9095598519998,
    "count": 1,
    "self": 0.01098182299938344,
    "children": {
        "run_training.setup": {
            "total": 0.01720818700050586,
            "count": 1,
            "self": 0.01720818700050586
        },
        "TrainerController.start_learning": {
            "total": 150.8813698419999,
            "count": 1,
            "self": 0.2716528699384071,
            "children": {
                "TrainerController._reset_env": {
                    "total": 7.963569388999531,
                    "count": 1,
                    "self": 7.963569388999531
                },
                "TrainerController.advance": {
                    "total": 142.63428352606024,
                    "count": 12504,
                    "self": 0.2523532869763585,
                    "children": {
                        "env_step": {
                            "total": 48.151370875031716,
                            "count": 12504,
                            "self": 39.6043341119439,
                            "children": {
                                "SubprocessEnvManager._take_step": {
                                    "total": 8.397299233065496,
                                    "count": 12504,
                                    "self": 0.6760863390391023,
                                    "children": {
                                        "TorchPolicy.evaluate": {
                                            "total": 7.721212894026394,
                                            "count": 12504,
                                            "self": 7.721212894026394
                                        }
                                    }
                                },
                                "workers": {
                                    "total": 0.14973753002232115,
                                    "count": 12504,
                                    "self": 0.0,
                                    "children": {
                                        "worker_root": {
                                            "total": 150.49880881992067,
                                            "count": 12504,
                                            "is_parallel": true,
                                            "self": 122.83941973294532,
                                            "children": {
                                                "run_training.setup": {
                                                    "total": 0.0,
                                                    "count": 0,
                                                    "is_parallel": true,
                                                    "self": 0.0,
                                                    "children": {
                                                        "steps_from_proto": {
                                                            "total": 0.0009394669996254379,
                                                            "count": 1,
                                                            "is_parallel": true,
                                                            "self": 0.00038386699998227414,
                                                            "children": {
                                                                "_process_rank_one_or_two_observation": {
                                                                    "total": 0.0005555999996431638,
                                                                    "count": 2,
                                                                    "is_parallel": true,