{
    "name": "root",
    "gauges": {
        "HealthcareDDA.Policy.Entropy.mean": {
            "value": 0.01032106764614582,
            "min": 0.01032106764614582,
            "max": 1.3836795091629028,
            "count": 30
        },
        "HealthcareDDA.Policy.Entropy.sum": {
            "value": 10.321067810058594,
            "min": 10.321067810058594,
            "max": 1383.6795654296875,
            "count": 30
        },
        "HealthcareDDA.Environment.EpisodeLength.mean": {
            "value": 4.0,
            "min": 4.0,
            "max": 4.0,
            "count": 30
        },
        "HealthcareDDA.Environment.EpisodeLength.sum": {
            "value": 800.0,
            "min": 800.0,
            "max": 800.0,
            "count": 30
        },
        "HealthcareDDA.Step.mean": {
            "value": 29995.0,
            "min": 995.0,
            "max": 29995.0,
            "count": 30
        },
        "HealthcareDDA.Step.sum": {
            "value": 29995.0,
            "min": 995.0,
            "max": 29995.0,
            "count": 30
        },
        "HealthcareDDA.Policy.ExtrinsicValueEstimate.mean": {
            "value": 0.4841300845146179,
            "min": 0.0489741675555706,
            "max": 0.48633018136024475,
            "count": 30
        },
        "HealthcareDDA.Policy.ExtrinsicValueEstimate.sum": {
            "value": 96.82601928710938,
            "min": 9.745859146118164,
            "max": 97.26603698730469,
            "count": 30
        },
        "HealthcareDDA.Environment.CumulativeReward.mean": {
            "value": 0.5341454374790192,
            "min": 0.3180900021414062,
            "max": 0.5368466003239155,
            "count": 30
        },
        "HealthcareDDA.Environment.CumulativeReward.sum": {
            "value": 106.82908749580383,
            "min": 63.29991042613983,
            "max": 107.3693200647831,
            "count": 30
        },
        "HealthcareDDA.Policy.ExtrinsicReward.mean": {
            "value": 0.5341454374790192,
            "min": 0.3180900021414062,
            "max": 0.5368466003239155,
            "count": 30
        },
        "HealthcareDDA.Policy.ExtrinsicReward.sum": {
            "value": 106.82908749580383,
            "min": 63.29991042613983,
            "max": 107.3693200647831,
            "count": 30
        },
        "HealthcareDDA.Losses.PolicyLoss.mean": {
            "value": 0.12017544999253005,
            "min": 0.11523656517318968,
            "max": 0.16017656847058487,
            "count": 30
        },
        "HealthcareDDA.Losses.PolicyLoss.sum": {
            "value": 0.4807017999701202,
            "min": 0.34570969551956904,
            "max": 0.6407062738823395,
            "count": 30
        },
        "HealthcareDDA.Losses.ValueLoss.mean": {
            "value": 0.00047503379543438007,
            "min": 0.00043777784776466433,
            "max": 0.05361376469954848,
            "count": 30
        },
        "HealthcareDDA.Losses.ValueLoss.sum": {
            "value": 0.0019001351817375203,
            "min": 0.0014211950159127205,
            "max": 0.16084129409864545,
            "count": 30
        },
        "HealthcareDDA.Policy.LearningRate.mean": {
            "value": 3.2667650333333345e-06,
            "min": 3.2667650333333345e-06,
            "max": 0.00019653333506666664,
            "count": 30
        },
        "HealthcareDDA.Policy.LearningRate.sum": {
            "value": 1.3067060133333338e-05,
            "min": 1.3067060133333338e-05,
            "max": 0.0007618666857333333,
            "count": 30
        },
        "HealthcareDDA.Policy.Epsilon.mean": {
            "value": 0.10490000000000001,
            "min": 0.10490000000000001,
            "max": 0.39480000000000004,
            "count": 30
        },
        "HealthcareDDA.Policy.Epsilon.sum": {
            "value": 0.41960000000000003,
            "min": 0.41960000000000003,
            "max": 1.5428,
            "count": 30
        },
        "HealthcareDDA.Policy.Beta.mean": {
            "value": 0.00017317000000000008,
            "min": 0.00017317000000000008,
            "max": 0.00982684,
            "count": 30
        },
        "HealthcareDDA.Policy.Beta.sum": {
            "value": 0.0006926800000000003,
            "min": 0.0006926800000000003,
            "max": 0.03809524,
            "count": 30
        },
        "HealthcareDDA.IsTraining.mean": {
            "value": 1.0,
            "min": 1.0,
            "max": 1.0,
            "count": 30
        },
        "HealthcareDDA.IsTraining.sum": {
            "value": 1.0,
            "min": 1.0,
            "max": 1.0,
            "count": 30
        }
    },
    "metadata": {
        "timer_format_version": "0.1.0",
        "start_time_seconds": "1743702501",
        "python_version": "3.10.12 (main, Jan  5 2025, 23:12:11) [GCC 14.1.1 20240522]",
        "command_line_arguments": "/home/samgomes/Documents/doutoramento/projects/iProlepsis/reps/healthcare-dda-mlagent/python-venv/bin/mlagents-learn config/ppo/HealthcareDDA.yaml --run-id=MBS_WithFlares --force",
        "mlagents_version": "1.1.0",
        "mlagents_envs_version": "1.1.0",
        "communication_protocol_version": "1.5.0",
        "pytorch_version": "2.2.2+cu121",
        "numpy_version": "1.23.5",
        "end_time_seconds": "1743702582"
    },
    "total": 80.56200065899975,
    "count": 1,
    "self": 0.007501967997086467,
    "children": {
        "run_training.setup": {
            "total": 0.016813488000479992,
            "count": 1,
            "self": 0.016813488000479992
        },
        "TrainerController.start_learning": {
            "total": 80.53768520300218,
            "count": 1,
            "self": 0.17297186993891955,
            "children": {
                "TrainerController._reset_env": {
                    "total": 8.573451469001157,
                    "count": 1,
                    "self": 8.573451469001157
                },
                "TrainerController.advance": {
                    "total": 71.73106600106257,
                    "count": 7505,
                    "self": 0.16275091518400586,
                    "children": {
                        "env_step": {
                            "total": 41.00770914788518,
                            "count": 7505,
                            "self": 31.412820172754436,
                            "children": {
                                "SubprocessEnvManager._take_step": {
                                    "total": 9.49190221507888,
                                    "count": 7505,
                                    "self": 0.446823591239081,
                                    "children": {
                                        "TorchPolicy.evaluate": {
                                            "total": 9.0450786238398,
                                            "count": 7505,
                                            "self": 9.0450786238398
                                        }
                                    }
                                },
                                "workers": {
                                    "total": 0.1029867600518628,
                                    "count": 7505,
                                    "self": 0.0,
                                    "children": {
                                        "worker_root": {
                                            "total": 80.24567195091731,
                                            "count": 7505,
                                            "is_parallel": true,
                                            "self": 56.992076871963945,
                                            "children": {
                                                "run_training.setup": {
                                                    "total": 0.0,
                                                    "count": 0,