{
    "name": "root",
    "gauges": {
        "HealthcareDDA.Policy.Entropy.mean": {
            "value": 0.051533885300159454,
            "min": 0.008955394849181175,
            "max": 1.3613508939743042,
            "count": 50
        },
        "HealthcareDDA.Policy.Entropy.sum": {
            "value": 51.121612548828125,
            "min": 8.88375186920166,
            "max": 1372.24169921875,
            "count": 50
        },
        "HealthcareDDA.Environment.EpisodeLength.mean": {
            "value": 3.0,
            "min": 3.0,
            "max": 3.0,
            "count": 50
        },
        "HealthcareDDA.Environment.EpisodeLength.sum": {
            "value": 744.0,
            "min": 744.0,
            "max": 756.0,
            "count": 50
        },
        "HealthcareDDA.Step.mean": {
            "value": 49996.0,
            "min": 996.0,
            "max": 49996.0,
            "count": 50
        },
        "HealthcareDDA.Step.sum": {
            "value": 49996.0,
            "min": 996.0,
            "max": 49996.0,
            "count": 50
        },
        "HealthcareDDA.Policy.ExtrinsicValueEstimate.mean": {
            "value": 1.5737513303756714,
            "min": 0.37571996450424194,
            "max": 1.5903990268707275,
            "count": 50
        },
        "HealthcareDDA.Policy.ExtrinsicValueEstimate.sum": {
            "value": 393.4378356933594,
            "min": 93.55426788330078,
            "max": 397.5997619628906,
            "count": 50
        },
        "HealthcareDDA.Environment.CumulativeReward.mean": {
            "value": 2.4315299134254458,
            "min": 1.6125300959889668,
            "max": 2.463641079902649,
            "count": 50
        },
        "HealthcareDDA.Environment.CumulativeReward.sum": {
            "value": 607.8824783563614,
            "min": 401.51999390125275,
            "max": 615.9102699756622,
            "count": 50
        },
        "HealthcareDDA.Policy.ExtrinsicReward.mean": {
            "value": 2.4315299134254458,
            "min": 1.6125300959889668,
            "max": 2.463641079902649,
            "count": 50
        },
        "HealthcareDDA.Policy.ExtrinsicReward.sum": {
            "value": 607.8824783563614,
            "min": 401.51999390125275,
            "max": 615.9102699756622,
            "count": 50
        },
        "HealthcareDDA.Losses.PolicyLoss.mean": {
            "value": 0.09337424052258332,
            "min": 0.06843428597009431,
            "max": 0.12112441041972488,
            "count": 50
        },
        "HealthcareDDA.Losses.PolicyLoss.sum": {
            "value": 0.18674848104516664,
            "min": 0.08435763170321782,
            "max": 0.24224882083944976,
            "count": 50
        },
        "HealthcareDDA.Losses.ValueLoss.mean": {
            "value": 0.0797247226970891,
            "min": 0.07218508888036013,
            "max": 0.38487775437533855,
            "count": 50
        },
        "HealthcareDDA.Losses.ValueLoss.sum": {
            "value": 0.1594494453941782,
            "min": 0.07218508888036013,
            "max": 0.38487775437533855,
            "count": 50
        },
        "HealthcareDDA.Policy.LearningRate.mean": {
            "value": 0.0007500000000000001,
            "min": 0.0007500000000000001,
            "max": 0.0007500000000000001,
            "count": 50
        },
        "HealthcareDDA.Policy.LearningRate.sum": {
            "value": 0.0015000000000000002,
            "min": 0.0007500000000000001,
            "max": 0.0015000000000000002,
            "count": 50
        },
        "HealthcareDDA.Policy.Epsilon.mean": {
            "value": 0.3,
            "min": 0.3,
            "max": 0.3,
            "count": 50
        },
        "HealthcareDDA.Policy.Epsilon.sum": {
            "value": 0.6,
            "min": 0.3,
            "max": 0.6,
            "count": 50
        },
        "HealthcareDDA.Policy.Beta.mean": {
            "value": 0.01,
            "min": 0.01,
            "max": 0.01,
            "count": 50
        },
        "HealthcareDDA.Policy.Beta.sum": {
            "value": 0.02,
            "min": 0.01,
            "max": 0.02,
            "count": 50
        },
        "HealthcareDDA.IsTraining.mean": {
            "value": 1.0,
            "min": 1.0,
            "max": 1.0,
            "count": 50
        },
        "HealthcareDDA.IsTraining.sum": {
            "value": 1.0,
            "min": 1.0,
            "max": 1.0,
            "count": 50
        }
    },
    "metadata": {
        "timer_format_version": "0.1.0",
        "start_time_seconds": "1748009638",
        "python_version": "3.10.12 (main, Jan  5 2025, 23:12:11) [GCC 14.1.1 20240522]",
        "command_line_arguments": "/home/samgomes/Documents/doutoramento/projects/iProlepsis/reps/healthcare-dda-mlagent/python-venv/bin/mlagents-learn config/ppo/HealthcareDDA.yaml --run-id=PPO_MBS_OnOff --force",
        "mlagents_version": "1.0.0",
        "mlagents_envs_version": "1.1.0",
        "communication_protocol_version": "1.5.0",
        "pytorch_version": "2.2.2+cu121",
        "numpy_version": "1.23.5",
        "end_time_seconds": "1748009764"
    },
    "total": 126.23360547599987,
    "count": 1,
    "self": 0.007110393000402837,
    "children": {
        "run_training.setup": {
            "total": 0.01805166699887195,
            "count": 1,
            "self": 0.01805166699887195
        },
        "TrainerController.start_learning": {
            "total": 126.20844341600059,
            "count": 1,
            "self": 0.2902534610766452,
            "children": {
                "TrainerController._reset_env": {
                    "total": 12.831666322001183,
                    "count": 1,
                    "self": 12.831666322001183
                },
                "TrainerController.advance": {
                    "total": 113.02229306592199,
                    "count": 12504,
                    "self": 0.2818504659644532,
                    "children": {
                        "env_step": {
                            "total": 65.59855208292356,
                            "count": 12504,
                            "self": 48.65939147706558,
                            "children": {
                                "SubprocessEnvManager._take_step": {
                                    "total": 16.77189523686502,
                                    "count": 12504,
                                    "self": 0.7462806818421086,
                                    "children": {
                                        "TorchPolicy.evaluate": {
                                            "total": 16.025614555022912,
                                            "count": 12504,
                                            "self": 16.025614555022912
                                        }
                                    }
                                },
                                "workers": {
                                    "total": 0.16726536899295752,
                                    "count": 12504,
                                    "self": 0.0,
                                    "children": {
                                        "worker_root": {
                                            "total": 125.7548534359521,
                                            "count": 12504,
                                            "is_parallel": true,
                                            "self": 90.8227800479217,
                                            "children": {
                                                "run_training.setup": {
                                                    "total": 0.0,
                                                    "count": 0,
                                                    "is_parallel": true,
                                                    "self": 0.0,