{
    "name": "root",
    "gauges": {
        "HealthcareDDA.Policy.Entropy.mean": {
            "value": 1.593859314918518,
            "min": 1.5926622152328491,
            "max": 1.6038423776626587,
            "count": 50
        },
        "HealthcareDDA.Policy.Entropy.sum": {
            "value": 1581.1083984375,
            "min": 1580.49365234375,
            "max": 1616.534912109375,
            "count": 50
        },
        "HealthcareDDA.Environment.EpisodeLength.mean": {
            "value": 3.0,
            "min": 3.0,
            "max": 3.0,
            "count": 50
        },
        "HealthcareDDA.Environment.EpisodeLength.sum": {
            "value": 744.0,
            "min": 744.0,
            "max": 756.0,
            "count": 50
        },
        "HealthcareDDA.Step.mean": {
            "value": 49996.0,
            "min": 996.0,
            "max": 49996.0,
            "count": 50
        },
        "HealthcareDDA.Step.sum": {
            "value": 49996.0,
            "min": 996.0,
            "max": 49996.0,
            "count": 50
        },
        "HealthcareDDA.Policy.ExtrinsicValueEstimate.mean": {
            "value": 0.5980258584022522,
            "min": 0.2475893199443817,
            "max": 0.603367030620575,
            "count": 50
        },
        "HealthcareDDA.Policy.ExtrinsicValueEstimate.sum": {
            "value": 149.5064697265625,
            "min": 61.89733123779297,
            "max": 150.8417510986328,
            "count": 50
        },
        "HealthcareDDA.Environment.CumulativeReward.mean": {
            "value": 1.6654942947626115,
            "min": 1.5512833685874938,
            "max": 1.7013258541822434,
            "count": 50
        },
        "HealthcareDDA.Environment.CumulativeReward.sum": {
            "value": 416.37357369065285,
            "min": 387.8208421468735,
            "max": 425.33146354556084,
            "count": 50
        },
        "HealthcareDDA.Policy.ExtrinsicReward.mean": {
            "value": 1.6654942947626115,
            "min": 1.5512833685874938,
            "max": 1.7013258541822434,
            "count": 50
        },
        "HealthcareDDA.Policy.ExtrinsicReward.sum": {
            "value": 416.37357369065285,
            "min": 387.8208421468735,
            "max": 425.33146354556084,
            "count": 50
        },
        "HealthcareDDA.IsTraining.mean": {
            "value": 1.0,
            "min": 1.0,
            "max": 1.0,
            "count": 50
        },
        "HealthcareDDA.IsTraining.sum": {
            "value": 1.0,
            "min": 1.0,
            "max": 1.0,
            "count": 50
        },
        "HealthcareDDA.Losses.PolicyLoss.mean": {
            "value": 0.020496463814439873,
            "min": 0.020496463814439873,
            "max": 0.026771498483140022,
            "count": 4
        },
        "HealthcareDDA.Losses.PolicyLoss.sum": {
            "value": 0.020496463814439873,
            "min": 0.020496463814439873,
            "max": 0.026771498483140022,
            "count": 4
        },
        "HealthcareDDA.Losses.ValueLoss.mean": {
            "value": 0.730813592672348,
            "min": 0.730813592672348,
            "max": 0.9333747565746308,
            "count": 4
        },
        "HealthcareDDA.Losses.ValueLoss.sum": {
            "value": 0.730813592672348,
            "min": 0.730813592672348,
            "max": 0.9333747565746308,
            "count": 4
        },
        "HealthcareDDA.Policy.LearningRate.mean": {
            "value": 5.385608204800001e-05,
            "min": 5.385608204800001e-05,
            "max": 0.000238464020512,
            "count": 4
        },
        "HealthcareDDA.Policy.LearningRate.sum": {
            "value": 5.385608204800001e-05,
            "min": 5.385608204800001e-05,
            "max": 0.000238464020512,
            "count": 4
        },
        "HealthcareDDA.Policy.Epsilon.mean": {
            "value": 0.11795199999999997,
            "min": 0.11795199999999997,
            "max": 0.17948800000000004,
            "count": 4
        },
        "HealthcareDDA.Policy.Epsilon.sum": {
            "value": 0.11795199999999997,
            "min": 0.11795199999999997,
            "max": 0.17948800000000004,
            "count": 4
        },
        "HealthcareDDA.Policy.Beta.mean": {
            "value": 0.0009058048000000001,
            "min": 0.0009058048000000001,
            "max": 0.003976451199999999,
            "count": 4
        },
        "HealthcareDDA.Policy.Beta.sum": {
            "value": 0.0009058048000000001,
            "min": 0.0009058048000000001,
            "max": 0.003976451199999999,
            "count": 4
        }
    },
    "metadata": {
        "timer_format_version": "0.1.0",
        "start_time_seconds": "1757956618",
        "python_version": "3.10.12 (main, Jan  5 2025, 23:12:11) [GCC 14.1.1 20240522]",
        "command_line_arguments": "/home/samgomes/Documents/doutoramento/projects/iProlepsis/reps/healthcare-dda-mlagent/python-venv/bin/mlagents-learn config/random/HealthcareDDA.yaml --run-id=Random_TK_No_Flares --force",
        "mlagents_version": "1.0.0",
        "mlagents_envs_version": "1.1.0",
        "communication_protocol_version": "1.5.0",
        "pytorch_version": "2.2.2+cu121",
        "numpy_version": "1.23.5",
        "end_time_seconds": "1757956719"
    },
    "total": 101.26485810100348,
    "count": 1,
    "self": 0.007125763004296459,
    "children": {
        "run_training.setup": {
            "total": 0.016954246999375755,
            "count": 1,
            "self": 0.016954246999375755
        },
        "TrainerController.start_learning": {
            "total": 101.24077809099981,
            "count": 1,
            "self": 0.30608093302726047,
            "children": {
                "TrainerController._reset_env": {
                    "total": 7.573581846998422,
                    "count": 1,
                    "self": 7.573581846998422
                },
                "TrainerController.advance": {
                    "total": 93.3153310679736,
                    "count": 12504,
                    "self": 0.2979684080128209,
                    "children": {
                        "env_step": {
                            "total": 64.86559582103291,
                            "count": 12504,
                            "self": 49.05178658609293,
                            "children": {
                                "SubprocessEnvManager._take_step": {
                                    "total": 15.633745959963562,
                                    "count": 12504,
                                    "self": 0.7848617149866186,
                                    "children": {
                                        "TorchPolicy.evaluate": {
                                            "total": 14.848884244976944,
                                            "count": 12504,
                                            "self": 14.848884244976944
                                        }
                                    }
                                },
                                "workers": {
                                    "total": 0.18006327497641905,
                                    "count": 12504,
                                    "self": 0.0,
                                    "children": {
                                        "worker_root": {
                                            "total": 100.8024485478345,
                                            "count": 12504,
                                            "is_parallel": true,
                                            "self": 65.92323174695048,
                                            "children": {
                                                "run_training.setup": {
                                                    "total": 0.0,
                                                    "count": 0,