{
    "name": "root",
    "gauges": {
        "HealthcareDDA.Policy.Entropy.mean": {
            "value": 0.04009512811899185,
            "min": 0.030430331826210022,
            "max": 1.3613699674606323,
            "count": 50
        },
        "HealthcareDDA.Policy.Entropy.sum": {
            "value": 39.77436828613281,
            "min": 30.67377471923828,
            "max": 1372.260986328125,
            "count": 50
        },
        "HealthcareDDA.Environment.EpisodeLength.mean": {
            "value": 3.0,
            "min": 3.0,
            "max": 3.0,
            "count": 50
        },
        "HealthcareDDA.Environment.EpisodeLength.sum": {
            "value": 744.0,
            "min": 744.0,
            "max": 756.0,
            "count": 50
        },
        "HealthcareDDA.Step.mean": {
            "value": 49996.0,
            "min": 996.0,
            "max": 49996.0,
            "count": 50
        },
        "HealthcareDDA.Step.sum": {
            "value": 49996.0,
            "min": 996.0,
            "max": 49996.0,
            "count": 50
        },
        "HealthcareDDA.Policy.ExtrinsicValueEstimate.mean": {
            "value": 1.6294926404953003,
            "min": 0.31151536107063293,
            "max": 1.6472629308700562,
            "count": 50
        },
        "HealthcareDDA.Policy.ExtrinsicValueEstimate.sum": {
            "value": 407.3731689453125,
            "min": 77.56732177734375,
            "max": 411.81573486328125,
            "count": 50
        },
        "HealthcareDDA.Environment.CumulativeReward.mean": {
            "value": 2.527489288330078,
            "min": 1.6378267394251613,
            "max": 2.534739375114441,
            "count": 50
        },
        "HealthcareDDA.Environment.CumulativeReward.sum": {
            "value": 631.8723220825195,
            "min": 407.81885811686516,
            "max": 633.6848437786102,
            "count": 50
        },
        "HealthcareDDA.Policy.ExtrinsicReward.mean": {
            "value": 2.527489288330078,
            "min": 1.6378267394251613,
            "max": 2.534739375114441,
            "count": 50
        },
        "HealthcareDDA.Policy.ExtrinsicReward.sum": {
            "value": 631.8723220825195,
            "min": 407.81885811686516,
            "max": 633.6848437786102,
            "count": 50
        },
        "HealthcareDDA.Losses.PolicyLoss.mean": {
            "value": 0.1009906863910146,
            "min": 0.0660807800013572,
            "max": 0.11250665597617626,
            "count": 50
        },
        "HealthcareDDA.Losses.PolicyLoss.sum": {
            "value": 0.2019813727820292,
            "min": 0.0660807800013572,
            "max": 0.21893824023815492,
            "count": 50
        },
        "HealthcareDDA.Losses.ValueLoss.mean": {
            "value": 0.07521778562416634,
            "min": 0.07343858759850264,
            "max": 0.42028507466117543,
            "count": 50
        },
        "HealthcareDDA.Losses.ValueLoss.sum": {
            "value": 0.15043557124833268,
            "min": 0.07581424495826165,
            "max": 0.42028507466117543,
            "count": 50
        },
        "HealthcareDDA.Policy.LearningRate.mean": {
            "value": 6.32009873600002e-06,
            "min": 6.32009873600002e-06,
            "max": 0.000494720001056,
            "count": 50
        },
        "HealthcareDDA.Policy.LearningRate.sum": {
            "value": 1.264019747200004e-05,
            "min": 1.264019747200004e-05,
            "max": 0.00097360000528,
            "count": 50
        },
        "HealthcareDDA.Policy.Epsilon.mean": {
            "value": 0.10379200000000002,
            "min": 0.10379200000000002,
            "max": 0.3968320000000001,
            "count": 50
        },
        "HealthcareDDA.Policy.Epsilon.sum": {
            "value": 0.20758400000000005,
            "min": 0.11488,
            "max": 0.78416,
            "count": 50
        },
        "HealthcareDDA.Policy.Beta.mean": {
            "value": 0.0001362736000000004,
            "min": 0.0001362736000000004,
            "max": 0.0098945056,
            "count": 50
        },
        "HealthcareDDA.Policy.Beta.sum": {
            "value": 0.0002725472000000008,
            "min": 0.0002725472000000008,
            "max": 0.019472528,
            "count": 50
        },
        "HealthcareDDA.IsTraining.mean": {
            "value": 1.0,
            "min": 1.0,
            "max": 1.0,
            "count": 50
        },
        "HealthcareDDA.IsTraining.sum": {
            "value": 1.0,
            "min": 1.0,
            "max": 1.0,
            "count": 50
        }
    },
    "metadata": {
        "timer_format_version": "0.1.0",
        "start_time_seconds": "1747842412",
        "python_version": "3.10.12 (main, Jan  5 2025, 23:12:11) [GCC 14.1.1 20240522]",
        "command_line_arguments": "/home/samgomes/Documents/doutoramento/projects/iProlepsis/reps/healthcare-dda-mlagent/python-venv/bin/mlagents-learn config/ppo/HealthcareDDA.yaml --run-id=PPO_MBS_No_Flares --force",
        "mlagents_version": "1.0.0",
        "mlagents_envs_version": "1.1.0",
        "communication_protocol_version": "1.5.0",
        "pytorch_version": "2.2.2+cu121",
        "numpy_version": "1.23.5",
        "end_time_seconds": "1747842572"
    },
    "total": 160.22439139299968,
    "count": 1,
    "self": 0.009111612998822238,
    "children": {
        "run_training.setup": {
            "total": 0.023084885000571376,
            "count": 1,
            "self": 0.023084885000571376
        },
        "TrainerController.start_learning": {
            "total": 160.19219489500028,
            "count": 1,
            "self": 0.39220861864305334,
            "children": {
                "TrainerController._reset_env": {
                    "total": 13.81701858100132,
                    "count": 1,
                    "self": 13.81701858100132
                },
                "TrainerController.advance": {
                    "total": 145.90602891035815,
                    "count": 12504,
                    "self": 0.3744534302968532,
                    "children": {
                        "env_step": {
                            "total": 84.54151080412703,
                            "count": 12504,
                            "self": 62.47943207690696,
                            "children": {
                                "SubprocessEnvManager._take_step": {
                                    "total": 21.852256225098245,
                                    "count": 12504,
                                    "self": 1.040255272280774,
                                    "children": {
                                        "TorchPolicy.evaluate": {
                                            "total": 20.81200095281747,
                                            "count": 12504,
                                            "self": 20.81200095281747
                                        }
                                    }
                                },
                                "workers": {
                                    "total": 0.20982250212182407,
                                    "count": 12504,
                                    "self": 0.0,
                                    "children": {
                                        "worker_root": {
                                            "total": 159.64082862285795,
                                            "count": 12504,
                                            "is_parallel": true,
                                            "self": 115.15744389283645,
                                            "children": {
                                                "run_training.setup": {
                                                    "total": 0.0,
                                                    "count": 0,