{
    "name": "root",
    "gauges": {
        "HealthcareDDA.Policy.Entropy.mean": {
            "value": 0.03995358571410179,
            "min": 0.026035217568278313,
            "max": 1.3855091333389282,
            "count": 50
        },
        "HealthcareDDA.Policy.Entropy.sum": {
            "value": 39.63395690917969,
            "min": 25.826936721801758,
            "max": 1396.59326171875,
            "count": 50
        },
        "HealthcareDDA.Environment.EpisodeLength.mean": {
            "value": 3.0,
            "min": 3.0,
            "max": 3.0,
            "count": 50
        },
        "HealthcareDDA.Environment.EpisodeLength.sum": {
            "value": 744.0,
            "min": 744.0,
            "max": 756.0,
            "count": 50
        },
        "HealthcareDDA.Step.mean": {
            "value": 49996.0,
            "min": 996.0,
            "max": 49996.0,
            "count": 50
        },
        "HealthcareDDA.Step.sum": {
            "value": 49996.0,
            "min": 996.0,
            "max": 49996.0,
            "count": 50
        },
        "HealthcareDDA.Policy.ExtrinsicValueEstimate.mean": {
            "value": 1.5594525337219238,
            "min": 0.24171379208564758,
            "max": 1.5776501893997192,
            "count": 50
        },
        "HealthcareDDA.Policy.ExtrinsicValueEstimate.sum": {
            "value": 389.8631286621094,
            "min": 60.18673324584961,
            "max": 394.41253662109375,
            "count": 50
        },
        "HealthcareDDA.Environment.CumulativeReward.mean": {
            "value": 2.4275438446998594,
            "min": 1.5553647610078376,
            "max": 2.4347402296066285,
            "count": 50
        },
        "HealthcareDDA.Environment.CumulativeReward.sum": {
            "value": 606.8859611749649,
            "min": 387.28582549095154,
            "max": 608.6850574016571,
            "count": 50
        },
        "HealthcareDDA.Policy.ExtrinsicReward.mean": {
            "value": 2.4275438446998594,
            "min": 1.5553647610078376,
            "max": 2.4347402296066285,
            "count": 50
        },
        "HealthcareDDA.Policy.ExtrinsicReward.sum": {
            "value": 606.8859611749649,
            "min": 387.28582549095154,
            "max": 608.6850574016571,
            "count": 50
        },
        "HealthcareDDA.Losses.PolicyLoss.mean": {
            "value": 0.029656351571247797,
            "min": 0.011382405391486827,
            "max": 0.20526689291000366,
            "count": 50
        },
        "HealthcareDDA.Losses.PolicyLoss.sum": {
            "value": 0.05931270314249559,
            "min": 0.01577803225518437,
            "max": 0.3574125827290118,
            "count": 50
        },
        "HealthcareDDA.Losses.ValueLoss.mean": {
            "value": 0.07060574018396437,
            "min": 0.06907488219439983,
            "max": 0.6355807967483997,
            "count": 50
        },
        "HealthcareDDA.Losses.ValueLoss.sum": {
            "value": 0.14121148036792874,
            "min": 0.06907488219439983,
            "max": 0.6355807967483997,
            "count": 50
        },
        "HealthcareDDA.Policy.LearningRate.mean": {
            "value": 6.32009873600002e-06,
            "min": 6.32009873600002e-06,
            "max": 0.000494720001056,
            "count": 50
        },
        "HealthcareDDA.Policy.LearningRate.sum": {
            "value": 1.264019747200004e-05,
            "min": 1.264019747200004e-05,
            "max": 0.00097360000528,
            "count": 50
        },
        "HealthcareDDA.Policy.Beta.mean": {
            "value": 0.0001264000987360004,
            "min": 0.0001264000987360004,
            "max": 0.009894400001056,
            "count": 50
        },
        "HealthcareDDA.Policy.Beta.sum": {
            "value": 0.0002528001974720008,
            "min": 0.0002528001974720008,
            "max": 0.019472000005280002,
            "count": 50
        },
        "HealthcareDDA.IsTraining.mean": {
            "value": 1.0,
            "min": 1.0,
            "max": 1.0,
            "count": 50
        },
        "HealthcareDDA.IsTraining.sum": {
            "value": 1.0,
            "min": 1.0,
            "max": 1.0,
            "count": 50
        }
    },
    "metadata": {
        "timer_format_version": "0.1.0",
        "start_time_seconds": "1747843678",
        "python_version": "3.10.12 (main, Jan  5 2025, 23:12:11) [GCC 14.1.1 20240522]",
        "command_line_arguments": "/home/samgomes/Documents/doutoramento/projects/iProlepsis/reps/healthcare-dda-mlagent/python-venv/bin/mlagents-learn config/a2c/HealthcareDDA.yaml --run-id=A2C_MBS_Flares --force",
        "mlagents_version": "1.0.0",
        "mlagents_envs_version": "1.1.0",
        "communication_protocol_version": "1.5.0",
        "pytorch_version": "2.2.2+cu121",
        "numpy_version": "1.23.5",
        "end_time_seconds": "1747843790"
    },
    "total": 112.61558883899852,
    "count": 1,
    "self": 0.01222068499555462,
    "children": {
        "run_training.setup": {
            "total": 0.019384463001188124,
            "count": 1,
            "self": 0.019384463001188124
        },
        "TrainerController.start_learning": {
            "total": 112.58398369100178,
            "count": 1,
            "self": 0.31498709390871227,
            "children": {
                "TrainerController._reset_env": {
                    "total": 8.830085831999895,
                    "count": 1,
                    "self": 8.830085831999895
                },
                "TrainerController.advance": {
                    "total": 103.37622735408877,
                    "count": 12504,
                    "self": 0.2867161972608301,
                    "children": {
                        "env_step": {
                            "total": 68.97454941099932,
                            "count": 12504,
                            "self": 50.94668738812106,
                            "children": {
                                "SubprocessEnvManager._take_step": {
                                    "total": 17.854603532770852,
                                    "count": 12504,
                                    "self": 0.787183983491559,
                                    "children": {
                                        "TorchPolicy.evaluate": {
                                            "total": 17.067419549279293,
                                            "count": 12504,
                                            "self": 17.067419549279293
                                        }
                                    }
                                },
                                "workers": {
                                    "total": 0.17325849010740058,
                                    "count": 12504,
                                    "self": 0.0,
                                    "children": {
                                        "worker_root": {
                                            "total": 112.13346446480136,
                                            "count": 12504,
                                            "is_parallel": true,
                                            "self": 75.70861061982578,
                                            "children": {
                                                "run_training.setup": {
                                                    "total": 0.0,
                                                    "count": 0,
                                                    "is_parallel": true,
                                                    "self": 0.0,
                                                    "children": {
                                                        "steps_from_proto": {
                                                            "total": 0.0008271330007119104,