{
    "name": "root",
    "gauges": {
        "HealthcareDDA.Policy.Entropy.mean": {
            "value": 0.30748695135116577,
            "min": 0.29808133840560913,
            "max": 1.3586212396621704,
            "count": 50
        },
        "HealthcareDDA.Policy.Entropy.sum": {
            "value": 305.0270690917969,
            "min": 300.46600341796875,
            "max": 1369.490234375,
            "count": 50
        },
        "HealthcareDDA.Environment.EpisodeLength.mean": {
            "value": 3.0,
            "min": 3.0,
            "max": 3.0,
            "count": 50
        },
        "HealthcareDDA.Environment.EpisodeLength.sum": {
            "value": 744.0,
            "min": 744.0,
            "max": 756.0,
            "count": 50
        },
        "HealthcareDDA.Step.mean": {
            "value": 49996.0,
            "min": 996.0,
            "max": 49996.0,
            "count": 50
        },
        "HealthcareDDA.Step.sum": {
            "value": 49996.0,
            "min": 996.0,
            "max": 49996.0,
            "count": 50
        },
        "HealthcareDDA.Policy.ExtrinsicValueEstimate.mean": {
            "value": 1.5569623708724976,
            "min": 0.39208096265792847,
            "max": 1.5569623708724976,
            "count": 50
        },
        "HealthcareDDA.Policy.ExtrinsicValueEstimate.sum": {
            "value": 389.2406005859375,
            "min": 97.62815856933594,
            "max": 389.2406005859375,
            "count": 50
        },
        "HealthcareDDA.Environment.CumulativeReward.mean": {
            "value": 2.401873432159424,
            "min": 1.63603560034051,
            "max": 2.4235241832733156,
            "count": 50
        },
        "HealthcareDDA.Environment.CumulativeReward.sum": {
            "value": 600.468358039856,
            "min": 407.372864484787,
            "max": 605.8810458183289,
            "count": 50
        },
        "HealthcareDDA.Policy.ExtrinsicReward.mean": {
            "value": 2.401873432159424,
            "min": 1.63603560034051,
            "max": 2.4235241832733156,
            "count": 50
        },
        "HealthcareDDA.Policy.ExtrinsicReward.sum": {
            "value": 600.468358039856,
            "min": 407.372864484787,
            "max": 605.8810458183289,
            "count": 50
        },
        "HealthcareDDA.Losses.PolicyLoss.mean": {
            "value": 0.09034452921090026,
            "min": 0.07546038190776017,
            "max": 0.46317124692723155,
            "count": 50
        },
        "HealthcareDDA.Losses.PolicyLoss.sum": {
            "value": 0.2710335876327008,
            "min": 0.24648902751505375,
            "max": 1.8526849877089262,
            "count": 50
        },
        "HealthcareDDA.Losses.ValueLoss.mean": {
            "value": 0.07828193235521515,
            "min": 0.0764843225479126,
            "max": 0.7813968174159527,
            "count": 50
        },
        "HealthcareDDA.Losses.ValueLoss.sum": {
            "value": 0.23484579706564546,
            "min": 0.2294529676437378,
            "max": 3.1255872696638107,
            "count": 50
        },
        "HealthcareDDA.Policy.LearningRate.mean": {
            "value": 4.9600990080000194e-06,
            "min": 4.9600990080000194e-06,
            "max": 0.000494560001088,
            "count": 50
        },
        "HealthcareDDA.Policy.LearningRate.sum": {
            "value": 1.488029702400006e-05,
            "min": 1.488029702400006e-05,
            "max": 0.001940160011968,
            "count": 50
        },
        "HealthcareDDA.Policy.Beta.mean": {
            "value": 9.92000990080004e-05,
            "min": 9.92000990080004e-05,
            "max": 0.009891200001088,
            "count": 50
        },
        "HealthcareDDA.Policy.Beta.sum": {
            "value": 0.00029760029702400123,
            "min": 0.00029760029702400123,
            "max": 0.038803200011968006,
            "count": 50
        },
        "HealthcareDDA.IsTraining.mean": {
            "value": 1.0,
            "min": 1.0,
            "max": 1.0,
            "count": 50
        },
        "HealthcareDDA.IsTraining.sum": {
            "value": 1.0,
            "min": 1.0,
            "max": 1.0,
            "count": 50
        }
    },
    "metadata": {
        "timer_format_version": "0.1.0",
        "start_time_seconds": "1746720171",
        "python_version": "3.10.12 (main, Jan  5 2025, 23:12:11) [GCC 14.1.1 20240522]",
        "command_line_arguments": "/home/samgomes/Documents/doutoramento/projects/iProlepsis/reps/healthcare-dda-mlagent/python-venv/bin/mlagents-learn config/a2c/HealthcareDDA.yaml --run-id=A2C_MBS_Flares --force",
        "mlagents_version": "1.0.0",
        "mlagents_envs_version": "1.1.0",
        "communication_protocol_version": "1.5.0",
        "pytorch_version": "2.2.2+cu121",
        "numpy_version": "1.23.5",
        "end_time_seconds": "1746720275"
    },
    "total": 104.51225806900038,
    "count": 1,
    "self": 0.01125730799685698,
    "children": {
        "run_training.setup": {
            "total": 0.0196897040004842,
            "count": 1,
            "self": 0.0196897040004842
        },
        "TrainerController.start_learning": {
            "total": 104.48131105700304,
            "count": 1,
            "self": 0.30015855190868024,
            "children": {
                "TrainerController._reset_env": {
                    "total": 12.550158559999545,
                    "count": 1,
                    "self": 12.550158559999545
                },
                "TrainerController.advance": {
                    "total": 91.57271193309498,
                    "count": 12504,
                    "self": 0.28223593531220104,
                    "children": {
                        "env_step": {
                            "total": 59.01603651489131,
                            "count": 12504,
                            "self": 42.54746505908406,
                            "children": {
                                "SubprocessEnvManager._take_step": {
                                    "total": 16.29259980295683,
                                    "count": 12504,
                                    "self": 0.7797994058018958,
                                    "children": {
                                        "TorchPolicy.evaluate": {
                                            "total": 15.512800397154933,
                                            "count": 12504,
                                            "self": 15.512800397154933
                                        }
                                    }
                                },
                                "workers": {
                                    "total": 0.17597165285042138,
                                    "count": 12504,
                                    "self": 0.0,
                                    "children": {
                                        "worker_root": {
                                            "total": 104.04523099529979,
                                            "count": 12504,
                                            "is_parallel": true,
                                            "self": 75.5959787373722,
                                            "children": {
                                                "run_training.setup": {
                                                    "total": 0.0,
                                                    "count": 0,
                                                    "is_parallel": true,
                                                    "self": 0.0,
                                                    "children": {
                                                        "steps_from_proto": {
                                                            "total": 0.001055355001881253,