{
    "name": "root",
    "gauges": {
        "HealthcareDDA.Policy.Entropy.mean": {
            "value": 0.1662743240594864,
            "min": 0.1662743240594864,
            "max": 1.5494654178619385,
            "count": 50
        },
        "HealthcareDDA.Policy.Entropy.sum": {
            "value": 164.94412231445312,
            "min": 164.94412231445312,
            "max": 1561.861083984375,
            "count": 50
        },
        "HealthcareDDA.Environment.EpisodeLength.mean": {
            "value": 3.0,
            "min": 3.0,
            "max": 3.0,
            "count": 50
        },
        "HealthcareDDA.Environment.EpisodeLength.sum": {
            "value": 744.0,
            "min": 744.0,
            "max": 756.0,
            "count": 50
        },
        "HealthcareDDA.Step.mean": {
            "value": 49996.0,
            "min": 996.0,
            "max": 49996.0,
            "count": 50
        },
        "HealthcareDDA.Step.sum": {
            "value": 49996.0,
            "min": 996.0,
            "max": 49996.0,
            "count": 50
        },
        "HealthcareDDA.Policy.ExtrinsicValueEstimate.mean": {
            "value": 2.2180750370025635,
            "min": 0.6753838062286377,
            "max": 2.2746224403381348,
            "count": 50
        },
        "HealthcareDDA.Policy.ExtrinsicValueEstimate.sum": {
            "value": 554.5187377929688,
            "min": 168.17056274414062,
            "max": 568.6556396484375,
            "count": 50
        },
        "HealthcareDDA.Environment.CumulativeReward.mean": {
            "value": 3.488516616344452,
            "min": 2.4017252699438347,
            "max": 3.5698833413124085,
            "count": 50
        },
        "HealthcareDDA.Environment.CumulativeReward.sum": {
            "value": 872.129154086113,
            "min": 598.0295922160149,
            "max": 892.4708353281021,
            "count": 50
        },
        "HealthcareDDA.Policy.ExtrinsicReward.mean": {
            "value": 3.488516616344452,
            "min": 2.4017252699438347,
            "max": 3.5698833413124085,
            "count": 50
        },
        "HealthcareDDA.Policy.ExtrinsicReward.sum": {
            "value": 872.129154086113,
            "min": 598.0295922160149,
            "max": 892.4708353281021,
            "count": 50
        },
        "HealthcareDDA.Losses.PolicyLoss.mean": {
            "value": 0.07218243856914341,
            "min": 0.06657498443382792,
            "max": 0.5153489895164967,
            "count": 50
        },
        "HealthcareDDA.Losses.PolicyLoss.sum": {
            "value": 0.21654731570743024,
            "min": 0.21654731570743024,
            "max": 2.0613959580659866,
            "count": 50
        },
        "HealthcareDDA.Losses.ValueLoss.mean": {
            "value": 0.4633028618991375,
            "min": 0.407404288649559,
            "max": 2.0367412455379963,
            "count": 50
        },
        "HealthcareDDA.Losses.ValueLoss.sum": {
            "value": 1.3899085856974125,
            "min": 1.223190139979124,
            "max": 8.146964982151985,
            "count": 50
        },
        "HealthcareDDA.Policy.LearningRate.mean": {
            "value": 4.9600990080000194e-06,
            "min": 4.9600990080000194e-06,
            "max": 0.000494560001088,
            "count": 50
        },
        "HealthcareDDA.Policy.LearningRate.sum": {
            "value": 1.488029702400006e-05,
            "min": 1.488029702400006e-05,
            "max": 0.001940160011968,
            "count": 50
        },
        "HealthcareDDA.Policy.Beta.mean": {
            "value": 9.92000990080004e-05,
            "min": 9.92000990080004e-05,
            "max": 0.009891200001088,
            "count": 50
        },
        "HealthcareDDA.Policy.Beta.sum": {
            "value": 0.00029760029702400123,
            "min": 0.00029760029702400123,
            "max": 0.038803200011968006,
            "count": 50
        },
        "HealthcareDDA.IsTraining.mean": {
            "value": 1.0,
            "min": 1.0,
            "max": 1.0,
            "count": 50
        },
        "HealthcareDDA.IsTraining.sum": {
            "value": 1.0,
            "min": 1.0,
            "max": 1.0,
            "count": 50
        }
    },
    "metadata": {
        "timer_format_version": "0.1.0",
        "start_time_seconds": "1746721743",
        "python_version": "3.10.12 (main, Jan  5 2025, 23:12:11) [GCC 14.1.1 20240522]",
        "command_line_arguments": "/home/samgomes/Documents/doutoramento/projects/iProlepsis/reps/healthcare-dda-mlagent/python-venv/bin/mlagents-learn config/a2c/HealthcareDDA.yaml --run-id=A2C_TK_Flares --force",
        "mlagents_version": "1.0.0",
        "mlagents_envs_version": "1.1.0",
        "communication_protocol_version": "1.5.0",
        "pytorch_version": "2.2.2+cu121",
        "numpy_version": "1.23.5",
        "end_time_seconds": "1746721845"
    },
    "total": 102.28076400899954,
    "count": 1,
    "self": 0.007101410003087949,
    "children": {
        "run_training.setup": {
            "total": 0.019999573996756226,
            "count": 1,
            "self": 0.019999573996756226
        },
        "TrainerController.start_learning": {
            "total": 102.2536630249997,
            "count": 1,
            "self": 0.30697679711011006,
            "children": {
                "TrainerController._reset_env": {
                    "total": 10.820617266002955,
                    "count": 1,
                    "self": 10.820617266002955
                },
                "TrainerController.advance": {
                    "total": 91.06805929388429,
                    "count": 12504,
                    "self": 0.2912996070153895,
                    "children": {
                        "env_step": {
                            "total": 58.535496087813954,
                            "count": 12504,
                            "self": 42.011075319882366,
                            "children": {
                                "SubprocessEnvManager._take_step": {
                                    "total": 16.35085569214425,
                                    "count": 12504,
                                    "self": 0.7809762808756204,
                                    "children": {
                                        "TorchPolicy.evaluate": {
                                            "total": 15.56987941126863,
                                            "count": 12504,
                                            "self": 15.56987941126863
                                        }
                                    }
                                },
                                "workers": {
                                    "total": 0.17356507578733726,
                                    "count": 12504,
                                    "self": 0.0,
                                    "children": {
                                        "worker_root": {
                                            "total": 101.83054252108195,
                                            "count": 12504,
                                            "is_parallel": true,
                                            "self": 73.90257814606593,
                                            "children": {
                                                "run_training.setup": {
                                                    "total": 0.0,
                                                    "count": 0,
                                                    "is_parallel": true,
                                                    "self": 0.0,
                                                    "children": {
                                                        "steps_from_proto": {
                                                            "total": 0.001109233999159187,