{
    "name": "root",
    "gauges": {
        "HealthcareDDA.Policy.Entropy.mean": {
            "value": 0.4677582085132599,
            "min": 0.15398898720741272,
            "max": 1.5593266487121582,
            "count": 50
        },
        "HealthcareDDA.Policy.Entropy.sum": {
            "value": 464.0161437988281,
            "min": 152.757080078125,
            "max": 1571.80126953125,
            "count": 50
        },
        "HealthcareDDA.Environment.EpisodeLength.mean": {
            "value": 3.0,
            "min": 3.0,
            "max": 3.0,
            "count": 50
        },
        "HealthcareDDA.Environment.EpisodeLength.sum": {
            "value": 744.0,
            "min": 744.0,
            "max": 756.0,
            "count": 50
        },
        "HealthcareDDA.Step.mean": {
            "value": 49996.0,
            "min": 996.0,
            "max": 49996.0,
            "count": 50
        },
        "HealthcareDDA.Step.sum": {
            "value": 49996.0,
            "min": 996.0,
            "max": 49996.0,
            "count": 50
        },
        "HealthcareDDA.Policy.ExtrinsicValue.mean": {
            "value": 1.6808935403823853,
            "min": 1.3532640933990479,
            "max": 2.458191394805908,
            "count": 50
        },
        "HealthcareDDA.Policy.ExtrinsicValue.sum": {
            "value": 420.223388671875,
            "min": 336.9627685546875,
            "max": 614.5478515625,
            "count": 50
        },
        "HealthcareDDA.Environment.CumulativeReward.mean": {
            "value": 2.4583333420753477,
            "min": 1.7225014998252133,
            "max": 2.505214289665222,
            "count": 50
        },
        "HealthcareDDA.Environment.CumulativeReward.sum": {
            "value": 614.583335518837,
            "min": 428.9028734564781,
            "max": 626.3035724163055,
            "count": 50
        },
        "HealthcareDDA.Policy.ExtrinsicReward.mean": {
            "value": 2.4583333420753477,
            "min": 1.7225014998252133,
            "max": 2.505214289665222,
            "count": 50
        },
        "HealthcareDDA.Policy.ExtrinsicReward.sum": {
            "value": 614.583335518837,
            "min": 428.9028734564781,
            "max": 626.3035724163055,
            "count": 50
        },
        "HealthcareDDA.Losses.PolicyLoss.mean": {
            "value": -1.6798818874903905,
            "min": -2.4766799575218585,
            "max": -1.448865009811649,
            "count": 50
        },
        "HealthcareDDA.Losses.PolicyLoss.sum": {
            "value": -416.61070809761685,
            "min": -619.5497862299284,
            "max": -357.8696574234773,
            "count": 50
        },
        "HealthcareDDA.Losses.ValueLoss.mean": {
            "value": 7.620797343347917e-05,
            "min": 2.2636064652482113e-05,
            "max": 0.0218741143383185,
            "count": 50
        },
        "HealthcareDDA.Losses.ValueLoss.sum": {
            "value": 0.018899577411502833,
            "min": 0.005704288292425493,
            "max": 5.402906241564669,
            "count": 50
        },
        "HealthcareDDA.Losses.Q1Loss.mean": {
            "value": 0.023015974137383783,
            "min": 0.010279860636826496,
            "max": 0.18754919691789879,
            "count": 50
        },
        "HealthcareDDA.Losses.Q1Loss.sum": {
            "value": 5.707961586071178,
            "min": 2.549405437932971,
            "max": 47.26239762331049,
            "count": 50
        },
        "HealthcareDDA.Losses.Q2Loss.mean": {
            "value": 0.02301264396851121,
            "min": 0.010323392638031604,
            "max": 0.1914996377256497,
            "count": 50
        },
        "HealthcareDDA.Losses.Q2Loss.sum": {
            "value": 5.70713570419078,
            "min": 2.5602013742318377,
            "max": 48.257908706863724,
            "count": 50
        },
        "HealthcareDDA.Policy.DiscreteEntropyCoeff.mean": {
            "value": 0.04995707934722304,
            "min": 0.048184613884997465,
            "max": 0.4708158317777862,
            "count": 50
        },
        "HealthcareDDA.Policy.DiscreteEntropyCoeff.sum": {
            "value": 12.389355678111315,
            "min": 11.949784243479371,
            "max": 116.29151044911319,
            "count": 50
        },
        "HealthcareDDA.Policy.ContinuousEntropyCoeff.mean": {
            "value": 0.5,
            "min": 0.5,
            "max": 0.5,
            "count": 50
        },
        "HealthcareDDA.Policy.ContinuousEntropyCoeff.sum": {
            "value": 124.0,
            "min": 123.5,
            "max": 126.0,
            "count": 50
        },
        "HealthcareDDA.Policy.LearningRate.mean": {
            "value": 5.040098992e-06,
            "min": 5.040098992e-06,
            "max": 0.0004949266406907854,
            "count": 50
        },
        "HealthcareDDA.Policy.LearningRate.sum": {
            "value": 0.001249944550016,
            "min": 0.001249944550016,
            "max": 0.12224688025062398,
            "count": 50
        },
        "HealthcareDDA.IsTraining.mean": {
            "value": 1.0,
            "min": 1.0,
            "max": 1.0,
            "count": 50
        },
        "HealthcareDDA.IsTraining.sum": {
            "value": 1.0,
            "min": 1.0,
            "max": 1.0,
            "count": 50
        }
    },
    "metadata": {
        "timer_format_version": "0.1.0",
        "start_time_seconds": "1747845744",
        "python_version": "3.10.12 (main, Jan  5 2025, 23:12:11) [GCC 14.1.1 20240522]",
        "command_line_arguments": "/home/samgomes/Documents/doutoramento/projects/iProlepsis/reps/healthcare-dda-mlagent/python-venv/bin/mlagents-learn config/sac/HealthcareDDA.yaml --run-id=SAC_TK_No_Flares --force",
        "mlagents_version": "1.0.0",
        "mlagents_envs_version": "1.1.0",
        "communication_protocol_version": "1.5.0",
        "pytorch_version": "2.2.2+cu121",
        "numpy_version": "1.23.5",
        "end_time_seconds": "1747846123"
    },
    "total": 379.5713224280007,
    "count": 1,
    "self": 0.007110571998055093,
    "children": {
        "run_training.setup": {
            "total": 0.021717436000471935,
            "count": 1,
            "self": 0.021717436000471935
        },
        "TrainerController.start_learning": {
            "total": 379.5424944200022,
            "count": 1,
            "self": 0.3220629780043964,
            "children": {
                "TrainerController._reset_env": {
                    "total": 15.348881003003044,
                    "count": 1,
                    "self": 15.348881003003044
                },
                "TrainerController.advance": {
                    "total": 363.795939591997,
                    "count": 12504,
                    "self": 0.2900933998389519,
                    "children": {
                        "env_step": {
                            "total": 69.33110797491463,
                            "count": 12504,
                            "self": 51.207357647257595,
                            "children": {
                                "SubprocessEnvManager._take_step": {
                                    "total": 17.945270396787237,
                                    "count": 12504,
                                    "self": 0.7859321620635455,
                                    "children": {
                                        "TorchPolicy.evaluate": {
                                            "total": 17.15933823472369,
                                            "count": 12504,
                                            "self": 17.15933823472369
                                        }
                                    }
                                },
                                "workers": {
                                    "total": 0.1784799308697984,