{
    "name": "root",
    "gauges": {
        "HealthcareDDA.Policy.Entropy.mean": {
            "value": 0.3245401680469513,
            "min": 0.16367386281490326,
            "max": 1.5374897718429565,
            "count": 50
        },
        "HealthcareDDA.Policy.Entropy.sum": {
            "value": 321.94384765625,
            "min": 162.36447143554688,
            "max": 1549.7896728515625,
            "count": 50
        },
        "HealthcareDDA.Environment.EpisodeLength.mean": {
            "value": 3.0,
            "min": 3.0,
            "max": 3.0,
            "count": 50
        },
        "HealthcareDDA.Environment.EpisodeLength.sum": {
            "value": 744.0,
            "min": 744.0,
            "max": 756.0,
            "count": 50
        },
        "HealthcareDDA.Step.mean": {
            "value": 49996.0,
            "min": 996.0,
            "max": 49996.0,
            "count": 50
        },
        "HealthcareDDA.Step.sum": {
            "value": 49996.0,
            "min": 996.0,
            "max": 49996.0,
            "count": 50
        },
        "HealthcareDDA.Policy.ExtrinsicValue.mean": {
            "value": 1.662896752357483,
            "min": 1.4283668994903564,
            "max": 2.468355894088745,
            "count": 50
        },
        "HealthcareDDA.Policy.ExtrinsicValue.sum": {
            "value": 415.72418212890625,
            "min": 355.6633605957031,
            "max": 617.0889892578125,
            "count": 50
        },
        "HealthcareDDA.Environment.CumulativeReward.mean": {
            "value": 2.4452079792022703,
            "min": 1.8574203680078667,
            "max": 2.462847026348114,
            "count": 50
        },
        "HealthcareDDA.Environment.CumulativeReward.sum": {
            "value": 611.3019948005676,
            "min": 462.4976716339588,
            "max": 615.7117565870285,
            "count": 50
        },
        "HealthcareDDA.Policy.ExtrinsicReward.mean": {
            "value": 2.4452079792022703,
            "min": 1.8574203680078667,
            "max": 2.462847026348114,
            "count": 50
        },
        "HealthcareDDA.Policy.ExtrinsicReward.sum": {
            "value": 611.3019948005676,
            "min": 462.4976716339588,
            "max": 615.7117565870285,
            "count": 50
        },
        "HealthcareDDA.Losses.PolicyLoss.mean": {
            "value": -1.6651481636349232,
            "min": -2.49599374261915,
            "max": -1.536265536278044,
            "count": 50
        },
        "HealthcareDDA.Losses.PolicyLoss.sum": {
            "value": -412.95674458146095,
            "min": -619.4196150700252,
            "max": -379.45758746067685,
            "count": 50
        },
        "HealthcareDDA.Losses.ValueLoss.mean": {
            "value": 0.0009800654349213977,
            "min": 0.0009629390148157038,
            "max": 0.027750327683703137,
            "count": 50
        },
        "HealthcareDDA.Losses.ValueLoss.sum": {
            "value": 0.24305622786050662,
            "min": 0.23880887567429454,
            "max": 6.854330937874675,
            "count": 50
        },
        "HealthcareDDA.Losses.Q1Loss.mean": {
            "value": 0.03903642212515147,
            "min": 0.030694722791448963,
            "max": 0.19111549798073746,
            "count": 50
        },
        "HealthcareDDA.Losses.Q1Loss.sum": {
            "value": 9.681032687037563,
            "min": 7.612291252279343,
            "max": 47.55653436947614,
            "count": 50
        },
        "HealthcareDDA.Losses.Q2Loss.mean": {
            "value": 0.03911504815132308,
            "min": 0.030530517290894607,
            "max": 0.1942349611130613,
            "count": 50
        },
        "HealthcareDDA.Losses.Q2Loss.sum": {
            "value": 9.700531941528123,
            "min": 7.5715682881418624,
            "max": 48.42756543929379,
            "count": 50
        },
        "HealthcareDDA.Policy.DiscreteEntropyCoeff.mean": {
            "value": 0.06110531592275947,
            "min": 0.03600074792335871,
            "max": 0.4707409237798915,
            "count": 50
        },
        "HealthcareDDA.Policy.DiscreteEntropyCoeff.sum": {
            "value": 15.15411834884435,
            "min": 8.92818548499296,
            "max": 116.2730081736332,
            "count": 50
        },
        "HealthcareDDA.Policy.ContinuousEntropyCoeff.mean": {
            "value": 0.5,
            "min": 0.5,
            "max": 0.5,
            "count": 50
        },
        "HealthcareDDA.Policy.ContinuousEntropyCoeff.sum": {
            "value": 124.0,
            "min": 123.5,
            "max": 126.0,
            "count": 50
        },
        "HealthcareDDA.Policy.LearningRate.mean": {
            "value": 0.0005000000000000002,
            "min": 0.0005000000000000001,
            "max": 0.0005000000000000002,
            "count": 50
        },
        "HealthcareDDA.Policy.LearningRate.sum": {
            "value": 0.12400000000000005,
            "min": 0.12350000000000005,
            "max": 0.12600000000000003,
            "count": 50
        },
        "HealthcareDDA.IsTraining.mean": {
            "value": 1.0,
            "min": 1.0,
            "max": 1.0,
            "count": 50
        },
        "HealthcareDDA.IsTraining.sum": {
            "value": 1.0,
            "min": 1.0,
            "max": 1.0,
            "count": 50
        }
    },
    "metadata": {
        "timer_format_version": "0.1.0",
        "start_time_seconds": "1746723386",
        "python_version": "3.10.12 (main, Jan  5 2025, 23:12:11) [GCC 14.1.1 20240522]",
        "command_line_arguments": "/home/samgomes/Documents/doutoramento/projects/iProlepsis/reps/healthcare-dda-mlagent/python-venv/bin/mlagents-learn config/sac/HealthcareDDA.yaml --run-id=SAC_TK_No_Flares --force",
        "mlagents_version": "1.0.0",
        "mlagents_envs_version": "1.1.0",
        "communication_protocol_version": "1.5.0",
        "pytorch_version": "2.2.2+cu121",
        "numpy_version": "1.23.5",
        "end_time_seconds": "1746723691"
    },
    "total": 305.8066923469996,
    "count": 1,
    "self": 0.010237627000606153,
    "children": {
        "run_training.setup": {
            "total": 0.017198222998558776,
            "count": 1,
            "self": 0.017198222998558776
        },
        "TrainerController.start_learning": {
            "total": 305.77925649700046,
            "count": 1,
            "self": 0.31974245003948454,
            "children": {
                "TrainerController._reset_env": {
                    "total": 13.000286503000098,
                    "count": 1,
                    "self": 13.000286503000098
                },
                "TrainerController.advance": {
                    "total": 292.3918812999618,
                    "count": 12504,
                    "self": 0.28659494287421694,
                    "children": {
                        "env_step": {
                            "total": 59.68180475118061,
                            "count": 12504,
                            "self": 43.13105095540959,
                            "children": {
                                "SubprocessEnvManager._take_step": {
                                    "total": 16.379490813782468,
                                    "count": 12504,
                                    "self": 0.7842107848700834,
                                    "children": {
                                        "TorchPolicy.evaluate": {
                                            "total": 15.595280028912384,
                                            "count": 12504,
                                            "self": 15.595280028912384
                                        }
                                    }
                                },
                                "workers": {
                                    "total": 0.17126298198854784,