{
    "name": "root",
    "gauges": {
        "HealthcareDDA.Policy.Entropy.mean": {
            "value": 0.0012114264536648989,
            "min": 0.0012114264536648989,
            "max": 1.6091187000274658,
            "count": 50
        },
        "HealthcareDDA.Policy.Entropy.sum": {
            "value": 1.201735019683838,
            "min": 1.201735019683838,
            "max": 1621.99169921875,
            "count": 50
        },
        "HealthcareDDA.Environment.EpisodeLength.mean": {
            "value": 3.0,
            "min": 3.0,
            "max": 3.0,
            "count": 50
        },
        "HealthcareDDA.Environment.EpisodeLength.sum": {
            "value": 744.0,
            "min": 744.0,
            "max": 756.0,
            "count": 50
        },
        "HealthcareDDA.Step.mean": {
            "value": 49996.0,
            "min": 996.0,
            "max": 49996.0,
            "count": 50
        },
        "HealthcareDDA.Step.sum": {
            "value": 49996.0,
            "min": 996.0,
            "max": 49996.0,
            "count": 50
        },
        "HealthcareDDA.Policy.ExtrinsicValueEstimate.mean": {
            "value": 1.6073380708694458,
            "min": 0.2935014069080353,
            "max": 1.6249055862426758,
            "count": 50
        },
        "HealthcareDDA.Policy.ExtrinsicValueEstimate.sum": {
            "value": 401.8345031738281,
            "min": 73.08184814453125,
            "max": 406.2264099121094,
            "count": 50
        },
        "HealthcareDDA.Environment.CumulativeReward.mean": {
            "value": 2.5201032009124757,
            "min": 1.5507234069238227,
            "max": 2.5201032009124757,
            "count": 50
        },
        "HealthcareDDA.Environment.CumulativeReward.sum": {
            "value": 630.0258002281189,
            "min": 386.13012832403183,
            "max": 630.0258002281189,
            "count": 50
        },
        "HealthcareDDA.Policy.ExtrinsicReward.mean": {
            "value": 2.5201032009124757,
            "min": 1.5507234069238227,
            "max": 2.5201032009124757,
            "count": 50
        },
        "HealthcareDDA.Policy.ExtrinsicReward.sum": {
            "value": 630.0258002281189,
            "min": 386.13012832403183,
            "max": 630.0258002281189,
            "count": 50
        },
        "HealthcareDDA.Losses.PolicyLoss.mean": {
            "value": 1.7108255860875943e-05,
            "min": 1.4911291970065577e-05,
            "max": 0.20354470831807703,
            "count": 50
        },
        "HealthcareDDA.Losses.PolicyLoss.sum": {
            "value": 3.4216511721751885e-05,
            "min": 1.9262505674078056e-05,
            "max": 0.40708941663615406,
            "count": 50
        },
        "HealthcareDDA.Losses.ValueLoss.mean": {
            "value": 0.06800404819659889,
            "min": 0.06528835324570537,
            "max": 0.6993341371417046,
            "count": 50
        },
        "HealthcareDDA.Losses.ValueLoss.sum": {
            "value": 0.13600809639319777,
            "min": 0.06528835324570537,
            "max": 0.6993341371417046,
            "count": 50
        },
        "HealthcareDDA.Policy.LearningRate.mean": {
            "value": 6.32009873600002e-06,
            "min": 6.32009873600002e-06,
            "max": 0.000494720001056,
            "count": 50
        },
        "HealthcareDDA.Policy.LearningRate.sum": {
            "value": 1.264019747200004e-05,
            "min": 1.264019747200004e-05,
            "max": 0.00097360000528,
            "count": 50
        },
        "HealthcareDDA.Policy.Beta.mean": {
            "value": 0.0001264000987360004,
            "min": 0.0001264000987360004,
            "max": 0.009894400001056,
            "count": 50
        },
        "HealthcareDDA.Policy.Beta.sum": {
            "value": 0.0002528001974720008,
            "min": 0.0002528001974720008,
            "max": 0.019472000005280002,
            "count": 50
        },
        "HealthcareDDA.IsTraining.mean": {
            "value": 1.0,
            "min": 1.0,
            "max": 1.0,
            "count": 50
        },
        "HealthcareDDA.IsTraining.sum": {
            "value": 1.0,
            "min": 1.0,
            "max": 1.0,
            "count": 50
        }
    },
    "metadata": {
        "timer_format_version": "0.1.0",
        "start_time_seconds": "1747843380",
        "python_version": "3.10.12 (main, Jan  5 2025, 23:12:11) [GCC 14.1.1 20240522]",
        "command_line_arguments": "/home/samgomes/Documents/doutoramento/projects/iProlepsis/reps/healthcare-dda-mlagent/python-venv/bin/mlagents-learn config/a2c/HealthcareDDA.yaml --run-id=A2C_TK_No_Flares --force",
        "mlagents_version": "1.0.0",
        "mlagents_envs_version": "1.1.0",
        "communication_protocol_version": "1.5.0",
        "pytorch_version": "2.2.2+cu121",
        "numpy_version": "1.23.5",
        "end_time_seconds": "1747843494"
    },
    "total": 113.84523477699986,
    "count": 1,
    "self": 0.009555466003803303,
    "children": {
        "run_training.setup": {
            "total": 0.017394308997609187,
            "count": 1,
            "self": 0.017394308997609187
        },
        "TrainerController.start_learning": {
            "total": 113.81828500199845,
            "count": 1,
            "self": 0.3128018527131644,
            "children": {
                "TrainerController._reset_env": {
                    "total": 9.528565865002747,
                    "count": 1,
                    "self": 9.528565865002747
                },
                "TrainerController.advance": {
                    "total": 103.9002203092823,
                    "count": 12504,
                    "self": 0.29309639333951054,
                    "children": {
                        "env_step": {
                            "total": 68.53175814612769,
                            "count": 12504,
                            "self": 50.30711659876033,
                            "children": {
                                "SubprocessEnvManager._take_step": {
                                    "total": 18.044826640143583,
                                    "count": 12504,
                                    "self": 0.7956618389107462,
                                    "children": {
                                        "TorchPolicy.evaluate": {
                                            "total": 17.249164801232837,
                                            "count": 12504,
                                            "self": 17.249164801232837
                                        }
                                    }
                                },
                                "workers": {
                                    "total": 0.17981490722377202,
                                    "count": 12504,
                                    "self": 0.0,
                                    "children": {
                                        "worker_root": {
                                            "total": 113.33850802024608,
                                            "count": 12504,
                                            "is_parallel": true,
                                            "self": 77.64314166282202,
                                            "children": {
                                                "run_training.setup": {
                                                    "total": 0.0,
                                                    "count": 0,
                                                    "is_parallel": true,
                                                    "self": 0.0,
                                                    "children": {
                                                        "steps_from_proto": {
                                                            "total": 0.0008296599989989772,