{
    "name": "root",
    "gauges": {
        "HealthcareDDA.Policy.Entropy.mean": {
            "value": 0.004069137386977673,
            "min": 0.001372043276205659,
            "max": 1.607437252998352,
            "count": 85
        },
        "HealthcareDDA.Policy.Entropy.sum": {
            "value": 4.0691375732421875,
            "min": 1.372043251991272,
            "max": 1607.437255859375,
            "count": 85
        },
        "HealthcareDDA.Environment.EpisodeLength.mean": {
            "value": 4.0,
            "min": 4.0,
            "max": 4.0,
            "count": 85
        },
        "HealthcareDDA.Environment.EpisodeLength.sum": {
            "value": 800.0,
            "min": 800.0,
            "max": 800.0,
            "count": 85
        },
        "HealthcareDDA.Step.mean": {
            "value": 84995.0,
            "min": 995.0,
            "max": 84995.0,
            "count": 85
        },
        "HealthcareDDA.Step.sum": {
            "value": 84995.0,
            "min": 995.0,
            "max": 84995.0,
            "count": 85
        },
        "HealthcareDDA.Policy.ExtrinsicValueEstimate.mean": {
            "value": 0.7611461877822876,
            "min": 0.1815222203731537,
            "max": 0.7647399306297302,
            "count": 85
        },
        "HealthcareDDA.Policy.ExtrinsicValueEstimate.sum": {
            "value": 152.22923278808594,
            "min": 36.122920989990234,
            "max": 152.94798278808594,
            "count": 85
        },
        "HealthcareDDA.Environment.CumulativeReward.mean": {
            "value": 0.831414287686348,
            "min": 0.41367074435380236,
            "max": 0.854446851015091,
            "count": 85
        },
        "HealthcareDDA.Environment.CumulativeReward.sum": {
            "value": 166.2828575372696,
            "min": 82.32047812640667,
            "max": 170.8893702030182,
            "count": 85
        },
        "HealthcareDDA.Policy.ExtrinsicReward.mean": {
            "value": 0.831414287686348,
            "min": 0.41367074435380236,
            "max": 0.854446851015091,
            "count": 85
        },
        "HealthcareDDA.Policy.ExtrinsicReward.sum": {
            "value": 166.2828575372696,
            "min": 82.32047812640667,
            "max": 170.8893702030182,
            "count": 85
        },
        "HealthcareDDA.Losses.PolicyLoss.mean": {
            "value": 0.1407608771696687,
            "min": 0.10921567761882518,
            "max": 0.15986673813313246,
            "count": 85
        },
        "HealthcareDDA.Losses.PolicyLoss.sum": {
            "value": 0.4222826315090061,
            "min": 0.32942345358120895,
            "max": 0.6200668370972077,
            "count": 85
        },
        "HealthcareDDA.Losses.ValueLoss.mean": {
            "value": 0.033474851192699544,
            "min": 0.025819587191411607,
            "max": 0.06672938253420095,
            "count": 85
        },
        "HealthcareDDA.Losses.ValueLoss.sum": {
            "value": 0.10042455357809862,
            "min": 0.08500196823539834,
            "max": 0.20018814760260284,
            "count": 85
        },
        "HealthcareDDA.Policy.LearningRate.mean": {
            "value": 0.00014366669483333334,
            "min": 0.00014366669483333334,
            "max": 0.00019965333350666667,
            "count": 85
        },
        "HealthcareDDA.Policy.LearningRate.sum": {
            "value": 0.00043100008450000006,
            "min": 0.00043100008450000006,
            "max": 0.0007961866685733335,
            "count": 85
        },
        "HealthcareDDA.Policy.Epsilon.mean": {
            "value": 0.31550000000000006,
            "min": 0.31550000000000006,
            "max": 0.39948000000000006,
            "count": 85
        },
        "HealthcareDDA.Policy.Epsilon.sum": {
            "value": 0.9465000000000001,
            "min": 0.9465000000000001,
            "max": 1.5942800000000004,
            "count": 85
        },
        "HealthcareDDA.Policy.Beta.mean": {
            "value": 0.00718615,
            "min": 0.00718615,
            "max": 0.009982684,
            "count": 85
        },
        "HealthcareDDA.Policy.Beta.sum": {
            "value": 0.02155845,
            "min": 0.02155845,
            "max": 0.039809524,
            "count": 85
        },
        "HealthcareDDA.IsTraining.mean": {
            "value": 1.0,
            "min": 1.0,
            "max": 1.0,
            "count": 85
        },
        "HealthcareDDA.IsTraining.sum": {
            "value": 1.0,
            "min": 1.0,
            "max": 1.0,
            "count": 85
        }
    },
    "metadata": {
        "timer_format_version": "0.1.0",
        "start_time_seconds": "1743702816",
        "python_version": "3.10.12 (main, Jan  5 2025, 23:12:11) [GCC 14.1.1 20240522]",
        "command_line_arguments": "/home/samgomes/Documents/doutoramento/projects/iProlepsis/reps/healthcare-dda-mlagent/python-venv/bin/mlagents-learn config/ppo/HealthcareDDA.yaml --run-id=TK_WithFlares_Test --force",
        "mlagents_version": "1.1.0",
        "mlagents_envs_version": "1.1.0",
        "communication_protocol_version": "1.5.0",
        "pytorch_version": "2.2.2+cu121",
        "numpy_version": "1.23.5",
        "end_time_seconds": "1743703033"
    },
    "total": 216.4927469180002,
    "count": 1,
    "self": 0.005812547999084927,
    "children": {
        "run_training.setup": {
            "total": 0.015473794999707025,
            "count": 1,
            "self": 0.015473794999707025
        },
        "TrainerController.start_learning": {
            "total": 216.4714605750014,
            "count": 1,
            "self": 0.4702410515928932,
            "children": {
                "TrainerController._reset_env": {
                    "total": 8.696961726000154,
                    "count": 1,
                    "self": 8.696961726000154
                },
                "TrainerController.advance": {
                    "total": 207.24200114341147,
                    "count": 21251,
                    "self": 0.4507009185181232,
                    "children": {
                        "env_step": {
                            "total": 120.06449215413159,
                            "count": 21251,
                            "self": 92.67994679211552,
                            "children": {
                                "SubprocessEnvManager._take_step": {
                                    "total": 27.112420760011446,
                                    "count": 21251,
                                    "self": 1.238590822842525,
                                    "children": {
                                        "TorchPolicy.evaluate": {
                                            "total": 25.87382993716892,
                                            "count": 21251,
                                            "self": 25.87382993716892
                                        }
                                    }
                                },
                                "workers": {
                                    "total": 0.27212460200462374,
                                    "count": 21250,
                                    "self": 0.0,
                                    "children": {
                                        "worker_root": {
                                            "total": 212.6676999838528,
                                            "count": 21250,
                                            "is_parallel": true,
                                            "self": 146.27907259753556,
                                            "children": {
                                                "run_training.setup": {
                                                    "total": 0.0,
                                                    "count": 0,