{
    "name": "root",
    "gauges": {
        "HealthcareDDA.Policy.Entropy.mean": {
            "value": 0.36646130681037903,
            "min": 0.3556085526943207,
            "max": 1.315898060798645,
            "count": 50
        },
        "HealthcareDDA.Policy.Entropy.sum": {
            "value": 363.52960205078125,
            "min": 352.763671875,
            "max": 1326.42529296875,
            "count": 50
        },
        "HealthcareDDA.Environment.EpisodeLength.mean": {
            "value": 3.0,
            "min": 3.0,
            "max": 3.0,
            "count": 50
        },
        "HealthcareDDA.Environment.EpisodeLength.sum": {
            "value": 744.0,
            "min": 744.0,
            "max": 756.0,
            "count": 50
        },
        "HealthcareDDA.Step.mean": {
            "value": 49996.0,
            "min": 996.0,
            "max": 49996.0,
            "count": 50
        },
        "HealthcareDDA.Step.sum": {
            "value": 49996.0,
            "min": 996.0,
            "max": 49996.0,
            "count": 50
        },
        "HealthcareDDA.Policy.ExtrinsicValue.mean": {
            "value": 1.7052849531173706,
            "min": 1.3871501684188843,
            "max": 2.281440496444702,
            "count": 50
        },
        "HealthcareDDA.Policy.ExtrinsicValue.sum": {
            "value": 426.32122802734375,
            "min": 345.400390625,
            "max": 570.360107421875,
            "count": 50
        },
        "HealthcareDDA.Environment.CumulativeReward.mean": {
            "value": 2.477345143318176,
            "min": 1.7286765055962834,
            "max": 2.4955139150619505,
            "count": 50
        },
        "HealthcareDDA.Environment.CumulativeReward.sum": {
            "value": 619.3362858295441,
            "min": 430.4404498934746,
            "max": 623.8784787654877,
            "count": 50
        },
        "HealthcareDDA.Policy.ExtrinsicReward.mean": {
            "value": 2.477345143318176,
            "min": 1.7286765055962834,
            "max": 2.4955139150619505,
            "count": 50
        },
        "HealthcareDDA.Policy.ExtrinsicReward.sum": {
            "value": 619.3362858295441,
            "min": 430.4404498934746,
            "max": 623.8784787654877,
            "count": 50
        },
        "HealthcareDDA.Losses.PolicyLoss.mean": {
            "value": -1.6956490533005806,
            "min": -2.298361210292706,
            "max": -1.4845376405673196,
            "count": 50
        },
        "HealthcareDDA.Losses.PolicyLoss.sum": {
            "value": -420.520965218544,
            "min": -572.8331196208795,
            "max": -366.68079722012794,
            "count": 50
        },
        "HealthcareDDA.Losses.ValueLoss.mean": {
            "value": 1.749607260878613e-05,
            "min": 1.749607260878613e-05,
            "max": 0.023970889879871185,
            "count": 50
        },
        "HealthcareDDA.Losses.ValueLoss.sum": {
            "value": 0.00433902600697896,
            "min": 0.00433902600697896,
            "max": 5.920809800328183,
            "count": 50
        },
        "HealthcareDDA.Losses.Q1Loss.mean": {
            "value": 0.05376369595372429,
            "min": 0.03667023030525293,
            "max": 0.1761742963926206,
            "count": 50
        },
        "HealthcareDDA.Losses.Q1Loss.sum": {
            "value": 13.333396596523624,
            "min": 9.094217115702728,
            "max": 44.395922690940395,
            "count": 50
        },
        "HealthcareDDA.Losses.Q2Loss.mean": {
            "value": 0.05378976053438119,
            "min": 0.036606639640853915,
            "max": 0.17626331717751564,
            "count": 50
        },
        "HealthcareDDA.Losses.Q2Loss.sum": {
            "value": 13.339860612526536,
            "min": 9.07844663093177,
            "max": 44.418355928733945,
            "count": 50
        },
        "HealthcareDDA.Policy.DiscreteEntropyCoeff.mean": {
            "value": 0.03933524704282923,
            "min": 0.03933524704282923,
            "max": 0.47099598281290894,
            "count": 50
        },
        "HealthcareDDA.Policy.DiscreteEntropyCoeff.sum": {
            "value": 9.75514126662165,
            "min": 9.75514126662165,
            "max": 116.33600775478851,
            "count": 50
        },
        "HealthcareDDA.Policy.ContinuousEntropyCoeff.mean": {
            "value": 0.5,
            "min": 0.5,
            "max": 0.5,
            "count": 50
        },
        "HealthcareDDA.Policy.ContinuousEntropyCoeff.sum": {
            "value": 124.0,
            "min": 123.5,
            "max": 126.0,
            "count": 50
        },
        "HealthcareDDA.Policy.LearningRate.mean": {
            "value": 5.040098992e-06,
            "min": 5.040098992e-06,
            "max": 0.0004949383006074817,
            "count": 50
        },
        "HealthcareDDA.Policy.LearningRate.sum": {
            "value": 0.001249944550016,
            "min": 0.001249944550016,
            "max": 0.122249760250048,
            "count": 50
        },
        "HealthcareDDA.IsTraining.mean": {
            "value": 1.0,
            "min": 1.0,
            "max": 1.0,
            "count": 50
        },
        "HealthcareDDA.IsTraining.sum": {
            "value": 1.0,
            "min": 1.0,
            "max": 1.0,
            "count": 50
        }
    },
    "metadata": {
        "timer_format_version": "0.1.0",
        "start_time_seconds": "1747131594",
        "python_version": "3.10.12 (main, Jan  5 2025, 23:12:11) [GCC 14.1.1 20240522]",
        "command_line_arguments": "/home/samgomes/Documents/doutoramento/projects/iProlepsis/reps/healthcare-dda-mlagent/python-venv/bin/mlagents-learn config/sac/HealthcareDDA.yaml --run-id=SAC_MBS_No_Flares --force",
        "mlagents_version": "1.0.0",
        "mlagents_envs_version": "1.1.0",
        "communication_protocol_version": "1.5.0",
        "pytorch_version": "2.2.2+cu121",
        "numpy_version": "1.23.5",
        "end_time_seconds": "1747131894"
    },
    "total": 300.1409388789998,
    "count": 1,
    "self": 0.00717485699988174,
    "children": {
        "run_training.setup": {
            "total": 0.01798566999968898,
            "count": 1,
            "self": 0.01798566999968898
        },
        "TrainerController.start_learning": {
            "total": 300.11577835200023,
            "count": 1,
            "self": 0.3005180249119803,
            "children": {
                "TrainerController._reset_env": {
                    "total": 8.568029731999559,
                    "count": 1,
                    "self": 8.568029731999559
                },
                "TrainerController.advance": {
                    "total": 291.18273443108865,
                    "count": 12504,
                    "self": 0.2612029200199686,
                    "children": {
                        "env_step": {
                            "total": 58.000990386029116,
                            "count": 12504,
                            "self": 41.6542136690241,
                            "children": {
                                "SubprocessEnvManager._take_step": {
                                    "total": 16.18108307201146,
                                    "count": 12504,
                                    "self": 0.7600868270283172,
                                    "children": {
                                        "TorchPolicy.evaluate": {
                                            "total": 15.420996244983144,
                                            "count": 12504,
                                            "self": 15.420996244983144
                                        }
                                    }
                                },
                                "workers": {
                                    "total": 0.16569364499355288,