{
    "name": "root",
    "gauges": {
        "HealthcareDDA.Policy.Entropy.mean": {
            "value": 0.008820907212793827,
            "min": 0.008327017538249493,
            "max": 1.2673250436782837,
            "count": 50
        },
        "HealthcareDDA.Policy.Entropy.sum": {
            "value": 8.75033950805664,
            "min": 8.393633842468262,
            "max": 1277.463623046875,
            "count": 50
        },
        "HealthcareDDA.Environment.EpisodeLength.mean": {
            "value": 3.0,
            "min": 3.0,
            "max": 3.0,
            "count": 50
        },
        "HealthcareDDA.Environment.EpisodeLength.sum": {
            "value": 744.0,
            "min": 744.0,
            "max": 756.0,
            "count": 50
        },
        "HealthcareDDA.Step.mean": {
            "value": 49996.0,
            "min": 996.0,
            "max": 49996.0,
            "count": 50
        },
        "HealthcareDDA.Step.sum": {
            "value": 49996.0,
            "min": 996.0,
            "max": 49996.0,
            "count": 50
        },
        "HealthcareDDA.Policy.ExtrinsicValueEstimate.mean": {
            "value": 0.5610513091087341,
            "min": 0.2854953110218048,
            "max": 0.5696428418159485,
            "count": 50
        },
        "HealthcareDDA.Policy.ExtrinsicValueEstimate.sum": {
            "value": 140.26283264160156,
            "min": 71.08833312988281,
            "max": 142.41070556640625,
            "count": 50
        },
        "HealthcareDDA.Environment.CumulativeReward.mean": {
            "value": 0.6051056796312332,
            "min": 0.4323077252411459,
            "max": 0.6093358871936798,
            "count": 50
        },
        "HealthcareDDA.Environment.CumulativeReward.sum": {
            "value": 151.2764199078083,
            "min": 107.64462358504534,
            "max": 152.33397179841995,
            "count": 50
        },
        "HealthcareDDA.Policy.ExtrinsicReward.mean": {
            "value": 0.6051056796312332,
            "min": 0.4323077252411459,
            "max": 0.6093358871936798,
            "count": 50
        },
        "HealthcareDDA.Policy.ExtrinsicReward.sum": {
            "value": 151.2764199078083,
            "min": 107.64462358504534,
            "max": 152.33397179841995,
            "count": 50
        },
        "HealthcareDDA.Losses.PolicyLoss.mean": {
            "value": 0.14015092429084083,
            "min": 0.11129930847285627,
            "max": 0.16490160637638632,
            "count": 50
        },
        "HealthcareDDA.Losses.PolicyLoss.sum": {
            "value": 0.4204527728725225,
            "min": 0.3497889354281748,
            "max": 0.6024638368980959,
            "count": 50
        },
        "HealthcareDDA.Losses.ValueLoss.mean": {
            "value": 0.0027000778403210766,
            "min": 0.0024894413121122247,
            "max": 0.023897070521747485,
            "count": 50
        },
        "HealthcareDDA.Losses.ValueLoss.sum": {
            "value": 0.00810023352096323,
            "min": 0.007468323936336674,
            "max": 0.07169121156524245,
            "count": 50
        },
        "HealthcareDDA.Policy.LearningRate.mean": {
            "value": 4.9600990080000194e-06,
            "min": 4.9600990080000194e-06,
            "max": 0.000494560001088,
            "count": 50
        },
        "HealthcareDDA.Policy.LearningRate.sum": {
            "value": 1.488029702400006e-05,
            "min": 1.488029702400006e-05,
            "max": 0.001940160011968,
            "count": 50
        },
        "HealthcareDDA.Policy.Epsilon.mean": {
            "value": 0.10297600000000003,
            "min": 0.10297600000000003,
            "max": 0.39673600000000003,
            "count": 50
        },
        "HealthcareDDA.Policy.Epsilon.sum": {
            "value": 0.3089280000000001,
            "min": 0.3089280000000001,
            "max": 1.5640960000000002,
            "count": 50
        },
        "HealthcareDDA.Policy.Beta.mean": {
            "value": 0.00010910080000000042,
            "min": 0.00010910080000000042,
            "max": 0.0098913088,
            "count": 50
        },
        "HealthcareDDA.Policy.Beta.sum": {
            "value": 0.00032730240000000124,
            "min": 0.00032730240000000124,
            "max": 0.038804396799999995,
            "count": 50
        },
        "HealthcareDDA.IsTraining.mean": {
            "value": 1.0,
            "min": 1.0,
            "max": 1.0,
            "count": 50
        },
        "HealthcareDDA.IsTraining.sum": {
            "value": 1.0,
            "min": 1.0,
            "max": 1.0,
            "count": 50
        }
    },
    "metadata": {
        "timer_format_version": "0.1.0",
        "start_time_seconds": "1744038555",
        "python_version": "3.10.12 (main, Jan  5 2025, 23:12:11) [GCC 14.1.1 20240522]",
        "command_line_arguments": "/home/samgomes/Documents/doutoramento/projects/iProlepsis/reps/healthcare-dda-mlagent/python-venv/bin/mlagents-learn config/ppo/HealthcareDDA.yaml --run-id=MBS_Flares --force",
        "mlagents_version": "1.1.0",
        "mlagents_envs_version": "1.1.0",
        "communication_protocol_version": "1.5.0",
        "pytorch_version": "2.2.2+cu121",
        "numpy_version": "1.23.5",
        "end_time_seconds": "1744038685"
    },
    "total": 129.67135178900207,
    "count": 1,
    "self": 0.010040701003163122,
    "children": {
        "run_training.setup": {
            "total": 0.01687199699881603,
            "count": 1,
            "self": 0.01687199699881603
        },
        "TrainerController.start_learning": {
            "total": 129.6444390910001,
            "count": 1,
            "self": 0.27823370800251723,
            "children": {
                "TrainerController._reset_env": {
                    "total": 15.148010245000478,
                    "count": 1,
                    "self": 15.148010245000478
                },
                "TrainerController.advance": {
                    "total": 114.16029546799837,
                    "count": 12504,
                    "self": 0.2596648032849771,
                    "children": {
                        "env_step": {
                            "total": 61.88113163679736,
                            "count": 12504,
                            "self": 46.472421246642625,
                            "children": {
                                "SubprocessEnvManager._take_step": {
                                    "total": 15.244917455969698,
                                    "count": 12504,
                                    "self": 0.7185193436780537,
                                    "children": {
                                        "TorchPolicy.evaluate": {
                                            "total": 14.526398112291645,
                                            "count": 12504,
                                            "self": 14.526398112291645
                                        }
                                    }
                                },
                                "workers": {
                                    "total": 0.16379293418503948,
                                    "count": 12504,
                                    "self": 0.0,
                                    "children": {
                                        "worker_root": {
                                            "total": 129.2088592389191,
                                            "count": 12504,
                                            "is_parallel": true,
                                            "self": 96.00239517104274,
                                            "children": {
                                                "run_training.setup": {
                                                    "total": 0.0,
                                                    "count": 0,