{
    "name": "root",
    "gauges": {
        "HealthcareDDA.Policy.Entropy.mean": {
            "value": 0.8045459389686584,
            "min": 0.775331974029541,
            "max": 1.9221950769424438,
            "count": 147
        },
        "HealthcareDDA.Policy.Entropy.sum": {
            "value": 72.40913391113281,
            "min": 69.77987670898438,
            "max": 201.57432556152344,
            "count": 147
        },
        "HealthcareDDA.Step.mean": {
            "value": 14699.0,
            "min": 97.0,
            "max": 14699.0,
            "count": 147
        },
        "HealthcareDDA.Step.sum": {
            "value": 14699.0,
            "min": 97.0,
            "max": 14699.0,
            "count": 147
        },
        "HealthcareDDA.Policy.ExtrinsicValueEstimate.mean": {
            "value": 4.199480056762695,
            "min": 2.938189744949341,
            "max": 4.4112467765808105,
            "count": 147
        },
        "HealthcareDDA.Policy.ExtrinsicValueEstimate.sum": {
            "value": 180.57763671875,
            "min": 114.58940124511719,
            "max": 194.09486389160156,
            "count": 147
        },
        "HealthcareDDA.Environment.EpisodeLength.mean": {
            "value": 6.0,
            "min": 6.0,
            "max": 6.0,
            "count": 147
        },
        "HealthcareDDA.Environment.EpisodeLength.sum": {
            "value": 90.0,
            "min": 60.0,
            "max": 90.0,
            "count": 147
        },
        "HealthcareDDA.Environment.CumulativeReward.mean": {
            "value": 4.581586565290179,
            "min": 4.116854580965909,
            "max": 5.209476725260417,
            "count": 147
        },
        "HealthcareDDA.Environment.CumulativeReward.sum": {
            "value": 64.1422119140625,
            "min": 45.285400390625,
            "max": 78.14215087890625,
            "count": 147
        },
        "HealthcareDDA.Policy.ExtrinsicReward.mean": {
            "value": 4.581586565290179,
            "min": 4.116854580965909,
            "max": 5.209476725260417,
            "count": 147
        },
        "HealthcareDDA.Policy.ExtrinsicReward.sum": {
            "value": 64.1422119140625,
            "min": 45.285400390625,
            "max": 78.14215087890625,
            "count": 147
        },
        "HealthcareDDA.IsTraining.mean": {
            "value": 1.0,
            "min": 1.0,
            "max": 1.0,
            "count": 147
        },
        "HealthcareDDA.IsTraining.sum": {
            "value": 1.0,
            "min": 1.0,
            "max": 1.0,
            "count": 147
        },
        "HealthcareDDA.Losses.PolicyLoss.mean": {
            "value": 0.15027102269232273,
            "min": 0.08239274968703587,
            "max": 0.16215772336969772,
            "count": 56
        },
        "HealthcareDDA.Losses.PolicyLoss.sum": {
            "value": 0.15027102269232273,
            "min": 0.08239274968703587,
            "max": 0.16215772336969772,
            "count": 56
        },
        "HealthcareDDA.Losses.ValueLoss.mean": {
            "value": 0.07017735682893544,
            "min": 0.04596821051867058,
            "max": 4.843195140361786,
            "count": 56
        },
        "HealthcareDDA.Losses.ValueLoss.sum": {
            "value": 0.07017735682893544,
            "min": 0.04596821051867058,
            "max": 4.843195140361786,
            "count": 56
        },
        "HealthcareDDA.Policy.LearningRate.mean": {
            "value": 0.0007652500489833333,
            "min": 0.0007652500489833333,
            "max": 0.0014870000008666666,
            "count": 56
        },
        "HealthcareDDA.Policy.LearningRate.sum": {
            "value": 0.0007652500489833333,
            "min": 0.0007652500489833333,
            "max": 0.0014870000008666666,
            "count": 56
        },
        "HealthcareDDA.Policy.Epsilon.mean": {
            "value": 0.10000000000000002,
            "min": 0.10000000000000002,
            "max": 0.10000000000000002,
            "count": 56
        },
        "HealthcareDDA.Policy.Epsilon.sum": {
            "value": 0.10000000000000002,
            "min": 0.10000000000000002,
            "max": 0.10000000000000002,
            "count": 56
        },
        "HealthcareDDA.Policy.Beta.mean": {
            "value": 0.002555731666666667,
            "min": 0.002555731666666667,
            "max": 0.0049567533333333335,
            "count": 56
        },
        "HealthcareDDA.Policy.Beta.sum": {
            "value": 0.002555731666666667,
            "min": 0.002555731666666667,
            "max": 0.0049567533333333335,
            "count": 56
        }
    },
    "metadata": {
        "timer_format_version": "0.1.0",
        "start_time_seconds": "1736113394",
        "python_version": "3.10.11 (tags/v3.10.11:7d4cc5a, Apr  5 2023, 00:38:17) [MSC v.1929 64 bit (AMD64)]",
        "command_line_arguments": "C:\\Users\\samsg\\OneDrive\\Documents\\unity-ml-test\\healthcare-dda-mlagent\\python-venv\\Scripts\\mlagents-learn config/ppo/HealthcareDDA.yaml --force --run-id=firstHealthcareDDA",
        "mlagents_version": "1.1.0",
        "mlagents_envs_version": "1.1.0",
        "communication_protocol_version": "1.5.0",
        "pytorch_version": "2.5.1+cpu",
        "numpy_version": "1.23.5",
        "end_time_seconds": "1736113426"
    },
    "total": 32.40624339997885,
    "count": 1,
    "self": 0.006792900006985292,
    "children": {
        "run_training.setup": {
            "total": 0.07206129998667166,
            "count": 1,
            "self": 0.07206129998667166
        },
        "TrainerController.start_learning": {
            "total": 32.32738919998519,
            "count": 1,
            "self": 0.058628399565350264,
            "children": {
                "TrainerController._reset_env": {
                    "total": 8.103418399987277,
                    "count": 1,
                    "self": 8.103418399987277
                },
                "TrainerController.advance": {
                    "total": 24.053288700437406,
                    "count": 2945,
                    "self": 0.04974660029984079,
                    "children": {
                        "env_step": {
                            "total": 11.553594700206304,
                            "count": 2945,
                            "self": 8.845552099868655,
                            "children": {
                                "SubprocessEnvManager._take_step": {
                                    "total": 2.6745459000230767,
                                    "count": 2945,
                                    "self": 0.13039950127131306,
                                    "children": {
                                        "TorchPolicy.evaluate": {
                                            "total": 2.5441463987517636,
                                            "count": 2945,
                                            "self": 2.5441463987517636
                                        }
                                    }
                                },
                                "workers": {
                                    "total": 0.03349670031457208,
                                    "count": 2944,
                                    "self": 0.0,
                                    "children": {
                                        "worker_root": {
                                            "total": 25.134886500483844,
                                            "count": 2944,
                                            "is_parallel": true,
                                            "self": 19.074593700875994,
                                            "children": {
                                                "steps_from_proto": {
                                                    "total": 0.0003116000152658671,