{
    "name": "root",
    "gauges": {
        "HealthcareDDA.Policy.Entropy.mean": {
            "value": 0.48331594467163086,
            "min": 0.4826968312263489,
            "max": 1.9226748943328857,
            "count": 50
        },
        "HealthcareDDA.Policy.Entropy.sum": {
            "value": 490.565673828125,
            "min": 473.04290771484375,
            "max": 1951.5150146484375,
            "count": 50
        },
        "HealthcareDDA.Environment.EpisodeLength.mean": {
            "value": 6.0,
            "min": 6.0,
            "max": 6.0,
            "count": 50
        },
        "HealthcareDDA.Environment.EpisodeLength.sum": {
            "value": 870.0,
            "min": 840.0,
            "max": 870.0,
            "count": 50
        },
        "HealthcareDDA.Step.mean": {
            "value": 49994.0,
            "min": 994.0,
            "max": 49994.0,
            "count": 50
        },
        "HealthcareDDA.Step.sum": {
            "value": 49994.0,
            "min": 994.0,
            "max": 49994.0,
            "count": 50
        },
        "HealthcareDDA.Policy.ExtrinsicValueEstimate.mean": {
            "value": 0.6761783957481384,
            "min": -6.229328632354736,
            "max": 0.677054762840271,
            "count": 50
        },
        "HealthcareDDA.Policy.ExtrinsicValueEstimate.sum": {
            "value": 96.69351196289062,
            "min": -884.564697265625,
            "max": 96.81883239746094,
            "count": 50
        },
        "HealthcareDDA.Environment.CumulativeReward.mean": {
            "value": 0.8092917787445175,
            "min": 0.6865387848565276,
            "max": 0.8239816823205748,
            "count": 50
        },
        "HealthcareDDA.Environment.CumulativeReward.sum": {
            "value": 115.728724360466,
            "min": 97.48850744962692,
            "max": 117.8293805718422,
            "count": 50
        },
        "HealthcareDDA.Policy.ExtrinsicReward.mean": {
            "value": 0.8092917787445175,
            "min": 0.6865387848565276,
            "max": 0.8239816823205748,
            "count": 50
        },
        "HealthcareDDA.Policy.ExtrinsicReward.sum": {
            "value": 115.728724360466,
            "min": 97.48850744962692,
            "max": 117.8293805718422,
            "count": 50
        },
        "HealthcareDDA.Losses.PolicyLoss.mean": {
            "value": 0.13540450972504914,
            "min": 0.11467879335395992,
            "max": 0.16672163873833293,
            "count": 50
        },
        "HealthcareDDA.Losses.PolicyLoss.sum": {
            "value": 0.5416180389001966,
            "min": 0.34403638006187975,
            "max": 0.6668865549533317,
            "count": 50
        },
        "HealthcareDDA.Losses.ValueLoss.mean": {
            "value": 0.006735028924595098,
            "min": 0.006585500461773741,
            "max": 52.38689186837939,
            "count": 50
        },
        "HealthcareDDA.Losses.ValueLoss.sum": {
            "value": 0.026940115698380392,
            "min": 0.019756501385321222,
            "max": 157.16067560513815,
            "count": 50
        },
        "HealthcareDDA.Policy.LearningRate.mean": {
            "value": 1.7400988399999993e-06,
            "min": 1.7400988399999993e-06,
            "max": 0.00014832000112,
            "count": 50
        },
        "HealthcareDDA.Policy.LearningRate.sum": {
            "value": 6.960395359999997e-06,
            "min": 6.960395359999997e-06,
            "max": 0.0005815200123199999,
            "count": 50
        },
        "HealthcareDDA.Policy.Epsilon.mean": {
            "value": 0.10116000000000001,
            "min": 0.10116000000000001,
            "max": 0.19887999999999997,
            "count": 50
        },
        "HealthcareDDA.Policy.Epsilon.sum": {
            "value": 0.40464000000000006,
            "min": 0.30936,
            "max": 0.78768,
            "count": 50
        },
        "HealthcareDDA.Policy.Beta.mean": {
            "value": 6.7884e-05,
            "min": 6.7884e-05,
            "max": 0.004944112,
            "count": 50
        },
        "HealthcareDDA.Policy.Beta.sum": {
            "value": 0.000271536,
            "min": 0.000271536,
            "max": 0.019385232000000002,
            "count": 50
        },
        "HealthcareDDA.IsTraining.mean": {
            "value": 1.0,
            "min": 1.0,
            "max": 1.0,
            "count": 50
        },
        "HealthcareDDA.IsTraining.sum": {
            "value": 1.0,
            "min": 1.0,
            "max": 1.0,
            "count": 50
        }
    },
    "metadata": {
        "timer_format_version": "0.1.0",
        "start_time_seconds": "1736178653",
        "python_version": "3.10.12 (main, Jan  5 2025, 23:12:11) [GCC 14.1.1 20240522]",
        "command_line_arguments": "/home/samgomes/Documents/doutoramento/projects/iProlepsis/reps/healthcare-dda-mlagent/python-venv/bin/mlagents-learn --force config/ppo/HealthcareDDA.yaml --run-id=firstHealthcareDDA",
        "mlagents_version": "1.1.0",
        "mlagents_envs_version": "1.1.0",
        "communication_protocol_version": "1.5.0",
        "pytorch_version": "2.2.2+cu121",
        "numpy_version": "1.23.5",
        "end_time_seconds": "1736178803"
    },
    "total": 150.4648289959987,
    "count": 1,
    "self": 0.03223308700034977,
    "children": {
        "run_training.setup": {
            "total": 0.02527044499947806,
            "count": 1,
            "self": 0.02527044499947806
        },
        "TrainerController.start_learning": {
            "total": 150.40732546399886,
            "count": 1,
            "self": 0.3893842808829504,
            "children": {
                "TrainerController._reset_env": {
                    "total": 11.392471159000706,
                    "count": 1,
                    "self": 11.392471159000706
                },
                "TrainerController.advance": {
                    "total": 138.44970750711582,
                    "count": 10003,
                    "self": 0.37359797501267167,
                    "children": {
                        "env_step": {
                            "total": 85.58327955293862,
                            "count": 10003,
                            "self": 67.61021786652054,
                            "children": {
                                "SubprocessEnvManager._take_step": {
                                    "total": 17.750384122264222,
                                    "count": 10003,
                                    "self": 0.9736064450407866,
                                    "children": {
                                        "TorchPolicy.evaluate": {
                                            "total": 16.776777677223436,
                                            "count": 10003,
                                            "self": 16.776777677223436
                                        }
                                    }
                                },
                                "workers": {
                                    "total": 0.2226775641538552,
                                    "count": 10003,
                                    "self": 0.0,
                                    "children": {
                                        "worker_root": {
                                            "total": 149.73305012511992,
                                            "count": 10003,
                                            "is_parallel": true,
                                            "self": 100.8353215982388,
                                            "children": {
                                                "run_training.setup": {
                                                    "total": 0.0,
                                                    "count": 0,
                                                    "is_parallel": true,