{
    "name": "root",
    "gauges": {
        "HealthcareDDA.Policy.Entropy.mean": {
            "value": 0.027321722358465195,
            "min": 0.027321722358465195,
            "max": 1.921854853630066,
            "count": 50
        },
        "HealthcareDDA.Policy.Entropy.sum": {
            "value": 27.731548309326172,
            "min": 27.03766632080078,
            "max": 1950.6826171875,
            "count": 50
        },
        "HealthcareDDA.Environment.EpisodeLength.mean": {
            "value": 6.0,
            "min": 6.0,
            "max": 6.0,
            "count": 50
        },
        "HealthcareDDA.Environment.EpisodeLength.sum": {
            "value": 870.0,
            "min": 840.0,
            "max": 870.0,
            "count": 50
        },
        "HealthcareDDA.Step.mean": {
            "value": 49994.0,
            "min": 994.0,
            "max": 49994.0,
            "count": 50
        },
        "HealthcareDDA.Step.sum": {
            "value": 49994.0,
            "min": 994.0,
            "max": 49994.0,
            "count": 50
        },
        "HealthcareDDA.Policy.ExtrinsicValueEstimate.mean": {
            "value": 0.8085965514183044,
            "min": 0.40429598093032837,
            "max": 0.8138911128044128,
            "count": 50
        },
        "HealthcareDDA.Policy.ExtrinsicValueEstimate.sum": {
            "value": 115.62930297851562,
            "min": 57.410030364990234,
            "max": 116.38642883300781,
            "count": 50
        },
        "HealthcareDDA.Environment.CumulativeReward.mean": {
            "value": 0.9380433934551853,
            "min": 0.6997696776205385,
            "max": 0.9386126482403362,
            "count": 50
        },
        "HealthcareDDA.Environment.CumulativeReward.sum": {
            "value": 134.1402052640915,
            "min": 99.36729422211647,
            "max": 134.22160869836807,
            "count": 50
        },
        "HealthcareDDA.Policy.ExtrinsicReward.mean": {
            "value": 0.9380433934551853,
            "min": 0.6997696776205385,
            "max": 0.9386126482403362,
            "count": 50
        },
        "HealthcareDDA.Policy.ExtrinsicReward.sum": {
            "value": 134.1402052640915,
            "min": 99.36729422211647,
            "max": 134.22160869836807,
            "count": 50
        },
        "HealthcareDDA.Losses.PolicyLoss.mean": {
            "value": 0.1294117409803827,
            "min": 0.11607037361763002,
            "max": 0.16465097326888808,
            "count": 50
        },
        "HealthcareDDA.Losses.PolicyLoss.sum": {
            "value": 0.5176469639215308,
            "min": 0.3482111208528901,
            "max": 0.6379652868102614,
            "count": 50
        },
        "HealthcareDDA.Losses.ValueLoss.mean": {
            "value": 0.00018864168009713464,
            "min": 0.0001708911415789771,
            "max": 0.05507133729083256,
            "count": 50
        },
        "HealthcareDDA.Losses.ValueLoss.sum": {
            "value": 0.0007545667203885386,
            "min": 0.0005350615898957283,
            "max": 0.16521401187249768,
            "count": 50
        },
        "HealthcareDDA.Policy.LearningRate.mean": {
            "value": 1.7400988399999993e-06,
            "min": 1.7400988399999993e-06,
            "max": 0.00014832000112,
            "count": 50
        },
        "HealthcareDDA.Policy.LearningRate.sum": {
            "value": 6.960395359999997e-06,
            "min": 6.960395359999997e-06,
            "max": 0.0005815200123199999,
            "count": 50
        },
        "HealthcareDDA.Policy.Epsilon.mean": {
            "value": 0.10116000000000001,
            "min": 0.10116000000000001,
            "max": 0.19887999999999997,
            "count": 50
        },
        "HealthcareDDA.Policy.Epsilon.sum": {
            "value": 0.40464000000000006,
            "min": 0.30936,
            "max": 0.78768,
            "count": 50
        },
        "HealthcareDDA.Policy.Beta.mean": {
            "value": 0.000125884,
            "min": 0.000125884,
            "max": 0.009888112,
            "count": 50
        },
        "HealthcareDDA.Policy.Beta.sum": {
            "value": 0.000503536,
            "min": 0.000503536,
            "max": 0.038769232,
            "count": 50
        },
        "HealthcareDDA.IsTraining.mean": {
            "value": 1.0,
            "min": 1.0,
            "max": 1.0,
            "count": 50
        },
        "HealthcareDDA.IsTraining.sum": {
            "value": 1.0,
            "min": 1.0,
            "max": 1.0,
            "count": 50
        }
    },
    "metadata": {
        "timer_format_version": "0.1.0",
        "start_time_seconds": "1736180494",
        "python_version": "3.10.12 (main, Jan  5 2025, 23:12:11) [GCC 14.1.1 20240522]",
        "command_line_arguments": "/home/samgomes/Documents/doutoramento/projects/iProlepsis/reps/healthcare-dda-mlagent/python-venv/bin/mlagents-learn --force config/ppo/HealthcareDDA.yaml --run-id=firstHealthcareDDA",
        "mlagents_version": "1.1.0",
        "mlagents_envs_version": "1.1.0",
        "communication_protocol_version": "1.5.0",
        "pytorch_version": "2.2.2+cu121",
        "numpy_version": "1.23.5",
        "end_time_seconds": "1736180716"
    },
    "total": 222.72108780500275,
    "count": 1,
    "self": 0.06486535900330637,
    "children": {
        "run_training.setup": {
            "total": 0.0277307069991366,
            "count": 1,
            "self": 0.0277307069991366
        },
        "TrainerController.start_learning": {
            "total": 222.6284917390003,
            "count": 1,
            "self": 0.45428071814603754,
            "children": {
                "TrainerController._reset_env": {
                    "total": 12.426484868999978,
                    "count": 1,
                    "self": 12.426484868999978
                },
                "TrainerController.advance": {
                    "total": 209.2287446238588,
                    "count": 10003,
                    "self": 0.41541163478177623,
                    "children": {
                        "env_step": {
                            "total": 110.92476200402962,
                            "count": 10003,
                            "self": 82.23736355356232,
                            "children": {
                                "SubprocessEnvManager._take_step": {
                                    "total": 28.44328039129323,
                                    "count": 10003,
                                    "self": 1.3018327053396206,
                                    "children": {
                                        "TorchPolicy.evaluate": {
                                            "total": 27.141447685953608,
                                            "count": 10003,
                                            "self": 27.141447685953608
                                        }
                                    }
                                },
                                "workers": {
                                    "total": 0.24411805917407037,
                                    "count": 10003,
                                    "self": 0.0,
                                    "children": {
                                        "worker_root": {
                                            "total": 221.4587346143453,
                                            "count": 10003,
                                            "is_parallel": true,
                                            "self": 162.3012720581719,
                                            "children": {
                                                "run_training.setup": {
                                                    "total": 0.0,
                                                    "count": 0,