{
    "name": "root",
    "gauges": {
        "HealthcareDDA.Policy.Entropy.mean": {
            "value": 0.00669992296025157,
            "min": 0.00669992296025157,
            "max": 1.9304139614105225,
            "count": 72
        },
        "HealthcareDDA.Policy.Entropy.sum": {
            "value": 6.800421714782715,
            "min": 6.800421714782715,
            "max": 1959.3701171875,
            "count": 72
        },
        "HealthcareDDA.Environment.EpisodeLength.mean": {
            "value": 6.0,
            "min": 6.0,
            "max": 6.0,
            "count": 72
        },
        "HealthcareDDA.Environment.EpisodeLength.sum": {
            "value": 870.0,
            "min": 840.0,
            "max": 870.0,
            "count": 72
        },
        "HealthcareDDA.Step.mean": {
            "value": 71995.0,
            "min": 994.0,
            "max": 71995.0,
            "count": 72
        },
        "HealthcareDDA.Step.sum": {
            "value": 71995.0,
            "min": 994.0,
            "max": 71995.0,
            "count": 72
        },
        "HealthcareDDA.Policy.ExtrinsicValueEstimate.mean": {
            "value": 0.7920777797698975,
            "min": 0.5619901418685913,
            "max": 0.799372673034668,
            "count": 72
        },
        "HealthcareDDA.Policy.ExtrinsicValueEstimate.sum": {
            "value": 113.26712036132812,
            "min": 79.80259704589844,
            "max": 114.31029510498047,
            "count": 72
        },
        "HealthcareDDA.Environment.CumulativeReward.mean": {
            "value": 0.9183872938156128,
            "min": 0.6983325418452142,
            "max": 0.9183872938156128,
            "count": 72
        },
        "HealthcareDDA.Environment.CumulativeReward.sum": {
            "value": 131.32938301563263,
            "min": 99.16322094202042,
            "max": 131.32938301563263,
            "count": 72
        },
        "HealthcareDDA.Policy.ExtrinsicReward.mean": {
            "value": 0.9183872938156128,
            "min": 0.6983325418452142,
            "max": 0.9183872938156128,
            "count": 72
        },
        "HealthcareDDA.Policy.ExtrinsicReward.sum": {
            "value": 131.32938301563263,
            "min": 99.16322094202042,
            "max": 131.32938301563263,
            "count": 72
        },
        "HealthcareDDA.Losses.PolicyLoss.mean": {
            "value": 0.12410771184174033,
            "min": 0.10679581209034143,
            "max": 0.1625158103997819,
            "count": 72
        },
        "HealthcareDDA.Losses.PolicyLoss.sum": {
            "value": 0.4964308473669613,
            "min": 0.3203874362710243,
            "max": 0.6500632415991277,
            "count": 72
        },
        "HealthcareDDA.Losses.ValueLoss.mean": {
            "value": 0.00019712832560495977,
            "min": 0.0001665074024307008,
            "max": 0.014726180201655047,
            "count": 72
        },
        "HealthcareDDA.Losses.ValueLoss.sum": {
            "value": 0.0007885133024198391,
            "min": 0.0005460033999042935,
            "max": 0.04417854060496514,
            "count": 72
        },
        "HealthcareDDA.Policy.LearningRate.mean": {
            "value": 6.423003577e-05,
            "min": 6.423003577e-05,
            "max": 9.972000028000001e-05,
            "count": 72
        },
        "HealthcareDDA.Policy.LearningRate.sum": {
            "value": 0.00025692014308,
            "min": 0.00019584010416,
            "max": 0.00039692000308,
            "count": 72
        },
        "HealthcareDDA.Policy.Epsilon.mean": {
            "value": 0.16423,
            "min": 0.16423,
            "max": 0.19972,
            "count": 72
        },
        "HealthcareDDA.Policy.Epsilon.sum": {
            "value": 0.65692,
            "min": 0.49584,
            "max": 0.79692,
            "count": 72
        },
        "HealthcareDDA.Policy.Beta.mean": {
            "value": 0.006426577,
            "min": 0.006426577,
            "max": 0.009972028,
            "count": 72
        },
        "HealthcareDDA.Policy.Beta.sum": {
            "value": 0.025706308,
            "min": 0.019594416,
            "max": 0.039692307999999996,
            "count": 72
        },
        "HealthcareDDA.IsTraining.mean": {
            "value": 1.0,
            "min": 1.0,
            "max": 1.0,
            "count": 72
        },
        "HealthcareDDA.IsTraining.sum": {
            "value": 1.0,
            "min": 1.0,
            "max": 1.0,
            "count": 72
        }
    },
    "metadata": {
        "timer_format_version": "0.1.0",
        "start_time_seconds": "1736268924",
        "python_version": "3.10.12 (main, Jan  5 2025, 23:12:11) [GCC 14.1.1 20240522]",
        "command_line_arguments": "/home/samgomes/Documents/doutoramento/projects/iProlepsis/reps/healthcare-dda-mlagent/python-venv/bin/mlagents-learn --force config/ppo/HealthcareDDA.yaml --run-id=firstHealthcareDDA",
        "mlagents_version": "1.1.0",
        "mlagents_envs_version": "1.1.0",
        "communication_protocol_version": "1.5.0",
        "pytorch_version": "2.2.2+cu121",
        "numpy_version": "1.23.5",
        "end_time_seconds": "1736269108"
    },
    "total": 184.2478681149987,
    "count": 1,
    "self": 0.006269040997722186,
    "children": {
        "run_training.setup": {
            "total": 0.025595307000912726,
            "count": 1,
            "self": 0.025595307000912726
        },
        "TrainerController.start_learning": {
            "total": 184.21600376700007,
            "count": 1,
            "self": 0.4215380458845175,
            "children": {
                "TrainerController._reset_env": {
                    "total": 17.88176860299791,
                    "count": 1,
                    "self": 17.88176860299791
                },
                "TrainerController.advance": {
                    "total": 165.84749891411775,
                    "count": 14448,
                    "self": 0.3703020511638897,
                    "children": {
                        "env_step": {
                            "total": 89.10411955307063,
                            "count": 14448,
                            "self": 66.76601358003609,
                            "children": {
                                "SubprocessEnvManager._take_step": {
                                    "total": 22.1062513260149,
                                    "count": 14448,
                                    "self": 0.9885946779213555,
                                    "children": {
                                        "TorchPolicy.evaluate": {
                                            "total": 21.117656648093543,
                                            "count": 14448,
                                            "self": 21.117656648093543
                                        }
                                    }
                                },
                                "workers": {
                                    "total": 0.2318546470196452,
                                    "count": 14448,
                                    "self": 0.0,
                                    "children": {
                                        "worker_root": {
                                            "total": 183.33833433170366,
                                            "count": 14448,
                                            "is_parallel": true,
                                            "self": 135.7781319685928,
                                            "children": {
                                                "run_training.setup": {
                                                    "total": 0.0,
                                                    "count": 0,
                                                    "is_parallel": true,