{
    "name": "root",
    "gauges": {
        "HealthcareDDA.Policy.Entropy.mean": {
            "value": 0.052047304809093475,
            "min": 0.052047304809093475,
            "max": 1.9387235641479492,
            "count": 33
        },
        "HealthcareDDA.Policy.Entropy.sum": {
            "value": 51.0063591003418,
            "min": 51.0063591003418,
            "max": 1967.804443359375,
            "count": 33
        },
        "HealthcareDDA.Environment.EpisodeLength.mean": {
            "value": 6.0,
            "min": 6.0,
            "max": 6.0,
            "count": 33
        },
        "HealthcareDDA.Environment.EpisodeLength.sum": {
            "value": 840.0,
            "min": 840.0,
            "max": 870.0,
            "count": 33
        },
        "HealthcareDDA.Step.mean": {
            "value": 32998.0,
            "min": 994.0,
            "max": 32998.0,
            "count": 33
        },
        "HealthcareDDA.Step.sum": {
            "value": 32998.0,
            "min": 994.0,
            "max": 32998.0,
            "count": 33
        },
        "HealthcareDDA.Policy.ExtrinsicValueEstimate.mean": {
            "value": 0.8264073729515076,
            "min": 0.37035295367240906,
            "max": 0.8276593685150146,
            "count": 33
        },
        "HealthcareDDA.Policy.ExtrinsicValueEstimate.sum": {
            "value": 118.17625427246094,
            "min": 52.590118408203125,
            "max": 118.35528564453125,
            "count": 33
        },
        "HealthcareDDA.Environment.CumulativeReward.mean": {
            "value": 0.958050258092947,
            "min": 0.7042250133736033,
            "max": 0.958050258092947,
            "count": 33
        },
        "HealthcareDDA.Environment.CumulativeReward.sum": {
            "value": 137.0011869072914,
            "min": 99.99995189905167,
            "max": 137.0011869072914,
            "count": 33
        },
        "HealthcareDDA.Policy.ExtrinsicReward.mean": {
            "value": 0.958050258092947,
            "min": 0.7042250133736033,
            "max": 0.958050258092947,
            "count": 33
        },
        "HealthcareDDA.Policy.ExtrinsicReward.sum": {
            "value": 137.0011869072914,
            "min": 99.99995189905167,
            "max": 137.0011869072914,
            "count": 33
        },
        "HealthcareDDA.Losses.PolicyLoss.mean": {
            "value": 0.1378763105927242,
            "min": 0.10340145256163345,
            "max": 0.15107304056679519,
            "count": 33
        },
        "HealthcareDDA.Losses.PolicyLoss.sum": {
            "value": 0.4136289317781726,
            "min": 0.31020435768490034,
            "max": 0.6042921622671807,
            "count": 33
        },
        "HealthcareDDA.Losses.ValueLoss.mean": {
            "value": 0.0002378296532899387,
            "min": 0.0002378296532899387,
            "max": 0.06315761442399688,
            "count": 33
        },
        "HealthcareDDA.Losses.ValueLoss.sum": {
            "value": 0.0007134889598698161,
            "min": 0.0007134889598698161,
            "max": 0.18947284327199063,
            "count": 33
        },
        "HealthcareDDA.Policy.LearningRate.mean": {
            "value": 8.376001624000001e-05,
            "min": 8.376001624000001e-05,
            "max": 9.972000028000001e-05,
            "count": 33
        },
        "HealthcareDDA.Policy.LearningRate.sum": {
            "value": 0.00025128004872000003,
            "min": 0.00025128004872000003,
            "max": 0.00039692000308,
            "count": 33
        },
        "HealthcareDDA.Policy.Epsilon.mean": {
            "value": 0.18376,
            "min": 0.18376,
            "max": 0.19972,
            "count": 33
        },
        "HealthcareDDA.Policy.Epsilon.sum": {
            "value": 0.55128,
            "min": 0.55128,
            "max": 0.79692,
            "count": 33
        },
        "HealthcareDDA.Policy.Beta.mean": {
            "value": 0.008377624,
            "min": 0.008377624,
            "max": 0.009972028,
            "count": 33
        },
        "HealthcareDDA.Policy.Beta.sum": {
            "value": 0.025132872,
            "min": 0.025132872,
            "max": 0.039692307999999996,
            "count": 33
        },
        "HealthcareDDA.IsTraining.mean": {
            "value": 1.0,
            "min": 1.0,
            "max": 1.0,
            "count": 33
        },
        "HealthcareDDA.IsTraining.sum": {
            "value": 1.0,
            "min": 1.0,
            "max": 1.0,
            "count": 33
        }
    },
    "metadata": {
        "timer_format_version": "0.1.0",
        "start_time_seconds": "1736278712",
        "python_version": "3.10.12 (main, Jan  5 2025, 23:12:11) [GCC 14.1.1 20240522]",
        "command_line_arguments": "/home/samgomes/Documents/doutoramento/projects/iProlepsis/reps/healthcare-dda-mlagent/python-venv/bin/mlagents-learn --force config/ppo/HealthcareDDA.yaml --run-id=firstHealthcareDDA",
        "mlagents_version": "1.1.0",
        "mlagents_envs_version": "1.1.0",
        "communication_protocol_version": "1.5.0",
        "pytorch_version": "2.2.2+cu121",
        "numpy_version": "1.23.5",
        "end_time_seconds": "1736278835"
    },
    "total": 122.16067000800103,
    "count": 1,
    "self": 0.006421837002562825,
    "children": {
        "run_training.setup": {
            "total": 0.024087885998596903,
            "count": 1,
            "self": 0.024087885998596903
        },
        "TrainerController.start_learning": {
            "total": 122.13016028499987,
            "count": 1,
            "self": 0.21814272991468897,
            "children": {
                "TrainerController._reset_env": {
                    "total": 32.14758254500339,
                    "count": 1,
                    "self": 32.14758254500339
                },
                "TrainerController.advance": {
                    "total": 89.69102655007737,
                    "count": 6751,
                    "self": 0.20294035201368388,
                    "children": {
                        "env_step": {
                            "total": 51.47036345722154,
                            "count": 6751,
                            "self": 40.287591846739815,
                            "children": {
                                "SubprocessEnvManager._take_step": {
                                    "total": 11.067716185731115,
                                    "count": 6751,
                                    "self": 0.5439640009135474,
                                    "children": {
                                        "TorchPolicy.evaluate": {
                                            "total": 10.523752184817567,
                                            "count": 6751,
                                            "self": 10.523752184817567
                                        }
                                    }
                                },
                                "workers": {
                                    "total": 0.11505542475060793,
                                    "count": 6750,
                                    "self": 0.0,
                                    "children": {
                                        "worker_root": {
                                            "total": 118.50555639398226,
                                            "count": 6750,
                                            "is_parallel": true,
                                            "self": 91.24194460432773,
                                            "children": {
                                                "run_training.setup": {
                                                    "total": 0.0,
                                                    "count": 0,
                                                    "is_parallel": true,