{
    "name": "root",
    "gauges": {
        "HealthcareDDA.Policy.Entropy.mean": {
            "value": 0.0057680197060108185,
            "min": 0.0057680197060108185,
            "max": 1.9332236051559448,
            "count": 64
        },
        "HealthcareDDA.Policy.Entropy.sum": {
            "value": 5.85453987121582,
            "min": 5.85453987121582,
            "max": 1962.221923828125,
            "count": 64
        },
        "HealthcareDDA.Environment.EpisodeLength.mean": {
            "value": 6.0,
            "min": 6.0,
            "max": 6.0,
            "count": 64
        },
        "HealthcareDDA.Environment.EpisodeLength.sum": {
            "value": 870.0,
            "min": 840.0,
            "max": 870.0,
            "count": 64
        },
        "HealthcareDDA.Step.mean": {
            "value": 63994.0,
            "min": 994.0,
            "max": 63994.0,
            "count": 64
        },
        "HealthcareDDA.Step.sum": {
            "value": 63994.0,
            "min": 994.0,
            "max": 63994.0,
            "count": 64
        },
        "HealthcareDDA.Policy.ExtrinsicValueEstimate.mean": {
            "value": 0.8100676536560059,
            "min": 0.5172678232192993,
            "max": 0.813744843006134,
            "count": 64
        },
        "HealthcareDDA.Policy.ExtrinsicValueEstimate.sum": {
            "value": 115.83967590332031,
            "min": 73.96929931640625,
            "max": 116.36551666259766,
            "count": 64
        },
        "HealthcareDDA.Environment.CumulativeReward.mean": {
            "value": 0.9386131363315182,
            "min": 0.689709441762575,
            "max": 0.9387555718421936,
            "count": 64
        },
        "HealthcareDDA.Environment.CumulativeReward.sum": {
            "value": 134.2216784954071,
            "min": 97.93874073028564,
            "max": 134.24204677343369,
            "count": 64
        },
        "HealthcareDDA.Policy.ExtrinsicReward.mean": {
            "value": 0.9386131363315182,
            "min": 0.689709441762575,
            "max": 0.9387555718421936,
            "count": 64
        },
        "HealthcareDDA.Policy.ExtrinsicReward.sum": {
            "value": 134.2216784954071,
            "min": 97.93874073028564,
            "max": 134.24204677343369,
            "count": 64
        },
        "HealthcareDDA.Losses.PolicyLoss.mean": {
            "value": 0.12422050726794015,
            "min": 0.109029833857979,
            "max": 0.15322706627193838,
            "count": 64
        },
        "HealthcareDDA.Losses.PolicyLoss.sum": {
            "value": 0.4968820290717606,
            "min": 0.32838295221639174,
            "max": 0.6129082650877535,
            "count": 64
        },
        "HealthcareDDA.Losses.ValueLoss.mean": {
            "value": 0.00021728486315926904,
            "min": 0.00018011953044252648,
            "max": 0.2721750867139134,
            "count": 64
        },
        "HealthcareDDA.Losses.ValueLoss.sum": {
            "value": 0.0008691394526370762,
            "min": 0.0005403585913275795,
            "max": 0.8165252601417402,
            "count": 64
        },
        "HealthcareDDA.Policy.LearningRate.mean": {
            "value": 6.829003171e-05,
            "min": 6.829003171e-05,
            "max": 9.972000028000001e-05,
            "count": 64
        },
        "HealthcareDDA.Policy.LearningRate.sum": {
            "value": 0.00027316012684,
            "min": 0.00020634009366,
            "max": 0.00039692000308,
            "count": 64
        },
        "HealthcareDDA.Policy.Epsilon.mean": {
            "value": 0.16829,
            "min": 0.16829,
            "max": 0.19972,
            "count": 64
        },
        "HealthcareDDA.Policy.Epsilon.sum": {
            "value": 0.67316,
            "min": 0.50634,
            "max": 0.79692,
            "count": 64
        },
        "HealthcareDDA.Policy.Beta.mean": {
            "value": 0.006832171,
            "min": 0.006832171,
            "max": 0.009972028,
            "count": 64
        },
        "HealthcareDDA.Policy.Beta.sum": {
            "value": 0.027328684,
            "min": 0.020643366,
            "max": 0.039692307999999996,
            "count": 64
        },
        "HealthcareDDA.IsTraining.mean": {
            "value": 1.0,
            "min": 1.0,
            "max": 1.0,
            "count": 64
        },
        "HealthcareDDA.IsTraining.sum": {
            "value": 1.0,
            "min": 1.0,
            "max": 1.0,
            "count": 64
        }
    },
    "metadata": {
        "timer_format_version": "0.1.0",
        "start_time_seconds": "1736276852",
        "python_version": "3.10.12 (main, Jan  5 2025, 23:12:11) [GCC 14.1.1 20240522]",
        "command_line_arguments": "/home/samgomes/Documents/doutoramento/projects/iProlepsis/reps/healthcare-dda-mlagent/python-venv/bin/mlagents-learn --force config/ppo/HealthcareDDA.yaml --run-id=firstHealthcareDDA",
        "mlagents_version": "1.1.0",
        "mlagents_envs_version": "1.1.0",
        "communication_protocol_version": "1.5.0",
        "pytorch_version": "2.2.2+cu121",
        "numpy_version": "1.23.5",
        "end_time_seconds": "1736277093"
    },
    "total": 241.07060710000223,
    "count": 1,
    "self": 0.007327683997573331,
    "children": {
        "run_training.setup": {
            "total": 0.024692288003279828,
            "count": 1,
            "self": 0.024692288003279828
        },
        "TrainerController.start_learning": {
            "total": 241.03858712800138,
            "count": 1,
            "self": 0.42102026582870167,
            "children": {
                "TrainerController._reset_env": {
                    "total": 17.028951268002857,
                    "count": 1,
                    "self": 17.028951268002857
                },
                "TrainerController.advance": {
                    "total": 223.4107236011696,
                    "count": 13001,
                    "self": 0.410067924130999,
                    "children": {
                        "env_step": {
                            "total": 149.15495412173914,
                            "count": 13001,
                            "self": 127.35885767419677,
                            "children": {
                                "SubprocessEnvManager._take_step": {
                                    "total": 21.579712395941897,
                                    "count": 13001,
                                    "self": 0.9902158589538885,
                                    "children": {
                                        "TorchPolicy.evaluate": {
                                            "total": 20.58949653698801,
                                            "count": 13001,
                                            "self": 20.58949653698801
                                        }
                                    }
                                },
                                "workers": {
                                    "total": 0.21638405160047114,
                                    "count": 13000,
                                    "self": 0.0,
                                    "children": {
                                        "worker_root": {
                                            "total": 180.21230960624962,
                                            "count": 13000,
                                            "is_parallel": true,
                                            "self": 131.3171931631514,
                                            "children": {
                                                "run_training.setup": {
                                                    "total": 0.0,
                                                    "count": 0,
                                                    "is_parallel": true,