{
    "name": "root",
    "gauges": {
        "HealthcareDDA.Policy.Entropy.mean": {
            "value": 0.038940031081438065,
            "min": 0.03704626113176346,
            "max": 1.9388301372528076,
            "count": 36
        },
        "HealthcareDDA.Policy.Entropy.sum": {
            "value": 39.524131774902344,
            "min": 36.305335998535156,
            "max": 1967.91259765625,
            "count": 36
        },
        "HealthcareDDA.Environment.EpisodeLength.mean": {
            "value": 6.0,
            "min": 6.0,
            "max": 6.0,
            "count": 36
        },
        "HealthcareDDA.Environment.EpisodeLength.sum": {
            "value": 870.0,
            "min": 840.0,
            "max": 870.0,
            "count": 36
        },
        "HealthcareDDA.Step.mean": {
            "value": 35994.0,
            "min": 994.0,
            "max": 35994.0,
            "count": 36
        },
        "HealthcareDDA.Step.sum": {
            "value": 35994.0,
            "min": 994.0,
            "max": 35994.0,
            "count": 36
        },
        "HealthcareDDA.Policy.ExtrinsicValueEstimate.mean": {
            "value": 0.8273430466651917,
            "min": 0.10900043696165085,
            "max": 0.8286696672439575,
            "count": 36
        },
        "HealthcareDDA.Policy.ExtrinsicValueEstimate.sum": {
            "value": 118.31005859375,
            "min": 15.47806167602539,
            "max": 118.49976348876953,
            "count": 36
        },
        "HealthcareDDA.Environment.CumulativeReward.mean": {
            "value": 0.9574785636855172,
            "min": 0.6989074353600891,
            "max": 0.9583361052966618,
            "count": 36
        },
        "HealthcareDDA.Environment.CumulativeReward.sum": {
            "value": 136.91943460702896,
            "min": 99.24485582113266,
            "max": 137.04206305742264,
            "count": 36
        },
        "HealthcareDDA.Policy.ExtrinsicReward.mean": {
            "value": 0.9574785636855172,
            "min": 0.6989074353600891,
            "max": 0.9583361052966618,
            "count": 36
        },
        "HealthcareDDA.Policy.ExtrinsicReward.sum": {
            "value": 136.91943460702896,
            "min": 99.24485582113266,
            "max": 137.04206305742264,
            "count": 36
        },
        "HealthcareDDA.Losses.PolicyLoss.mean": {
            "value": 0.1465674595577487,
            "min": 0.10943768391734922,
            "max": 0.15331787479226477,
            "count": 36
        },
        "HealthcareDDA.Losses.PolicyLoss.sum": {
            "value": 0.5862698382309948,
            "min": 0.33553185112153494,
            "max": 0.6132714991690591,
            "count": 36
        },
        "HealthcareDDA.Losses.ValueLoss.mean": {
            "value": 0.0002585009362974233,
            "min": 0.0001953241138229108,
            "max": 0.1379760985987054,
            "count": 36
        },
        "HealthcareDDA.Losses.ValueLoss.sum": {
            "value": 0.0010340037451896933,
            "min": 0.0005859723414687323,
            "max": 0.41392829579611623,
            "count": 36
        },
        "HealthcareDDA.Policy.LearningRate.mean": {
            "value": 8.229001771e-05,
            "min": 8.229001771e-05,
            "max": 9.972000028000001e-05,
            "count": 36
        },
        "HealthcareDDA.Policy.LearningRate.sum": {
            "value": 0.00032916007084,
            "min": 0.00024834005166,
            "max": 0.00039692000308,
            "count": 36
        },
        "HealthcareDDA.Policy.Epsilon.mean": {
            "value": 0.18229,
            "min": 0.18229,
            "max": 0.19972,
            "count": 36
        },
        "HealthcareDDA.Policy.Epsilon.sum": {
            "value": 0.72916,
            "min": 0.54834,
            "max": 0.79692,
            "count": 36
        },
        "HealthcareDDA.Policy.Beta.mean": {
            "value": 0.008230771000000001,
            "min": 0.008230771000000001,
            "max": 0.009972028,
            "count": 36
        },
        "HealthcareDDA.Policy.Beta.sum": {
            "value": 0.032923084000000005,
            "min": 0.024839166000000003,
            "max": 0.039692307999999996,
            "count": 36
        },
        "HealthcareDDA.IsTraining.mean": {
            "value": 1.0,
            "min": 1.0,
            "max": 1.0,
            "count": 36
        },
        "HealthcareDDA.IsTraining.sum": {
            "value": 1.0,
            "min": 1.0,
            "max": 1.0,
            "count": 36
        }
    },
    "metadata": {
        "timer_format_version": "0.1.0",
        "start_time_seconds": "1736278507",
        "python_version": "3.10.12 (main, Jan  5 2025, 23:12:11) [GCC 14.1.1 20240522]",
        "command_line_arguments": "/home/samgomes/Documents/doutoramento/projects/iProlepsis/reps/healthcare-dda-mlagent/python-venv/bin/mlagents-learn --force config/ppo/HealthcareDDA.yaml --run-id=firstHealthcareDDA",
        "mlagents_version": "1.1.0",
        "mlagents_envs_version": "1.1.0",
        "communication_protocol_version": "1.5.0",
        "pytorch_version": "2.2.2+cu121",
        "numpy_version": "1.23.5",
        "end_time_seconds": "1736278631"
    },
    "total": 123.33804519700061,
    "count": 1,
    "self": 0.008468549007375259,
    "children": {
        "run_training.setup": {
            "total": 0.025691037997603416,
            "count": 1,
            "self": 0.025691037997603416
        },
        "TrainerController.start_learning": {
            "total": 123.30388560999563,
            "count": 1,
            "self": 0.2429523409518879,
            "children": {
                "TrainerController._reset_env": {
                    "total": 23.581301894002536,
                    "count": 1,
                    "self": 23.581301894002536
                },
                "TrainerController.advance": {
                    "total": 99.39850192204904,
                    "count": 7234,
                    "self": 0.22095685300882906,
                    "children": {
                        "env_step": {
                            "total": 56.60130263311294,
                            "count": 7234,
                            "self": 44.24031317063054,
                            "children": {
                                "SubprocessEnvManager._take_step": {
                                    "total": 12.233610451126879,
                                    "count": 7234,
                                    "self": 0.5814762589070597,
                                    "children": {
                                        "TorchPolicy.evaluate": {
                                            "total": 11.652134192219819,
                                            "count": 7234,
                                            "self": 11.652134192219819
                                        }
                                    }
                                },
                                "workers": {
                                    "total": 0.1273790113555151,
                                    "count": 7233,
                                    "self": 0.0,
                                    "children": {
                                        "worker_root": {
                                            "total": 119.1456183050177,
                                            "count": 7233,
                                            "is_parallel": true,
                                            "self": 89.33330359002866,
                                            "children": {
                                                "run_training.setup": {
                                                    "total": 0.0,
                                                    "count": 0,
                                                    "is_parallel": true,