{
    "name": "root",
    "gauges": {
        "HealthcareDDA.Policy.Entropy.mean": {
            "value": 0.02451222389936447,
            "min": 0.02451222389936447,
            "max": 1.923799991607666,
            "count": 50
        },
        "HealthcareDDA.Policy.Entropy.sum": {
            "value": 24.879907608032227,
            "min": 24.25897979736328,
            "max": 1952.656982421875,
            "count": 50
        },
        "HealthcareDDA.Environment.EpisodeLength.mean": {
            "value": 6.0,
            "min": 6.0,
            "max": 6.0,
            "count": 50
        },
        "HealthcareDDA.Environment.EpisodeLength.sum": {
            "value": 870.0,
            "min": 840.0,
            "max": 870.0,
            "count": 50
        },
        "HealthcareDDA.Step.mean": {
            "value": 49994.0,
            "min": 994.0,
            "max": 49994.0,
            "count": 50
        },
        "HealthcareDDA.Step.sum": {
            "value": 49994.0,
            "min": 994.0,
            "max": 49994.0,
            "count": 50
        },
        "HealthcareDDA.Policy.ExtrinsicValueEstimate.mean": {
            "value": 0.8084911704063416,
            "min": -0.06171605363488197,
            "max": 0.8088828921318054,
            "count": 50
        },
        "HealthcareDDA.Policy.ExtrinsicValueEstimate.sum": {
            "value": 115.6142349243164,
            "min": -8.763679504394531,
            "max": 115.67024993896484,
            "count": 50
        },
        "HealthcareDDA.Environment.CumulativeReward.mean": {
            "value": 0.9379009587781413,
            "min": 0.6874099226904588,
            "max": 0.9384697246384788,
            "count": 50
        },
        "HealthcareDDA.Environment.CumulativeReward.sum": {
            "value": 134.1198371052742,
            "min": 97.61220902204514,
            "max": 134.20117062330246,
            "count": 50
        },
        "HealthcareDDA.Policy.ExtrinsicReward.mean": {
            "value": 0.9379009587781413,
            "min": 0.6874099226904588,
            "max": 0.9384697246384788,
            "count": 50
        },
        "HealthcareDDA.Policy.ExtrinsicReward.sum": {
            "value": 134.1198371052742,
            "min": 97.61220902204514,
            "max": 134.20117062330246,
            "count": 50
        },
        "HealthcareDDA.Losses.PolicyLoss.mean": {
            "value": 0.1299409107353616,
            "min": 0.11536273459205404,
            "max": 0.1604914355945463,
            "count": 50
        },
        "HealthcareDDA.Losses.PolicyLoss.sum": {
            "value": 0.5197636429414464,
            "min": 0.3460882037761621,
            "max": 0.6419657423781852,
            "count": 50
        },
        "HealthcareDDA.Losses.ValueLoss.mean": {
            "value": 0.0001735289687303521,
            "min": 0.0001735289687303521,
            "max": 0.27200674012096393,
            "count": 50
        },
        "HealthcareDDA.Losses.ValueLoss.sum": {
            "value": 0.0006941158749214084,
            "min": 0.0005805991841043578,
            "max": 0.8160202203628918,
            "count": 50
        },
        "HealthcareDDA.Policy.LearningRate.mean": {
            "value": 1.7400988399999993e-06,
            "min": 1.7400988399999993e-06,
            "max": 0.00014832000112,
            "count": 50
        },
        "HealthcareDDA.Policy.LearningRate.sum": {
            "value": 6.960395359999997e-06,
            "min": 6.960395359999997e-06,
            "max": 0.0005815200123199999,
            "count": 50
        },
        "HealthcareDDA.Policy.Epsilon.mean": {
            "value": 0.10116000000000001,
            "min": 0.10116000000000001,
            "max": 0.19887999999999997,
            "count": 50
        },
        "HealthcareDDA.Policy.Epsilon.sum": {
            "value": 0.40464000000000006,
            "min": 0.30936,
            "max": 0.78768,
            "count": 50
        },
        "HealthcareDDA.Policy.Beta.mean": {
            "value": 0.000125884,
            "min": 0.000125884,
            "max": 0.009888112,
            "count": 50
        },
        "HealthcareDDA.Policy.Beta.sum": {
            "value": 0.000503536,
            "min": 0.000503536,
            "max": 0.038769232,
            "count": 50
        },
        "HealthcareDDA.IsTraining.mean": {
            "value": 1.0,
            "min": 1.0,
            "max": 1.0,
            "count": 50
        },
        "HealthcareDDA.IsTraining.sum": {
            "value": 1.0,
            "min": 1.0,
            "max": 1.0,
            "count": 50
        }
    },
    "metadata": {
        "timer_format_version": "0.1.0",
        "start_time_seconds": "1736251475",
        "python_version": "3.10.12 (main, Jan  5 2025, 23:12:11) [GCC 14.1.1 20240522]",
        "command_line_arguments": "/home/samgomes/Documents/doutoramento/projects/iProlepsis/reps/healthcare-dda-mlagent/python-venv/bin/mlagents-learn --force config/ppo/HealthcareDDA.yaml --run-id=firstHealthcareDDA",
        "mlagents_version": "1.1.0",
        "mlagents_envs_version": "1.1.0",
        "communication_protocol_version": "1.5.0",
        "pytorch_version": "2.2.2+cu121",
        "numpy_version": "1.23.5",
        "end_time_seconds": "1736251600"
    },
    "total": 125.19385926399991,
    "count": 1,
    "self": 0.007498177999877953,
    "children": {
        "run_training.setup": {
            "total": 0.01467203399988648,
            "count": 1,
            "self": 0.01467203399988648
        },
        "TrainerController.start_learning": {
            "total": 125.17168905200015,
            "count": 1,
            "self": 0.30553482692630496,
            "children": {
                "TrainerController._reset_env": {
                    "total": 8.61402504599937,
                    "count": 1,
                    "self": 8.61402504599937
                },
                "TrainerController.advance": {
                    "total": 116.18302927707555,
                    "count": 10003,
                    "self": 0.2839040541148279,
                    "children": {
                        "env_step": {
                            "total": 64.13657521897221,
                            "count": 10003,
                            "self": 48.077920598914716,
                            "children": {
                                "SubprocessEnvManager._take_step": {
                                    "total": 15.882791710993843,
                                    "count": 10003,
                                    "self": 0.7148530579779617,
                                    "children": {
                                        "TorchPolicy.evaluate": {
                                            "total": 15.16793865301588,
                                            "count": 10003,
                                            "self": 15.16793865301588
                                        }
                                    }
                                },
                                "workers": {
                                    "total": 0.1758629090636532,
                                    "count": 10003,
                                    "self": 0.0,
                                    "children": {
                                        "worker_root": {
                                            "total": 124.67130382606229,
                                            "count": 10003,
                                            "is_parallel": true,
                                            "self": 90.26302469702932,
                                            "children": {
                                                "run_training.setup": {
                                                    "total": 0.0,
                                                    "count": 0,
                                                    "is_parallel": true,