{
    "name": "root",
    "gauges": {
        "HealthcareDDA.Environment.EpisodeLength.mean": {
            "value": 3.0,
            "min": 3.0,
            "max": 3.0,
            "count": 50
        },
        "HealthcareDDA.Environment.EpisodeLength.sum": {
            "value": 744.0,
            "min": 744.0,
            "max": 756.0,
            "count": 50
        },
        "HealthcareDDA.Step.mean": {
            "value": 49996.0,
            "min": 996.0,
            "max": 49996.0,
            "count": 50
        },
        "HealthcareDDA.Step.sum": {
            "value": 49996.0,
            "min": 996.0,
            "max": 49996.0,
            "count": 50
        },
        "HealthcareDDA.Policy.ExtrinsicValue.mean": {
            "value": 1.112753987312317,
            "min": 0.20283828675746918,
            "max": 1.4211887121200562,
            "count": 50
        },
        "HealthcareDDA.Policy.ExtrinsicValue.sum": {
            "value": 278.1885070800781,
            "min": 50.50673294067383,
            "max": 355.29718017578125,
            "count": 50
        },
        "HealthcareDDA.Environment.CumulativeReward.mean": {
            "value": 2.2195741968154907,
            "min": 1.636884139244815,
            "max": 2.4672706513404847,
            "count": 50
        },
        "HealthcareDDA.Environment.CumulativeReward.sum": {
            "value": 554.8935492038727,
            "min": 407.5841506719589,
            "max": 616.8176628351212,
            "count": 50
        },
        "HealthcareDDA.Policy.ExtrinsicReward.mean": {
            "value": 2.2195741968154907,
            "min": 1.636884139244815,
            "max": 2.4672706513404847,
            "count": 50
        },
        "HealthcareDDA.Policy.ExtrinsicReward.sum": {
            "value": 554.8935492038727,
            "min": 407.5841506719589,
            "max": 616.8176628351212,
            "count": 50
        },
        "HealthcareDDA.Losses.ValueLoss.mean": {
            "value": 0.023950616407874086,
            "min": 0.017937019247353896,
            "max": 0.10230984739328344,
            "count": 50
        },
        "HealthcareDDA.Losses.ValueLoss.sum": {
            "value": 5.939752869152773,
            "min": 4.448380773343766,
            "max": 25.372842153534293,
            "count": 50
        },
        "HealthcareDDA.Policy.LearningRate.mean": {
            "value": 0.0005000000000000002,
            "min": 0.0005000000000000001,
            "max": 0.0005000000000000002,
            "count": 50
        },
        "HealthcareDDA.Policy.LearningRate.sum": {
            "value": 0.12400000000000005,
            "min": 0.12350000000000005,
            "max": 0.12600000000000003,
            "count": 50
        },
        "HealthcareDDA.Policy.epsilon.mean": {
            "value": 0.05000000000000002,
            "min": 0.05,
            "max": 0.7810186234817814,
            "count": 50
        },
        "HealthcareDDA.Policy.epsilon.sum": {
            "value": 12.400000000000004,
            "min": 12.400000000000004,
            "max": 192.91160000000002,
            "count": 50
        },
        "HealthcareDDA.IsTraining.mean": {
            "value": 1.0,
            "min": 1.0,
            "max": 1.0,
            "count": 50
        },
        "HealthcareDDA.IsTraining.sum": {
            "value": 1.0,
            "min": 1.0,
            "max": 1.0,
            "count": 50
        }
    },
    "metadata": {
        "timer_format_version": "0.1.0",
        "start_time_seconds": "1746713375",
        "python_version": "3.10.12 (main, Jan  5 2025, 23:12:11) [GCC 14.1.1 20240522]",
        "command_line_arguments": "/home/samgomes/Documents/doutoramento/projects/iProlepsis/reps/healthcare-dda-mlagent/python-venv/bin/mlagents-learn config/dqn/HealthcareDDA.yaml --run-id=DQN_MBS_No_Flares --force",
        "mlagents_version": "1.0.0",
        "mlagents_envs_version": "1.1.0",
        "communication_protocol_version": "1.5.0",
        "pytorch_version": "2.2.2+cu121",
        "numpy_version": "1.23.5",
        "end_time_seconds": "1746713669"
    },
    "total": 293.52699839199704,
    "count": 1,
    "self": 0.02080462300000363,
    "children": {
        "run_training.setup": {
            "total": 0.03910522599835531,
            "count": 1,
            "self": 0.03910522599835531
        },
        "TrainerController.start_learning": {
            "total": 293.4670885429987,
            "count": 1,
            "self": 0.6105777671291435,
            "children": {
                "TrainerController._reset_env": {
                    "total": 10.392622352999751,
                    "count": 1,
                    "self": 10.392622352999751
                },
                "TrainerController.advance": {
                    "total": 282.4037164548681,
                    "count": 12504,
                    "self": 0.5840778276287892,
                    "children": {
                        "env_step": {
                            "total": 98.16340477218182,
                            "count": 12504,
                            "self": 78.27891359740534,
                            "children": {
                                "SubprocessEnvManager._take_step": {
                                    "total": 19.56024036785675,
                                    "count": 12504,
                                    "self": 1.6159995582820557,
                                    "children": {
                                        "TorchPolicy.evaluate": {
                                            "total": 17.944240809574694,
                                            "count": 12504,
                                            "self": 17.944240809574694
                                        }
                                    }
                                },
                                "workers": {
                                    "total": 0.3242508069197356,
                                    "count": 12504,
                                    "self": 0.0,
                                    "children": {
                                        "worker_root": {
                                            "total": 292.7387466118598,
                                            "count": 12504,
                                            "is_parallel": true,
                                            "self": 239.8285509689049,
                                            "children": {
                                                "run_training.setup": {
                                                    "total": 0.0,
                                                    "count": 0,
                                                    "is_parallel": true,
                                                    "self": 0.0,
                                                    "children": {
                                                        "steps_from_proto": {
                                                            "total": 0.0022944470001675654,
                                                            "count": 1,
                                                            "is_parallel": true,
                                                            "self": 0.0015126729995245114,
                                                            "children": {
                                                                "_process_rank_one_or_two_observation": {
                                                                    "total": 0.000781774000643054,
                                                                    "count": 2,
                                                                    "is_parallel": true,