{
    "name": "root",
    "gauges": {
        "HealthcareDDA.Environment.EpisodeLength.mean": {
            "value": 3.0,
            "min": 3.0,
            "max": 3.0,
            "count": 50
        },
        "HealthcareDDA.Environment.EpisodeLength.sum": {
            "value": 744.0,
            "min": 744.0,
            "max": 756.0,
            "count": 50
        },
        "HealthcareDDA.Step.mean": {
            "value": 49996.0,
            "min": 996.0,
            "max": 49996.0,
            "count": 50
        },
        "HealthcareDDA.Step.sum": {
            "value": 49996.0,
            "min": 996.0,
            "max": 49996.0,
            "count": 50
        },
        "HealthcareDDA.Policy.ExtrinsicValue.mean": {
            "value": 1.3624247312545776,
            "min": 0.1660652905702591,
            "max": 1.4004753828048706,
            "count": 50
        },
        "HealthcareDDA.Policy.ExtrinsicValue.sum": {
            "value": 340.6061706542969,
            "min": 41.350257873535156,
            "max": 350.11883544921875,
            "count": 50
        },
        "HealthcareDDA.Environment.CumulativeReward.mean": {
            "value": 2.4715510244369505,
            "min": 1.6837538217444976,
            "max": 2.485304927825928,
            "count": 50
        },
        "HealthcareDDA.Environment.CumulativeReward.sum": {
            "value": 617.8877561092377,
            "min": 419.2547016143799,
            "max": 621.3262319564819,
            "count": 50
        },
        "HealthcareDDA.Policy.ExtrinsicReward.mean": {
            "value": 2.4715510244369505,
            "min": 1.6837538217444976,
            "max": 2.485304927825928,
            "count": 50
        },
        "HealthcareDDA.Policy.ExtrinsicReward.sum": {
            "value": 617.8877561092377,
            "min": 419.2547016143799,
            "max": 621.3262319564819,
            "count": 50
        },
        "HealthcareDDA.Losses.ValueLoss.mean": {
            "value": 0.04679510608485709,
            "min": 0.019749436426941807,
            "max": 0.1040500314443042,
            "count": 50
        },
        "HealthcareDDA.Losses.ValueLoss.sum": {
            "value": 11.605186309044559,
            "min": 4.878110797454626,
            "max": 26.22060792396466,
            "count": 50
        },
        "HealthcareDDA.Policy.LearningRate.mean": {
            "value": 5.040098992e-06,
            "min": 5.040098992e-06,
            "max": 0.0004949266406907854,
            "count": 50
        },
        "HealthcareDDA.Policy.LearningRate.sum": {
            "value": 0.001249944550016,
            "min": 0.001249944550016,
            "max": 0.12224688025062398,
            "count": 50
        },
        "HealthcareDDA.Policy.epsilon.mean": {
            "value": 0.05000000000000002,
            "min": 0.05,
            "max": 0.7809748987854253,
            "count": 50
        },
        "HealthcareDDA.Policy.epsilon.sum": {
            "value": 12.400000000000004,
            "min": 12.400000000000004,
            "max": 192.90080000000003,
            "count": 50
        },
        "HealthcareDDA.IsTraining.mean": {
            "value": 1.0,
            "min": 1.0,
            "max": 1.0,
            "count": 50
        },
        "HealthcareDDA.IsTraining.sum": {
            "value": 1.0,
            "min": 1.0,
            "max": 1.0,
            "count": 50
        }
    },
    "metadata": {
        "timer_format_version": "0.1.0",
        "start_time_seconds": "1747844151",
        "python_version": "3.10.12 (main, Jan  5 2025, 23:12:11) [GCC 14.1.1 20240522]",
        "command_line_arguments": "/home/samgomes/Documents/doutoramento/projects/iProlepsis/reps/healthcare-dda-mlagent/python-venv/bin/mlagents-learn config/dqn/HealthcareDDA.yaml --run-id=DQN_MBS_No_Flares --force",
        "mlagents_version": "1.0.0",
        "mlagents_envs_version": "1.1.0",
        "communication_protocol_version": "1.5.0",
        "pytorch_version": "2.2.2+cu121",
        "numpy_version": "1.23.5",
        "end_time_seconds": "1747844369"
    },
    "total": 217.86413514000014,
    "count": 1,
    "self": 0.0073547640022297855,
    "children": {
        "run_training.setup": {
            "total": 0.019750182000279892,
            "count": 1,
            "self": 0.019750182000279892
        },
        "TrainerController.start_learning": {
            "total": 217.83703019399763,
            "count": 1,
            "self": 0.31984401816953323,
            "children": {
                "TrainerController._reset_env": {
                    "total": 10.065689417999238,
                    "count": 1,
                    "self": 10.065689417999238
                },
                "TrainerController.advance": {
                    "total": 207.43651434382627,
                    "count": 12504,
                    "self": 0.2781808376603294,
                    "children": {
                        "env_step": {
                            "total": 63.05303997698866,
                            "count": 12504,
                            "self": 52.13079254340846,
                            "children": {
                                "SubprocessEnvManager._take_step": {
                                    "total": 10.747505569874193,
                                    "count": 12504,
                                    "self": 0.780893489918526,
                                    "children": {
                                        "TorchPolicy.evaluate": {
                                            "total": 9.966612079955667,
                                            "count": 12504,
                                            "self": 9.966612079955667
                                        }
                                    }
                                },
                                "workers": {
                                    "total": 0.17474186370600364,
                                    "count": 12504,
                                    "self": 0.0,
                                    "children": {
                                        "worker_root": {
                                            "total": 217.41736215709898,
                                            "count": 12504,
                                            "is_parallel": true,
                                            "self": 178.97277494597802,
                                            "children": {
                                                "run_training.setup": {
                                                    "total": 0.0,
                                                    "count": 0,
                                                    "is_parallel": true,
                                                    "self": 0.0,
                                                    "children": {
                                                        "steps_from_proto": {
                                                            "total": 0.000887508002051618,
                                                            "count": 1,
                                                            "is_parallel": true,
                                                            "self": 0.00044108100701123476,
                                                            "children": {
                                                                "_process_rank_one_or_two_observation": {
                                                                    "total": 0.0004464269950403832,
                                                                    "count": 2,
                                                                    "is_parallel": true,