{
    "name": "root",
    "gauges": {
        "HealthcareDDA.Policy.Entropy.mean": {
            "value": 0.005563746672123671,
            "min": 0.005563746672123671,
            "max": 1.3637958765029907,
            "count": 30
        },
        "HealthcareDDA.Policy.Entropy.sum": {
            "value": 5.563746452331543,
            "min": 5.563746452331543,
            "max": 1363.7958984375,
            "count": 30
        },
        "HealthcareDDA.Environment.EpisodeLength.mean": {
            "value": 4.0,
            "min": 4.0,
            "max": 4.0,
            "count": 30
        },
        "HealthcareDDA.Environment.EpisodeLength.sum": {
            "value": 800.0,
            "min": 800.0,
            "max": 800.0,
            "count": 30
        },
        "HealthcareDDA.Step.mean": {
            "value": 29995.0,
            "min": 995.0,
            "max": 29995.0,
            "count": 30
        },
        "HealthcareDDA.Step.sum": {
            "value": 29995.0,
            "min": 995.0,
            "max": 29995.0,
            "count": 30
        },
        "HealthcareDDA.Policy.ExtrinsicValueEstimate.mean": {
            "value": 0.5037548542022705,
            "min": 0.15241749584674835,
            "max": 0.5038080811500549,
            "count": 30
        },
        "HealthcareDDA.Policy.ExtrinsicValueEstimate.sum": {
            "value": 100.75096893310547,
            "min": 30.33108139038086,
            "max": 100.76161193847656,
            "count": 30
        },
        "HealthcareDDA.Environment.CumulativeReward.mean": {
            "value": 0.5568097233772278,
            "min": 0.32192175153961133,
            "max": 0.5568097233772278,
            "count": 30
        },
        "HealthcareDDA.Environment.CumulativeReward.sum": {
            "value": 111.36194467544556,
            "min": 64.06242855638266,
            "max": 111.36194467544556,
            "count": 30
        },
        "HealthcareDDA.Policy.ExtrinsicReward.mean": {
            "value": 0.5568097233772278,
            "min": 0.32192175153961133,
            "max": 0.5568097233772278,
            "count": 30
        },
        "HealthcareDDA.Policy.ExtrinsicReward.sum": {
            "value": 111.36194467544556,
            "min": 64.06242855638266,
            "max": 111.36194467544556,
            "count": 30
        },
        "HealthcareDDA.Losses.PolicyLoss.mean": {
            "value": 0.13454713865939993,
            "min": 0.11392379480336483,
            "max": 0.14912264292070176,
            "count": 30
        },
        "HealthcareDDA.Losses.PolicyLoss.sum": {
            "value": 0.5381885546375997,
            "min": 0.3550977470974127,
            "max": 0.5929071886300031,
            "count": 30
        },
        "HealthcareDDA.Losses.ValueLoss.mean": {
            "value": 5.9594090240959e-05,
            "min": 5.946622078075355e-05,
            "max": 0.023507822615404923,
            "count": 30
        },
        "HealthcareDDA.Losses.ValueLoss.sum": {
            "value": 0.000238376360963836,
            "min": 0.00017926546509746308,
            "max": 0.07052346784621477,
            "count": 30
        },
        "HealthcareDDA.Policy.LearningRate.mean": {
            "value": 3.2667650333333345e-06,
            "min": 3.2667650333333345e-06,
            "max": 0.00019653333506666664,
            "count": 30
        },
        "HealthcareDDA.Policy.LearningRate.sum": {
            "value": 1.3067060133333338e-05,
            "min": 1.3067060133333338e-05,
            "max": 0.0007618666857333333,
            "count": 30
        },
        "HealthcareDDA.Policy.Epsilon.mean": {
            "value": 0.10490000000000001,
            "min": 0.10490000000000001,
            "max": 0.39480000000000004,
            "count": 30
        },
        "HealthcareDDA.Policy.Epsilon.sum": {
            "value": 0.41960000000000003,
            "min": 0.41960000000000003,
            "max": 1.5428,
            "count": 30
        },
        "HealthcareDDA.Policy.Beta.mean": {
            "value": 0.00017317000000000008,
            "min": 0.00017317000000000008,
            "max": 0.00982684,
            "count": 30
        },
        "HealthcareDDA.Policy.Beta.sum": {
            "value": 0.0006926800000000003,
            "min": 0.0006926800000000003,
            "max": 0.03809524,
            "count": 30
        },
        "HealthcareDDA.IsTraining.mean": {
            "value": 1.0,
            "min": 1.0,
            "max": 1.0,
            "count": 30
        },
        "HealthcareDDA.IsTraining.sum": {
            "value": 1.0,
            "min": 1.0,
            "max": 1.0,
            "count": 30
        }
    },
    "metadata": {
        "timer_format_version": "0.1.0",
        "start_time_seconds": "1743703246",
        "python_version": "3.10.12 (main, Jan  5 2025, 23:12:11) [GCC 14.1.1 20240522]",
        "command_line_arguments": "/home/samgomes/Documents/doutoramento/projects/iProlepsis/reps/healthcare-dda-mlagent/python-venv/bin/mlagents-learn config/ppo/HealthcareDDA.yaml --run-id=MBS_BaseCalcs --force",
        "mlagents_version": "1.1.0",
        "mlagents_envs_version": "1.1.0",
        "communication_protocol_version": "1.5.0",
        "pytorch_version": "2.2.2+cu121",
        "numpy_version": "1.23.5",
        "end_time_seconds": "1743703331"
    },
    "total": 85.15743630400175,
    "count": 1,
    "self": 0.010146023003471782,
    "children": {
        "run_training.setup": {
            "total": 0.016396106999309268,
            "count": 1,
            "self": 0.016396106999309268
        },
        "TrainerController.start_learning": {
            "total": 85.13089417399897,
            "count": 1,
            "self": 0.18369288190297084,
            "children": {
                "TrainerController._reset_env": {
                    "total": 8.739257641002041,
                    "count": 1,
                    "self": 8.739257641002041
                },
                "TrainerController.advance": {
                    "total": 76.1512462280989,
                    "count": 7505,
                    "self": 0.17552301819887361,
                    "children": {
                        "env_step": {
                            "total": 43.90781894687825,
                            "count": 7505,
                            "self": 33.81523668004593,
                            "children": {
                                "SubprocessEnvManager._take_step": {
                                    "total": 9.989064639114076,
                                    "count": 7505,
                                    "self": 0.46119804436239065,
                                    "children": {
                                        "TorchPolicy.evaluate": {
                                            "total": 9.527866594751686,
                                            "count": 7505,
                                            "self": 9.527866594751686
                                        }
                                    }
                                },
                                "workers": {
                                    "total": 0.10351762771824724,
                                    "count": 7505,
                                    "self": 0.0,
                                    "children": {
                                        "worker_root": {
                                            "total": 84.84818075596922,
                                            "count": 7505,
                                            "is_parallel": true,
                                            "self": 59.49196451090029,
                                            "children": {
                                                "run_training.setup": {
                                                    "total": 0.0,
                                                    "count": 0,