{"count":1,"self":15.2449056,"total":233.355899,"children":{"InitializeActuators":{"count":4,"self":0.0045379999999999995,"total":0.0045379999999999995,"children":null},"InitializeSensors":{"count":4,"self":0.0027559999999999998,"total":0.0027559999999999998,"children":null},"AgentSendState":{"count":13651,"self":0.888297,"total":3.4596109999999998,"children":{"CollectObservations":{"count":54604,"self":0.23512999999999998,"total":0.23512999999999998,"children":null},"WriteActionMask":{"count":54604,"self":0.22131099999999998,"total":0.22131099999999998,"children":null},"RequestDecision":{"count":54604,"self":0.77122799999999991,"total":2.114873,"children":{"AgentInfo.ToProto":{"count":54604,"self":0.621584,"total":1.343645,"children":{"GenerateSensorData":{"count":54604,"self":0.722061,"total":0.722061,"children":null}}}}}}},"DecideAction":{"count":13651,"self":165.23430399999998,"total":165.23431,"children":null},"AgentAct":{"count":13651,"self":49.088592,"total":49.408924,"children":{"AgentInfo.ToProto":{"count":10920,"self":0.161677,"total":0.320331,"children":{"GenerateSensorData":{"count":10920,"self":0.158654,"total":0.158654,"children":null}}}}}},"gauges":{"HealthcareDDA.CumulativeReward":{"count":10920,"max":0.252340019,"min":0.02731813,"runningAverage":0.220873326,"value":0.24210687,"weightedAverage":0.235666588}},"metadata":{"timer_format_version":"0.1.0","start_time_seconds":"1743442518","unity_version":"6000.0.41f1","command_line_arguments":"\/home\/samgomes\/Unity\/Hub\/Editor\/6000.0.41f1\/Editor\/Unity -projectpath \/home\/samgomes\/Documents\/doutoramento\/projects\/iProlepsis\/reps\/healthcare-dda-mlagent\/healthcare-dda-project -useHub -hubIPC -cloudEnvironment production","communication_protocol_version":"1.5.0","com.unity.ml-agents_version":"3.0.0","scene_name":"New Scene","end_time_seconds":"1743442752"}}