{
    "name": "root",
    "gauges": {
        "HealthcareDDA.Policy.Entropy.mean": {
            "value": 0.008151765912771225,
            "min": 0.00775557104498148,
            "max": 1.5445916652679443,
            "count": 50
        },
        "HealthcareDDA.Policy.Entropy.sum": {
            "value": 8.086551666259766,
            "min": 7.693526268005371,
            "max": 1556.9483642578125,
            "count": 50
        },
        "HealthcareDDA.Environment.EpisodeLength.mean": {
            "value": 3.0,
            "min": 3.0,
            "max": 3.0,
            "count": 50
        },
        "HealthcareDDA.Environment.EpisodeLength.sum": {
            "value": 744.0,
            "min": 744.0,
            "max": 756.0,
            "count": 50
        },
        "HealthcareDDA.Step.mean": {
            "value": 49996.0,
            "min": 996.0,
            "max": 49996.0,
            "count": 50
        },
        "HealthcareDDA.Step.sum": {
            "value": 49996.0,
            "min": 996.0,
            "max": 49996.0,
            "count": 50
        },
        "HealthcareDDA.Policy.ExtrinsicValueEstimate.mean": {
            "value": 0.8135076761245728,
            "min": 0.2883003056049347,
            "max": 0.8282006978988647,
            "count": 50
        },
        "HealthcareDDA.Policy.ExtrinsicValueEstimate.sum": {
            "value": 203.37692260742188,
            "min": 71.78677368164062,
            "max": 207.0501708984375,
            "count": 50
        },
        "HealthcareDDA.Environment.CumulativeReward.mean": {
            "value": 0.8814166324138641,
            "min": 0.5944644430555014,
            "max": 0.8976622711420059,
            "count": 50
        },
        "HealthcareDDA.Environment.CumulativeReward.sum": {
            "value": 220.35415810346603,
            "min": 148.02164632081985,
            "max": 224.41556778550148,
            "count": 50
        },
        "HealthcareDDA.Policy.ExtrinsicReward.mean": {
            "value": 0.8814166324138641,
            "min": 0.5944644430555014,
            "max": 0.8976622711420059,
            "count": 50
        },
        "HealthcareDDA.Policy.ExtrinsicReward.sum": {
            "value": 220.35415810346603,
            "min": 148.02164632081985,
            "max": 224.41556778550148,
            "count": 50
        },
        "HealthcareDDA.Losses.PolicyLoss.mean": {
            "value": 0.15634893417720577,
            "min": 0.1007990822221877,
            "max": 0.161616266782706,
            "count": 50
        },
        "HealthcareDDA.Losses.PolicyLoss.sum": {
            "value": 0.46904680253161735,
            "min": 0.3023972466665631,
            "max": 0.6170543188539644,
            "count": 50
        },
        "HealthcareDDA.Losses.ValueLoss.mean": {
            "value": 0.04618441773992446,
            "min": 0.038817451568320394,
            "max": 0.07814225264721447,
            "count": 50
        },
        "HealthcareDDA.Losses.ValueLoss.sum": {
            "value": 0.13855325321977338,
            "min": 0.11645235470496118,
            "max": 0.23442675794164342,
            "count": 50
        },
        "HealthcareDDA.Policy.LearningRate.mean": {
            "value": 4.9600990080000194e-06,
            "min": 4.9600990080000194e-06,
            "max": 0.000494560001088,
            "count": 50
        },
        "HealthcareDDA.Policy.LearningRate.sum": {
            "value": 1.488029702400006e-05,
            "min": 1.488029702400006e-05,
            "max": 0.001940160011968,
            "count": 50
        },
        "HealthcareDDA.Policy.Epsilon.mean": {
            "value": 0.10297600000000003,
            "min": 0.10297600000000003,
            "max": 0.39673600000000003,
            "count": 50
        },
        "HealthcareDDA.Policy.Epsilon.sum": {
            "value": 0.3089280000000001,
            "min": 0.3089280000000001,
            "max": 1.5640960000000002,
            "count": 50
        },
        "HealthcareDDA.Policy.Beta.mean": {
            "value": 0.00010910080000000042,
            "min": 0.00010910080000000042,
            "max": 0.0098913088,
            "count": 50
        },
        "HealthcareDDA.Policy.Beta.sum": {
            "value": 0.00032730240000000124,
            "min": 0.00032730240000000124,
            "max": 0.038804396799999995,
            "count": 50
        },
        "HealthcareDDA.IsTraining.mean": {
            "value": 1.0,
            "min": 1.0,
            "max": 1.0,
            "count": 50
        },
        "HealthcareDDA.IsTraining.sum": {
            "value": 1.0,
            "min": 1.0,
            "max": 1.0,
            "count": 50
        }
    },
    "metadata": {
        "timer_format_version": "0.1.0",
        "start_time_seconds": "1744038852",
        "python_version": "3.10.12 (main, Jan  5 2025, 23:12:11) [GCC 14.1.1 20240522]",
        "command_line_arguments": "/home/samgomes/Documents/doutoramento/projects/iProlepsis/reps/healthcare-dda-mlagent/python-venv/bin/mlagents-learn config/ppo/HealthcareDDA.yaml --run-id=TK_Flares --force",
        "mlagents_version": "1.1.0",
        "mlagents_envs_version": "1.1.0",
        "communication_protocol_version": "1.5.0",
        "pytorch_version": "2.2.2+cu121",
        "numpy_version": "1.23.5",
        "end_time_seconds": "1744038975"
    },
    "total": 123.66894796699853,
    "count": 1,
    "self": 0.007366128000285244,
    "children": {
        "run_training.setup": {
            "total": 0.015600138998706825,
            "count": 1,
            "self": 0.015600138998706825
        },
        "TrainerController.start_learning": {
            "total": 123.64598169999954,
            "count": 1,
            "self": 0.29340888407750754,
            "children": {
                "TrainerController._reset_env": {
                    "total": 8.243259173999832,
                    "count": 1,
                    "self": 8.243259173999832
                },
                "TrainerController.advance": {
                    "total": 115.0538541039241,
                    "count": 12504,
                    "self": 0.27311957238271134,
                    "children": {
                        "env_step": {
                            "total": 62.02702400731141,
                            "count": 12504,
                            "self": 46.59187172473685,
                            "children": {
                                "SubprocessEnvManager._take_step": {
                                    "total": 15.275796456731769,
                                    "count": 12504,
                                    "self": 0.7256550044803589,
                                    "children": {
                                        "TorchPolicy.evaluate": {
                                            "total": 14.55014145225141,
                                            "count": 12504,
                                            "self": 14.55014145225141
                                        }
                                    }
                                },
                                "workers": {
                                    "total": 0.15935582584279473,
                                    "count": 12504,
                                    "self": 0.0,
                                    "children": {
                                        "worker_root": {
                                            "total": 123.19822245608157,
                                            "count": 12504,
                                            "is_parallel": true,
                                            "self": 89.89960700537267,
                                            "children": {
                                                "run_training.setup": {
                                                    "total": 0.0,
                                                    "count": 0,