{
    "name": "root",
    "gauges": {
        "HealthcareDDA.Policy.Entropy.mean": {
            "value": 0.0037873873952776194,
            "min": 0.0037873873952776194,
            "max": 1.5982104539871216,
            "count": 50
        },
        "HealthcareDDA.Policy.Entropy.sum": {
            "value": 3.7570881843566895,
            "min": 3.7570881843566895,
            "max": 1610.99609375,
            "count": 50
        },
        "HealthcareDDA.Environment.EpisodeLength.mean": {
            "value": 3.0,
            "min": 3.0,
            "max": 3.0,
            "count": 50
        },
        "HealthcareDDA.Environment.EpisodeLength.sum": {
            "value": 744.0,
            "min": 744.0,
            "max": 756.0,
            "count": 50
        },
        "HealthcareDDA.Step.mean": {
            "value": 49996.0,
            "min": 996.0,
            "max": 49996.0,
            "count": 50
        },
        "HealthcareDDA.Step.sum": {
            "value": 49996.0,
            "min": 996.0,
            "max": 49996.0,
            "count": 50
        },
        "HealthcareDDA.Policy.ExtrinsicValueEstimate.mean": {
            "value": 2.0503122806549072,
            "min": 0.4969634413719177,
            "max": 2.1687169075012207,
            "count": 50
        },
        "HealthcareDDA.Policy.ExtrinsicValueEstimate.sum": {
            "value": 512.5780639648438,
            "min": 123.743896484375,
            "max": 542.17919921875,
            "count": 50
        },
        "HealthcareDDA.Environment.CumulativeReward.mean": {
            "value": 3.1412909870147705,
            "min": 2.0321190855110505,
            "max": 3.3928033542633056,
            "count": 50
        },
        "HealthcareDDA.Environment.CumulativeReward.sum": {
            "value": 785.3227467536926,
            "min": 505.9976522922516,
            "max": 848.2008385658264,
            "count": 50
        },
        "HealthcareDDA.Policy.ExtrinsicReward.mean": {
            "value": 3.1412909870147705,
            "min": 2.0321190855110505,
            "max": 3.3928033542633056,
            "count": 50
        },
        "HealthcareDDA.Policy.ExtrinsicReward.sum": {
            "value": 785.3227467536926,
            "min": 505.9976522922516,
            "max": 848.2008385658264,
            "count": 50
        },
        "HealthcareDDA.Losses.PolicyLoss.mean": {
            "value": 0.1048840613414844,
            "min": 0.07055646351849039,
            "max": 0.11097785962435107,
            "count": 50
        },
        "HealthcareDDA.Losses.PolicyLoss.sum": {
            "value": 0.2097681226829688,
            "min": 0.07055646351849039,
            "max": 0.22127182847665003,
            "count": 50
        },
        "HealthcareDDA.Losses.ValueLoss.mean": {
            "value": 0.46664358613391715,
            "min": 0.423791840672493,
            "max": 0.9064748163024584,
            "count": 50
        },
        "HealthcareDDA.Losses.ValueLoss.sum": {
            "value": 0.9332871722678343,
            "min": 0.43806388104955357,
            "max": 1.162435069680214,
            "count": 50
        },
        "HealthcareDDA.Policy.LearningRate.mean": {
            "value": 6.32009873600002e-06,
            "min": 6.32009873600002e-06,
            "max": 0.000494720001056,
            "count": 50
        },
        "HealthcareDDA.Policy.LearningRate.sum": {
            "value": 1.264019747200004e-05,
            "min": 1.264019747200004e-05,
            "max": 0.00097360000528,
            "count": 50
        },
        "HealthcareDDA.Policy.Epsilon.mean": {
            "value": 0.10379200000000002,
            "min": 0.10379200000000002,
            "max": 0.3968320000000001,
            "count": 50
        },
        "HealthcareDDA.Policy.Epsilon.sum": {
            "value": 0.20758400000000005,
            "min": 0.11488,
            "max": 0.78416,
            "count": 50
        },
        "HealthcareDDA.Policy.Beta.mean": {
            "value": 0.0001362736000000004,
            "min": 0.0001362736000000004,
            "max": 0.0098945056,
            "count": 50
        },
        "HealthcareDDA.Policy.Beta.sum": {
            "value": 0.0002725472000000008,
            "min": 0.0002725472000000008,
            "max": 0.019472528,
            "count": 50
        },
        "HealthcareDDA.IsTraining.mean": {
            "value": 1.0,
            "min": 1.0,
            "max": 1.0,
            "count": 50
        },
        "HealthcareDDA.IsTraining.sum": {
            "value": 1.0,
            "min": 1.0,
            "max": 1.0,
            "count": 50
        }
    },
    "metadata": {
        "timer_format_version": "0.1.0",
        "start_time_seconds": "1747848222",
        "python_version": "3.10.12 (main, Jan  5 2025, 23:12:11) [GCC 14.1.1 20240522]",
        "command_line_arguments": "/home/samgomes/Documents/doutoramento/projects/iProlepsis/reps/healthcare-dda-mlagent/python-venv/bin/mlagents-learn config/ppo/HealthcareDDA.yaml --run-id=PPO_TK_Flares_OnOff --force",
        "mlagents_version": "1.0.0",
        "mlagents_envs_version": "1.1.0",
        "communication_protocol_version": "1.5.0",
        "pytorch_version": "2.2.2+cu121",
        "numpy_version": "1.23.5",
        "end_time_seconds": "1747848356"
    },
    "total": 133.46169457900032,
    "count": 1,
    "self": 0.010289866000675829,
    "children": {
        "run_training.setup": {
            "total": 0.01701043100183597,
            "count": 1,
            "self": 0.01701043100183597
        },
        "TrainerController.start_learning": {
            "total": 133.4343942819978,
            "count": 1,
            "self": 0.33084600110305473,
            "children": {
                "TrainerController._reset_env": {
                    "total": 11.83063632899939,
                    "count": 1,
                    "self": 11.83063632899939
                },
                "TrainerController.advance": {
                    "total": 121.20780855689736,
                    "count": 12504,
                    "self": 0.33425379893014906,
                    "children": {
                        "env_step": {
                            "total": 70.16973253881588,
                            "count": 12504,
                            "self": 51.844759577641526,
                            "children": {
                                "SubprocessEnvManager._take_step": {
                                    "total": 18.138239948140836,
                                    "count": 12504,
                                    "self": 0.8076045299494581,
                                    "children": {
                                        "TorchPolicy.evaluate": {
                                            "total": 17.330635418191378,
                                            "count": 12504,
                                            "self": 17.330635418191378
                                        }
                                    }
                                },
                                "workers": {
                                    "total": 0.18673301303351764,
                                    "count": 12504,
                                    "self": 0.0,
                                    "children": {
                                        "worker_root": {
                                            "total": 132.95917359718806,
                                            "count": 12504,
                                            "is_parallel": true,
                                            "self": 96.13740330453948,
                                            "children": {
                                                "run_training.setup": {
                                                    "total": 0.0,
                                                    "count": 0,