{
    "name": "root",
    "gauges": {
        "HealthcareDDA.Policy.Entropy.mean": {
            "value": 0.001153522520326078,
            "min": 0.0009442157461307943,
            "max": 1.3522157669067383,
            "count": 50
        },
        "HealthcareDDA.Policy.Entropy.sum": {
            "value": 1.1442943811416626,
            "min": 0.9411635398864746,
            "max": 1363.033447265625,
            "count": 50
        },
        "HealthcareDDA.Environment.EpisodeLength.mean": {
            "value": 3.0,
            "min": 3.0,
            "max": 3.0,
            "count": 50
        },
        "HealthcareDDA.Environment.EpisodeLength.sum": {
            "value": 744.0,
            "min": 744.0,
            "max": 756.0,
            "count": 50
        },
        "HealthcareDDA.Step.mean": {
            "value": 49996.0,
            "min": 996.0,
            "max": 49996.0,
            "count": 50
        },
        "HealthcareDDA.Step.sum": {
            "value": 49996.0,
            "min": 996.0,
            "max": 49996.0,
            "count": 50
        },
        "HealthcareDDA.Policy.ExtrinsicValueEstimate.mean": {
            "value": 1.8178935050964355,
            "min": 0.2873840630054474,
            "max": 1.8336517810821533,
            "count": 50
        },
        "HealthcareDDA.Policy.ExtrinsicValueEstimate.sum": {
            "value": 454.473388671875,
            "min": 71.55863189697266,
            "max": 458.4129333496094,
            "count": 50
        },
        "HealthcareDDA.Environment.CumulativeReward.mean": {
            "value": 2.770586996078491,
            "min": 1.430591329992057,
            "max": 2.7875502071380613,
            "count": 50
        },
        "HealthcareDDA.Environment.CumulativeReward.sum": {
            "value": 692.6467490196228,
            "min": 356.21724116802216,
            "max": 696.8875517845154,
            "count": 50
        },
        "HealthcareDDA.Policy.ExtrinsicReward.mean": {
            "value": 2.770586996078491,
            "min": 1.430591329992057,
            "max": 2.7875502071380613,
            "count": 50
        },
        "HealthcareDDA.Policy.ExtrinsicReward.sum": {
            "value": 692.6467490196228,
            "min": 356.21724116802216,
            "max": 696.8875517845154,
            "count": 50
        },
        "HealthcareDDA.Losses.PolicyLoss.mean": {
            "value": 0.09730550140375271,
            "min": 0.06783791567431763,
            "max": 0.11719293442244332,
            "count": 50
        },
        "HealthcareDDA.Losses.PolicyLoss.sum": {
            "value": 0.19461100280750543,
            "min": 0.0760296603354315,
            "max": 0.23344260376567644,
            "count": 50
        },
        "HealthcareDDA.Losses.ValueLoss.mean": {
            "value": 0.10572093476851781,
            "min": 0.10234625730663538,
            "max": 0.3624464130649964,
            "count": 50
        },
        "HealthcareDDA.Losses.ValueLoss.sum": {
            "value": 0.21144186953703561,
            "min": 0.10234625730663538,
            "max": 0.491534186527133,
            "count": 50
        },
        "HealthcareDDA.Policy.LearningRate.mean": {
            "value": 6.32009873600002e-06,
            "min": 6.32009873600002e-06,
            "max": 0.000494720001056,
            "count": 50
        },
        "HealthcareDDA.Policy.LearningRate.sum": {
            "value": 1.264019747200004e-05,
            "min": 1.264019747200004e-05,
            "max": 0.00097360000528,
            "count": 50
        },
        "HealthcareDDA.Policy.Epsilon.mean": {
            "value": 0.10379200000000002,
            "min": 0.10379200000000002,
            "max": 0.3968320000000001,
            "count": 50
        },
        "HealthcareDDA.Policy.Epsilon.sum": {
            "value": 0.20758400000000005,
            "min": 0.11488,
            "max": 0.78416,
            "count": 50
        },
        "HealthcareDDA.Policy.Beta.mean": {
            "value": 0.0001362736000000004,
            "min": 0.0001362736000000004,
            "max": 0.0098945056,
            "count": 50
        },
        "HealthcareDDA.Policy.Beta.sum": {
            "value": 0.0002725472000000008,
            "min": 0.0002725472000000008,
            "max": 0.019472528,
            "count": 50
        },
        "HealthcareDDA.IsTraining.mean": {
            "value": 1.0,
            "min": 1.0,
            "max": 1.0,
            "count": 50
        },
        "HealthcareDDA.IsTraining.sum": {
            "value": 1.0,
            "min": 1.0,
            "max": 1.0,
            "count": 50
        }
    },
    "metadata": {
        "timer_format_version": "0.1.0",
        "start_time_seconds": "1747847528",
        "python_version": "3.10.12 (main, Jan  5 2025, 23:12:11) [GCC 14.1.1 20240522]",
        "command_line_arguments": "/home/samgomes/Documents/doutoramento/projects/iProlepsis/reps/healthcare-dda-mlagent/python-venv/bin/mlagents-learn config/ppo/HealthcareDDA.yaml --run-id=PPO_MBS_Flares_HC3 --force",
        "mlagents_version": "1.0.0",
        "mlagents_envs_version": "1.1.0",
        "communication_protocol_version": "1.5.0",
        "pytorch_version": "2.2.2+cu121",
        "numpy_version": "1.23.5",
        "end_time_seconds": "1747847665"
    },
    "total": 136.66702397599875,
    "count": 1,
    "self": 0.007234089996927651,
    "children": {
        "run_training.setup": {
            "total": 0.019687461001012707,
            "count": 1,
            "self": 0.019687461001012707
        },
        "TrainerController.start_learning": {
            "total": 136.6401024250008,
            "count": 1,
            "self": 0.3324886217560561,
            "children": {
                "TrainerController._reset_env": {
                    "total": 10.900755369999388,
                    "count": 1,
                    "self": 10.900755369999388
                },
                "TrainerController.advance": {
                    "total": 125.34286496124332,
                    "count": 12504,
                    "self": 0.3178085864710738,
                    "children": {
                        "env_step": {
                            "total": 72.67405078385491,
                            "count": 12504,
                            "self": 53.749131014963496,
                            "children": {
                                "SubprocessEnvManager._take_step": {
                                    "total": 18.744664857043972,
                                    "count": 12504,
                                    "self": 0.8247371611068957,
                                    "children": {
                                        "TorchPolicy.evaluate": {
                                            "total": 17.919927695937076,
                                            "count": 12504,
                                            "self": 17.919927695937076
                                        }
                                    }
                                },
                                "workers": {
                                    "total": 0.1802549118474417,
                                    "count": 12504,
                                    "self": 0.0,
                                    "children": {
                                        "worker_root": {
                                            "total": 136.14604611815594,
                                            "count": 12504,
                                            "is_parallel": true,
                                            "self": 97.59823983133538,
                                            "children": {
                                                "run_training.setup": {
                                                    "total": 0.0,
                                                    "count": 0,