{
    "name": "root",
    "gauges": {
        "HealthcareDDA.Policy.Entropy.mean": {
            "value": 0.5067452788352966,
            "min": 0.24458374083042145,
            "max": 1.484940767288208,
            "count": 50
        },
        "HealthcareDDA.Policy.Entropy.sum": {
            "value": 502.69134521484375,
            "min": 244.705322265625,
            "max": 1496.8203125,
            "count": 50
        },
        "HealthcareDDA.Environment.EpisodeLength.mean": {
            "value": 3.0,
            "min": 3.0,
            "max": 3.0,
            "count": 50
        },
        "HealthcareDDA.Environment.EpisodeLength.sum": {
            "value": 744.0,
            "min": 744.0,
            "max": 756.0,
            "count": 50
        },
        "HealthcareDDA.Step.mean": {
            "value": 49996.0,
            "min": 996.0,
            "max": 49996.0,
            "count": 50
        },
        "HealthcareDDA.Step.sum": {
            "value": 49996.0,
            "min": 996.0,
            "max": 49996.0,
            "count": 50
        },
        "HealthcareDDA.Policy.ExtrinsicValue.mean": {
            "value": 2.1476147174835205,
            "min": 1.6153645515441895,
            "max": 2.895592451095581,
            "count": 50
        },
        "HealthcareDDA.Policy.ExtrinsicValue.sum": {
            "value": 536.9036865234375,
            "min": 402.22576904296875,
            "max": 723.8981323242188,
            "count": 50
        },
        "HealthcareDDA.Environment.CumulativeReward.mean": {
            "value": 3.2359458141326902,
            "min": 2.6139260944592424,
            "max": 3.2383452506065367,
            "count": 50
        },
        "HealthcareDDA.Environment.CumulativeReward.sum": {
            "value": 808.9864535331726,
            "min": 650.8675975203514,
            "max": 809.5863126516342,
            "count": 50
        },
        "HealthcareDDA.Policy.ExtrinsicReward.mean": {
            "value": 3.2359458141326902,
            "min": 2.6139260944592424,
            "max": 3.2383452506065367,
            "count": 50
        },
        "HealthcareDDA.Policy.ExtrinsicReward.sum": {
            "value": 808.9864535331726,
            "min": 650.8675975203514,
            "max": 809.5863126516342,
            "count": 50
        },
        "HealthcareDDA.Losses.PolicyLoss.mean": {
            "value": -2.158733998655632,
            "min": -2.927588661912308,
            "max": -1.7277697791035336,
            "count": 50
        },
        "HealthcareDDA.Losses.PolicyLoss.sum": {
            "value": -535.3660316665968,
            "min": -732.6623782316844,
            "max": -426.7591354385728,
            "count": 50
        },
        "HealthcareDDA.Losses.ValueLoss.mean": {
            "value": 0.00011192394897176978,
            "min": 0.00011192394897176978,
            "max": 0.04057203086164282,
            "count": 50
        },
        "HealthcareDDA.Losses.ValueLoss.sum": {
            "value": 0.027757139344998905,
            "min": 0.027757139344998905,
            "max": 10.021291622825776,
            "count": 50
        },
        "HealthcareDDA.Losses.Q1Loss.mean": {
            "value": 0.104559222352691,
            "min": 0.04347484308866558,
            "max": 0.3118974852565956,
            "count": 50
        },
        "HealthcareDDA.Losses.Q1Loss.sum": {
            "value": 25.930687143467367,
            "min": 10.955660458343726,
            "max": 77.35057634363571,
            "count": 50
        },
        "HealthcareDDA.Losses.Q2Loss.mean": {
            "value": 0.10535915903947365,
            "min": 0.04355731409131771,
            "max": 0.3129301982360982,
            "count": 50
        },
        "HealthcareDDA.Losses.Q2Loss.sum": {
            "value": 26.129071441789467,
            "min": 10.976443151012063,
            "max": 77.60668916255236,
            "count": 50
        },
        "HealthcareDDA.Policy.DiscreteEntropyCoeff.mean": {
            "value": 0.05575402881399358,
            "min": 0.05575402881399358,
            "max": 0.4712615219190651,
            "count": 50
        },
        "HealthcareDDA.Policy.DiscreteEntropyCoeff.sum": {
            "value": 13.826999145870408,
            "min": 13.826999145870408,
            "max": 116.40159591400908,
            "count": 50
        },
        "HealthcareDDA.Policy.ContinuousEntropyCoeff.mean": {
            "value": 0.5,
            "min": 0.5,
            "max": 0.5,
            "count": 50
        },
        "HealthcareDDA.Policy.ContinuousEntropyCoeff.sum": {
            "value": 124.0,
            "min": 123.5,
            "max": 126.0,
            "count": 50
        },
        "HealthcareDDA.Policy.LearningRate.mean": {
            "value": 5.040098992e-06,
            "min": 5.040098992e-06,
            "max": 0.0004949383006074817,
            "count": 50
        },
        "HealthcareDDA.Policy.LearningRate.sum": {
            "value": 0.001249944550016,
            "min": 0.001249944550016,
            "max": 0.122249760250048,
            "count": 50
        },
        "HealthcareDDA.IsTraining.mean": {
            "value": 1.0,
            "min": 1.0,
            "max": 1.0,
            "count": 50
        },
        "HealthcareDDA.IsTraining.sum": {
            "value": 1.0,
            "min": 1.0,
            "max": 1.0,
            "count": 50
        }
    },
    "metadata": {
        "timer_format_version": "0.1.0",
        "start_time_seconds": "1747133184",
        "python_version": "3.10.12 (main, Jan  5 2025, 23:12:11) [GCC 14.1.1 20240522]",
        "command_line_arguments": "/home/samgomes/Documents/doutoramento/projects/iProlepsis/reps/healthcare-dda-mlagent/python-venv/bin/mlagents-learn config/sac/HealthcareDDA.yaml --run-id=SAC_TK_Flares --force",
        "mlagents_version": "1.0.0",
        "mlagents_envs_version": "1.1.0",
        "communication_protocol_version": "1.5.0",
        "pytorch_version": "2.2.2+cu121",
        "numpy_version": "1.23.5",
        "end_time_seconds": "1747133482"
    },
    "total": 298.56699170200045,
    "count": 1,
    "self": 0.00687889599976188,
    "children": {
        "run_training.setup": {
            "total": 0.01624062600058096,
            "count": 1,
            "self": 0.01624062600058096
        },
        "TrainerController.start_learning": {
            "total": 298.5438721800001,
            "count": 1,
            "self": 0.2978585699256655,
            "children": {
                "TrainerController._reset_env": {
                    "total": 7.767635234000409,
                    "count": 1,
                    "self": 7.767635234000409
                },
                "TrainerController.advance": {
                    "total": 290.41560076707356,
                    "count": 12504,
                    "self": 0.26283720907485986,
                    "children": {
                        "env_step": {
                            "total": 57.753008828962265,
                            "count": 12504,
                            "self": 41.671621268926174,
                            "children": {
                                "SubprocessEnvManager._take_step": {
                                    "total": 15.917754071013405,
                                    "count": 12504,
                                    "self": 0.758929915009503,
                                    "children": {
                                        "TorchPolicy.evaluate": {
                                            "total": 15.158824156003902,
                                            "count": 12504,
                                            "self": 15.158824156003902
                                        }
                                    }
                                },
                                "workers": {
                                    "total": 0.16363348902268626,