{
    "name": "root",
    "gauges": {
        "HealthcareDDA.Environment.EpisodeLength.mean": {
            "value": 3.0,
            "min": 3.0,
            "max": 3.0,
            "count": 50
        },
        "HealthcareDDA.Environment.EpisodeLength.sum": {
            "value": 744.0,
            "min": 744.0,
            "max": 756.0,
            "count": 50
        },
        "HealthcareDDA.Step.mean": {
            "value": 49996.0,
            "min": 996.0,
            "max": 49996.0,
            "count": 50
        },
        "HealthcareDDA.Step.sum": {
            "value": 49996.0,
            "min": 996.0,
            "max": 49996.0,
            "count": 50
        },
        "HealthcareDDA.Policy.ExtrinsicValue.mean": {
            "value": 0.9967578053474426,
            "min": 0.19013379514217377,
            "max": 1.3191018104553223,
            "count": 50
        },
        "HealthcareDDA.Policy.ExtrinsicValue.sum": {
            "value": 249.189453125,
            "min": 47.34331512451172,
            "max": 329.77545166015625,
            "count": 50
        },
        "HealthcareDDA.Environment.CumulativeReward.mean": {
            "value": 2.181521815299988,
            "min": 1.6643630064725876,
            "max": 2.2576852526664735,
            "count": 50
        },
        "HealthcareDDA.Environment.CumulativeReward.sum": {
            "value": 545.380453824997,
            "min": 416.0907516181469,
            "max": 564.4213131666183,
            "count": 50
        },
        "HealthcareDDA.Policy.ExtrinsicReward.mean": {
            "value": 2.181521815299988,
            "min": 1.6643630064725876,
            "max": 2.2576852526664735,
            "count": 50
        },
        "HealthcareDDA.Policy.ExtrinsicReward.sum": {
            "value": 545.380453824997,
            "min": 416.0907516181469,
            "max": 564.4213131666183,
            "count": 50
        },
        "HealthcareDDA.Losses.ValueLoss.mean": {
            "value": 0.020558472193892723,
            "min": 0.01917564168150577,
            "max": 0.088627757080806,
            "count": 50
        },
        "HealthcareDDA.Losses.ValueLoss.sum": {
            "value": 5.098501104085395,
            "min": 4.755559137013431,
            "max": 22.334194784363113,
            "count": 50
        },
        "HealthcareDDA.Policy.LearningRate.mean": {
            "value": 5.040098992e-06,
            "min": 5.040098992e-06,
            "max": 0.0004949266406907854,
            "count": 50
        },
        "HealthcareDDA.Policy.LearningRate.sum": {
            "value": 0.001249944550016,
            "min": 0.001249944550016,
            "max": 0.12224688025062398,
            "count": 50
        },
        "HealthcareDDA.Policy.epsilon.mean": {
            "value": 0.05000000000000002,
            "min": 0.05,
            "max": 0.7809748987854253,
            "count": 50
        },
        "HealthcareDDA.Policy.epsilon.sum": {
            "value": 12.400000000000004,
            "min": 12.400000000000004,
            "max": 192.90080000000003,
            "count": 50
        },
        "HealthcareDDA.IsTraining.mean": {
            "value": 1.0,
            "min": 1.0,
            "max": 1.0,
            "count": 50
        },
        "HealthcareDDA.IsTraining.sum": {
            "value": 1.0,
            "min": 1.0,
            "max": 1.0,
            "count": 50
        }
    },
    "metadata": {
        "timer_format_version": "0.1.0",
        "start_time_seconds": "1747843910",
        "python_version": "3.10.12 (main, Jan  5 2025, 23:12:11) [GCC 14.1.1 20240522]",
        "command_line_arguments": "/home/samgomes/Documents/doutoramento/projects/iProlepsis/reps/healthcare-dda-mlagent/python-venv/bin/mlagents-learn config/dqn/HealthcareDDA.yaml --run-id=DQN_MBS_Flares --force",
        "mlagents_version": "1.0.0",
        "mlagents_envs_version": "1.1.0",
        "communication_protocol_version": "1.5.0",
        "pytorch_version": "2.2.2+cu121",
        "numpy_version": "1.23.5",
        "end_time_seconds": "1747844128"
    },
    "total": 217.91297455699896,
    "count": 1,
    "self": 0.00809777999893413,
    "children": {
        "run_training.setup": {
            "total": 0.01982241299992893,
            "count": 1,
            "self": 0.01982241299992893
        },
        "TrainerController.start_learning": {
            "total": 217.8850543640001,
            "count": 1,
            "self": 0.31729937694763066,
            "children": {
                "TrainerController._reset_env": {
                    "total": 9.380707398002414,
                    "count": 1,
                    "self": 9.380707398002414
                },
                "TrainerController.advance": {
                    "total": 208.15319039205133,
                    "count": 12504,
                    "self": 0.2899756360675383,
                    "children": {
                        "env_step": {
                            "total": 62.471377531986946,
                            "count": 12504,
                            "self": 51.55717988374454,
                            "children": {
                                "SubprocessEnvManager._take_step": {
                                    "total": 10.743160269110376,
                                    "count": 12504,
                                    "self": 0.7809683923551347,
                                    "children": {
                                        "TorchPolicy.evaluate": {
                                            "total": 9.962191876755242,
                                            "count": 12504,
                                            "self": 9.962191876755242
                                        }
                                    }
                                },
                                "workers": {
                                    "total": 0.17103737913203076,
                                    "count": 12504,
                                    "self": 0.0,
                                    "children": {
                                        "worker_root": {
                                            "total": 217.44320225518095,
                                            "count": 12504,
                                            "is_parallel": true,
                                            "self": 179.4592802500265,
                                            "children": {
                                                "run_training.setup": {
                                                    "total": 0.0,
                                                    "count": 0,
                                                    "is_parallel": true,
                                                    "self": 0.0,
                                                    "children": {
                                                        "steps_from_proto": {
                                                            "total": 0.000782307000918081,
                                                            "count": 1,
                                                            "is_parallel": true,
                                                            "self": 0.0003633619999163784,
                                                            "children": {
                                                                "_process_rank_one_or_two_observation": {
                                                                    "total": 0.0004189450010017026,
                                                                    "count": 2,
                                                                    "is_parallel": true,