{
    "name": "root",
    "gauges": {
        "HealthcareDDA.Policy.Entropy.mean": {
            "value": 0.007507772650569677,
            "min": 0.007202745880931616,
            "max": 1.3615020513534546,
            "count": 50
        },
        "HealthcareDDA.Policy.Entropy.sum": {
            "value": 7.4477105140686035,
            "min": 7.236096382141113,
            "max": 1372.39404296875,
            "count": 50
        },
        "HealthcareDDA.Environment.EpisodeLength.mean": {
            "value": 3.0,
            "min": 3.0,
            "max": 3.0,
            "count": 50
        },
        "HealthcareDDA.Environment.EpisodeLength.sum": {
            "value": 744.0,
            "min": 744.0,
            "max": 756.0,
            "count": 50
        },
        "HealthcareDDA.Step.mean": {
            "value": 49996.0,
            "min": 996.0,
            "max": 49996.0,
            "count": 50
        },
        "HealthcareDDA.Step.sum": {
            "value": 49996.0,
            "min": 996.0,
            "max": 49996.0,
            "count": 50
        },
        "HealthcareDDA.Policy.ExtrinsicValueEstimate.mean": {
            "value": 1.5679582357406616,
            "min": 0.4544902741909027,
            "max": 1.5958722829818726,
            "count": 50
        },
        "HealthcareDDA.Policy.ExtrinsicValueEstimate.sum": {
            "value": 391.98956298828125,
            "min": 113.16807556152344,
            "max": 398.96807861328125,
            "count": 50
        },
        "HealthcareDDA.Environment.CumulativeReward.mean": {
            "value": 2.451637969493866,
            "min": 1.636138875800443,
            "max": 2.4658302850723266,
            "count": 50
        },
        "HealthcareDDA.Environment.CumulativeReward.sum": {
            "value": 612.9094923734665,
            "min": 407.3985800743103,
            "max": 616.4575712680817,
            "count": 50
        },
        "HealthcareDDA.Policy.ExtrinsicReward.mean": {
            "value": 2.451637969493866,
            "min": 1.636138875800443,
            "max": 2.4658302850723266,
            "count": 50
        },
        "HealthcareDDA.Policy.ExtrinsicReward.sum": {
            "value": 612.9094923734665,
            "min": 407.3985800743103,
            "max": 616.4575712680817,
            "count": 50
        },
        "HealthcareDDA.Losses.PolicyLoss.mean": {
            "value": 0.10540014940003553,
            "min": 0.07152551346613716,
            "max": 0.10884302769166727,
            "count": 50
        },
        "HealthcareDDA.Losses.PolicyLoss.sum": {
            "value": 0.21080029880007106,
            "min": 0.07152551346613716,
            "max": 0.21768605538333455,
            "count": 50
        },
        "HealthcareDDA.Losses.ValueLoss.mean": {
            "value": 0.07864642958156765,
            "min": 0.07283217941100398,
            "max": 0.3158636925121148,
            "count": 50
        },
        "HealthcareDDA.Losses.ValueLoss.sum": {
            "value": 0.1572928591631353,
            "min": 0.07346819527447224,
            "max": 0.3973886761814356,
            "count": 50
        },
        "HealthcareDDA.Policy.LearningRate.mean": {
            "value": 6.32009873600002e-06,
            "min": 6.32009873600002e-06,
            "max": 0.000494720001056,
            "count": 50
        },
        "HealthcareDDA.Policy.LearningRate.sum": {
            "value": 1.264019747200004e-05,
            "min": 1.264019747200004e-05,
            "max": 0.00097360000528,
            "count": 50
        },
        "HealthcareDDA.Policy.Epsilon.mean": {
            "value": 0.10379200000000002,
            "min": 0.10379200000000002,
            "max": 0.3968320000000001,
            "count": 50
        },
        "HealthcareDDA.Policy.Epsilon.sum": {
            "value": 0.20758400000000005,
            "min": 0.11488,
            "max": 0.78416,
            "count": 50
        },
        "HealthcareDDA.Policy.Beta.mean": {
            "value": 0.0001362736000000004,
            "min": 0.0001362736000000004,
            "max": 0.0098945056,
            "count": 50
        },
        "HealthcareDDA.Policy.Beta.sum": {
            "value": 0.0002725472000000008,
            "min": 0.0002725472000000008,
            "max": 0.019472528,
            "count": 50
        },
        "HealthcareDDA.IsTraining.mean": {
            "value": 1.0,
            "min": 1.0,
            "max": 1.0,
            "count": 50
        },
        "HealthcareDDA.IsTraining.sum": {
            "value": 1.0,
            "min": 1.0,
            "max": 1.0,
            "count": 50
        }
    },
    "metadata": {
        "timer_format_version": "0.1.0",
        "start_time_seconds": "1747848372",
        "python_version": "3.10.12 (main, Jan  5 2025, 23:12:11) [GCC 14.1.1 20240522]",
        "command_line_arguments": "/home/samgomes/Documents/doutoramento/projects/iProlepsis/reps/healthcare-dda-mlagent/python-venv/bin/mlagents-learn config/ppo/HealthcareDDA.yaml --run-id=PPO_MBS_Flares_OnOff --force",
        "mlagents_version": "1.0.0",
        "mlagents_envs_version": "1.1.0",
        "communication_protocol_version": "1.5.0",
        "pytorch_version": "2.2.2+cu121",
        "numpy_version": "1.23.5",
        "end_time_seconds": "1747848508"
    },
    "total": 135.1597574719999,
    "count": 1,
    "self": 0.007553906001703581,
    "children": {
        "run_training.setup": {
            "total": 0.0192537849979999,
            "count": 1,
            "self": 0.0192537849979999
        },
        "TrainerController.start_learning": {
            "total": 135.1329497810002,
            "count": 1,
            "self": 0.3227516037186433,
            "children": {
                "TrainerController._reset_env": {
                    "total": 11.68149919699863,
                    "count": 1,
                    "self": 11.68149919699863
                },
                "TrainerController.advance": {
                    "total": 123.06614031828212,
                    "count": 12504,
                    "self": 0.32399986698146677,
                    "children": {
                        "env_step": {
                            "total": 71.49345385631386,
                            "count": 12504,
                            "self": 53.00257088847138,
                            "children": {
                                "SubprocessEnvManager._take_step": {
                                    "total": 18.30298788077198,
                                    "count": 12504,
                                    "self": 0.8113907674342045,
                                    "children": {
                                        "TorchPolicy.evaluate": {
                                            "total": 17.491597113337775,
                                            "count": 12504,
                                            "self": 17.491597113337775
                                        }
                                    }
                                },
                                "workers": {
                                    "total": 0.18789508707050118,
                                    "count": 12504,
                                    "self": 0.0,
                                    "children": {
                                        "worker_root": {
                                            "total": 134.65732104106428,
                                            "count": 12504,
                                            "is_parallel": true,
                                            "self": 96.62248854606514,
                                            "children": {
                                                "run_training.setup": {
                                                    "total": 0.0,
                                                    "count": 0,