{
    "name": "root",
    "gauges": {
        "HealthcareDDA.Policy.Entropy.mean": {
            "value": 0.012287073768675327,
            "min": 0.007081908639520407,
            "max": 1.6089833974838257,
            "count": 50
        },
        "HealthcareDDA.Policy.Entropy.sum": {
            "value": 12.188776969909668,
            "min": 7.0252532958984375,
            "max": 1621.855224609375,
            "count": 50
        },
        "HealthcareDDA.Environment.EpisodeLength.mean": {
            "value": 3.0,
            "min": 3.0,
            "max": 3.0,
            "count": 50
        },
        "HealthcareDDA.Environment.EpisodeLength.sum": {
            "value": 744.0,
            "min": 744.0,
            "max": 756.0,
            "count": 50
        },
        "HealthcareDDA.Step.mean": {
            "value": 49996.0,
            "min": 996.0,
            "max": 49996.0,
            "count": 50
        },
        "HealthcareDDA.Step.sum": {
            "value": 49996.0,
            "min": 996.0,
            "max": 49996.0,
            "count": 50
        },
        "HealthcareDDA.Policy.ExtrinsicValueEstimate.mean": {
            "value": 2.1474270820617676,
            "min": 0.224583238363266,
            "max": 2.2205936908721924,
            "count": 50
        },
        "HealthcareDDA.Policy.ExtrinsicValueEstimate.sum": {
            "value": 536.8567504882812,
            "min": 55.921226501464844,
            "max": 555.1484375,
            "count": 50
        },
        "HealthcareDDA.Environment.CumulativeReward.mean": {
            "value": 3.447732385635376,
            "min": 2.1694662524275032,
            "max": 3.466044179916382,
            "count": 50
        },
        "HealthcareDDA.Environment.CumulativeReward.sum": {
            "value": 861.933096408844,
            "min": 540.1970968544483,
            "max": 866.5110449790955,
            "count": 50
        },
        "HealthcareDDA.Policy.ExtrinsicReward.mean": {
            "value": 3.447732385635376,
            "min": 2.1694662524275032,
            "max": 3.466044179916382,
            "count": 50
        },
        "HealthcareDDA.Policy.ExtrinsicReward.sum": {
            "value": 861.933096408844,
            "min": 540.1970968544483,
            "max": 866.5110449790955,
            "count": 50
        },
        "HealthcareDDA.Losses.PolicyLoss.mean": {
            "value": 0.014644546949966752,
            "min": 0.00010407963969782941,
            "max": 0.19056463381275535,
            "count": 50
        },
        "HealthcareDDA.Losses.PolicyLoss.sum": {
            "value": 0.029289093899933505,
            "min": 0.00011916241874132538,
            "max": 0.3811292676255107,
            "count": 50
        },
        "HealthcareDDA.Losses.ValueLoss.mean": {
            "value": 0.49689560756087303,
            "min": 0.40349397249519825,
            "max": 1.523690789937973,
            "count": 50
        },
        "HealthcareDDA.Losses.ValueLoss.sum": {
            "value": 0.9937912151217461,
            "min": 0.4280899055302143,
            "max": 1.5627780072391033,
            "count": 50
        },
        "HealthcareDDA.Policy.LearningRate.mean": {
            "value": 6.32009873600002e-06,
            "min": 6.32009873600002e-06,
            "max": 0.000494720001056,
            "count": 50
        },
        "HealthcareDDA.Policy.LearningRate.sum": {
            "value": 1.264019747200004e-05,
            "min": 1.264019747200004e-05,
            "max": 0.00097360000528,
            "count": 50
        },
        "HealthcareDDA.Policy.Beta.mean": {
            "value": 0.0001264000987360004,
            "min": 0.0001264000987360004,
            "max": 0.009894400001056,
            "count": 50
        },
        "HealthcareDDA.Policy.Beta.sum": {
            "value": 0.0002528001974720008,
            "min": 0.0002528001974720008,
            "max": 0.019472000005280002,
            "count": 50
        },
        "HealthcareDDA.IsTraining.mean": {
            "value": 1.0,
            "min": 1.0,
            "max": 1.0,
            "count": 50
        },
        "HealthcareDDA.IsTraining.sum": {
            "value": 1.0,
            "min": 1.0,
            "max": 1.0,
            "count": 50
        }
    },
    "metadata": {
        "timer_format_version": "0.1.0",
        "start_time_seconds": "1747843226",
        "python_version": "3.10.12 (main, Jan  5 2025, 23:12:11) [GCC 14.1.1 20240522]",
        "command_line_arguments": "/home/samgomes/Documents/doutoramento/projects/iProlepsis/reps/healthcare-dda-mlagent/python-venv/bin/mlagents-learn config/a2c/HealthcareDDA.yaml --run-id=A2C_TK_Flares --force",
        "mlagents_version": "1.0.0",
        "mlagents_envs_version": "1.1.0",
        "communication_protocol_version": "1.5.0",
        "pytorch_version": "2.2.2+cu121",
        "numpy_version": "1.23.5",
        "end_time_seconds": "1747843339"
    },
    "total": 113.2087054299991,
    "count": 1,
    "self": 0.007156049996410729,
    "children": {
        "run_training.setup": {
            "total": 0.017601654002646683,
            "count": 1,
            "self": 0.017601654002646683
        },
        "TrainerController.start_learning": {
            "total": 113.18394772600004,
            "count": 1,
            "self": 0.3174793548605521,
            "children": {
                "TrainerController._reset_env": {
                    "total": 9.321308504000626,
                    "count": 1,
                    "self": 9.321308504000626
                },
                "TrainerController.advance": {
                    "total": 103.48193713713772,
                    "count": 12504,
                    "self": 0.3004662462080887,
                    "children": {
                        "env_step": {
                            "total": 68.73290552790422,
                            "count": 12504,
                            "self": 50.74069735569719,
                            "children": {
                                "SubprocessEnvManager._take_step": {
                                    "total": 17.815026226922782,
                                    "count": 12504,
                                    "self": 0.800538825806143,
                                    "children": {
                                        "TorchPolicy.evaluate": {
                                            "total": 17.01448740111664,
                                            "count": 12504,
                                            "self": 17.01448740111664
                                        }
                                    }
                                },
                                "workers": {
                                    "total": 0.17718194528424647,
                                    "count": 12504,
                                    "self": 0.0,
                                    "children": {
                                        "worker_root": {
                                            "total": 112.72845530522682,
                                            "count": 12504,
                                            "is_parallel": true,
                                            "self": 76.51656768639441,
                                            "children": {
                                                "run_training.setup": {
                                                    "total": 0.0,
                                                    "count": 0,
                                                    "is_parallel": true,
                                                    "self": 0.0,
                                                    "children": {
                                                        "steps_from_proto": {
                                                            "total": 0.0008704619976924732,