{
    "name": "root",
    "gauges": {
        "HealthcareDDA.Policy.Entropy.mean": {
            "value": 0.00382735556922853,
            "min": 0.0007409591926261783,
            "max": 1.382967472076416,
            "count": 50
        },
        "HealthcareDDA.Policy.Entropy.sum": {
            "value": 3.796736717224121,
            "min": 0.7468868494033813,
            "max": 1394.03125,
            "count": 50
        },
        "HealthcareDDA.Environment.EpisodeLength.mean": {
            "value": 3.0,
            "min": 3.0,
            "max": 3.0,
            "count": 50
        },
        "HealthcareDDA.Environment.EpisodeLength.sum": {
            "value": 744.0,
            "min": 744.0,
            "max": 756.0,
            "count": 50
        },
        "HealthcareDDA.Step.mean": {
            "value": 49996.0,
            "min": 996.0,
            "max": 49996.0,
            "count": 50
        },
        "HealthcareDDA.Step.sum": {
            "value": 49996.0,
            "min": 996.0,
            "max": 49996.0,
            "count": 50
        },
        "HealthcareDDA.Policy.ExtrinsicValueEstimate.mean": {
            "value": 1.541862964630127,
            "min": 0.4136967360973358,
            "max": 1.5904183387756348,
            "count": 50
        },
        "HealthcareDDA.Policy.ExtrinsicValueEstimate.sum": {
            "value": 385.4657287597656,
            "min": 103.01049041748047,
            "max": 397.6045837402344,
            "count": 50
        },
        "HealthcareDDA.Environment.CumulativeReward.mean": {
            "value": 2.4188137974739075,
            "min": 1.5307851530701282,
            "max": 2.4385838203430175,
            "count": 50
        },
        "HealthcareDDA.Environment.CumulativeReward.sum": {
            "value": 604.7034493684769,
            "min": 381.1655031144619,
            "max": 609.6459550857544,
            "count": 50
        },
        "HealthcareDDA.Policy.ExtrinsicReward.mean": {
            "value": 2.4188137974739075,
            "min": 1.5307851530701282,
            "max": 2.4385838203430175,
            "count": 50
        },
        "HealthcareDDA.Policy.ExtrinsicReward.sum": {
            "value": 604.7034493684769,
            "min": 381.1655031144619,
            "max": 609.6459550857544,
            "count": 50
        },
        "HealthcareDDA.Losses.PolicyLoss.mean": {
            "value": 0.00018944656250141634,
            "min": 6.129795231402113e-06,
            "max": 0.17284792778082192,
            "count": 50
        },
        "HealthcareDDA.Losses.PolicyLoss.sum": {
            "value": 0.0003788931250028327,
            "min": 1.2259590462804226e-05,
            "max": 0.34569585556164384,
            "count": 50
        },
        "HealthcareDDA.Losses.ValueLoss.mean": {
            "value": 0.07881596917286515,
            "min": 0.07108031352981925,
            "max": 0.539933830499649,
            "count": 50
        },
        "HealthcareDDA.Losses.ValueLoss.sum": {
            "value": 0.1576319383457303,
            "min": 0.07447615452110767,
            "max": 0.539933830499649,
            "count": 50
        },
        "HealthcareDDA.Policy.LearningRate.mean": {
            "value": 0.00075,
            "min": 0.00075,
            "max": 0.00075,
            "count": 50
        },
        "HealthcareDDA.Policy.LearningRate.sum": {
            "value": 0.0015,
            "min": 0.00075,
            "max": 0.0015,
            "count": 50
        },
        "HealthcareDDA.Policy.Beta.mean": {
            "value": 0.0001264000987360004,
            "min": 0.0001264000987360004,
            "max": 0.009894400001056,
            "count": 50
        },
        "HealthcareDDA.Policy.Beta.sum": {
            "value": 0.0002528001974720008,
            "min": 0.0002528001974720008,
            "max": 0.019472000005280002,
            "count": 50
        },
        "HealthcareDDA.IsTraining.mean": {
            "value": 1.0,
            "min": 1.0,
            "max": 1.0,
            "count": 50
        },
        "HealthcareDDA.IsTraining.sum": {
            "value": 1.0,
            "min": 1.0,
            "max": 1.0,
            "count": 50
        }
    },
    "metadata": {
        "timer_format_version": "0.1.0",
        "start_time_seconds": "1748010631",
        "python_version": "3.10.12 (main, Jan  5 2025, 23:12:11) [GCC 14.1.1 20240522]",
        "command_line_arguments": "/home/samgomes/Documents/doutoramento/projects/iProlepsis/reps/healthcare-dda-mlagent/python-venv/bin/mlagents-learn config/a2c/HealthcareDDA.yaml --run-id=A2C_MBS_Flares --force",
        "mlagents_version": "1.0.0",
        "mlagents_envs_version": "1.1.0",
        "communication_protocol_version": "1.5.0",
        "pytorch_version": "2.2.2+cu121",
        "numpy_version": "1.23.5",
        "end_time_seconds": "1748010743"
    },
    "total": 111.81031489499946,
    "count": 1,
    "self": 0.009244960998330498,
    "children": {
        "run_training.setup": {
            "total": 0.018837745001292205,
            "count": 1,
            "self": 0.018837745001292205
        },
        "TrainerController.start_learning": {
            "total": 111.78223218899984,
            "count": 1,
            "self": 0.30499101590612554,
            "children": {
                "TrainerController._reset_env": {
                    "total": 12.064189206001174,
                    "count": 1,
                    "self": 12.064189206001174
                },
                "TrainerController.advance": {
                    "total": 99.35121809809425,
                    "count": 12504,
                    "self": 0.2828338618965063,
                    "children": {
                        "env_step": {
                            "total": 66.47159250713412,
                            "count": 12504,
                            "self": 49.42829303604776,
                            "children": {
                                "SubprocessEnvManager._take_step": {
                                    "total": 16.87152977110054,
                                    "count": 12504,
                                    "self": 0.7515290301762434,
                                    "children": {
                                        "TorchPolicy.evaluate": {
                                            "total": 16.120000740924297,
                                            "count": 12504,
                                            "self": 16.120000740924297
                                        }
                                    }
                                },
                                "workers": {
                                    "total": 0.17176969998581626,
                                    "count": 12504,
                                    "self": 0.0,
                                    "children": {
                                        "worker_root": {
                                            "total": 111.31926605604713,
                                            "count": 12504,
                                            "is_parallel": true,
                                            "self": 75.83978713493525,
                                            "children": {
                                                "run_training.setup": {
                                                    "total": 0.0,
                                                    "count": 0,
                                                    "is_parallel": true,
                                                    "self": 0.0,
                                                    "children": {
                                                        "steps_from_proto": {
                                                            "total": 0.0009040309996635187,
                                                            "count": 1,