{
    "name": "root",
    "gauges": {
        "HealthcareDDA.Policy.Entropy.mean": {
            "value": 0.2839500606060028,
            "min": 0.15070679783821106,
            "max": 1.3418012857437134,
            "count": 50
        },
        "HealthcareDDA.Policy.Entropy.sum": {
            "value": 281.678466796875,
            "min": 149.5011444091797,
            "max": 1352.53564453125,
            "count": 50
        },
        "HealthcareDDA.Environment.EpisodeLength.mean": {
            "value": 3.0,
            "min": 3.0,
            "max": 3.0,
            "count": 50
        },
        "HealthcareDDA.Environment.EpisodeLength.sum": {
            "value": 744.0,
            "min": 744.0,
            "max": 756.0,
            "count": 50
        },
        "HealthcareDDA.Step.mean": {
            "value": 49996.0,
            "min": 996.0,
            "max": 49996.0,
            "count": 50
        },
        "HealthcareDDA.Step.sum": {
            "value": 49996.0,
            "min": 996.0,
            "max": 49996.0,
            "count": 50
        },
        "HealthcareDDA.Policy.ExtrinsicValue.mean": {
            "value": 1.5261101722717285,
            "min": 1.26842200756073,
            "max": 2.0878524780273438,
            "count": 50
        },
        "HealthcareDDA.Policy.ExtrinsicValue.sum": {
            "value": 381.5275573730469,
            "min": 315.8370666503906,
            "max": 521.963134765625,
            "count": 50
        },
        "HealthcareDDA.Environment.CumulativeReward.mean": {
            "value": 2.3169273748397825,
            "min": 1.6545063459490197,
            "max": 2.319918749332428,
            "count": 50
        },
        "HealthcareDDA.Environment.CumulativeReward.sum": {
            "value": 579.2318437099457,
            "min": 411.9720801413059,
            "max": 579.979687333107,
            "count": 50
        },
        "HealthcareDDA.Policy.ExtrinsicReward.mean": {
            "value": 2.3169273748397825,
            "min": 1.6545063459490197,
            "max": 2.319918749332428,
            "count": 50
        },
        "HealthcareDDA.Policy.ExtrinsicReward.sum": {
            "value": 579.2318437099457,
            "min": 411.9720801413059,
            "max": 579.979687333107,
            "count": 50
        },
        "HealthcareDDA.Losses.PolicyLoss.mean": {
            "value": -1.5246735497187545,
            "min": -2.07767721309617,
            "max": -1.3598411360960356,
            "count": 50
        },
        "HealthcareDDA.Losses.PolicyLoss.sum": {
            "value": -378.1190403302511,
            "min": -517.4958652059237,
            "max": -335.8807606157208,
            "count": 50
        },
        "HealthcareDDA.Losses.ValueLoss.mean": {
            "value": 0.00039823421035749875,
            "min": 0.0003512134796519556,
            "max": 0.013010983859193782,
            "count": 50
        },
        "HealthcareDDA.Losses.ValueLoss.sum": {
            "value": 0.09876208416865968,
            "min": 0.0885057968722928,
            "max": 3.2787679325168333,
            "count": 50
        },
        "HealthcareDDA.Losses.Q1Loss.mean": {
            "value": 0.030818906623647318,
            "min": 0.015637199504814656,
            "max": 0.1649036193141333,
            "count": 50
        },
        "HealthcareDDA.Losses.Q1Loss.sum": {
            "value": 7.643088842664535,
            "min": 3.919815685832873,
            "max": 40.89609758990506,
            "count": 50
        },
        "HealthcareDDA.Losses.Q2Loss.mean": {
            "value": 0.030853319719749233,
            "min": 0.015769434281133324,
            "max": 0.16442562375838557,
            "count": 50
        },
        "HealthcareDDA.Losses.Q2Loss.sum": {
            "value": 7.65162329049781,
            "min": 3.9241198999031135,
            "max": 40.77755469207962,
            "count": 50
        },
        "HealthcareDDA.Policy.DiscreteEntropyCoeff.mean": {
            "value": 0.010779960581379372,
            "min": 0.010523820208156452,
            "max": 0.45678592985584116,
            "count": 50
        },
        "HealthcareDDA.Policy.DiscreteEntropyCoeff.sum": {
            "value": 2.673430224182084,
            "min": 2.652002692455426,
            "max": 112.82612467439276,
            "count": 50
        },
        "HealthcareDDA.Policy.ContinuousEntropyCoeff.mean": {
            "value": 0.5,
            "min": 0.5,
            "max": 0.5,
            "count": 50
        },
        "HealthcareDDA.Policy.ContinuousEntropyCoeff.sum": {
            "value": 124.0,
            "min": 123.5,
            "max": 126.0,
            "count": 50
        },
        "HealthcareDDA.Policy.LearningRate.mean": {
            "value": 0.0007500000000000002,
            "min": 0.0007500000000000001,
            "max": 0.0007500000000000002,
            "count": 50
        },
        "HealthcareDDA.Policy.LearningRate.sum": {
            "value": 0.18600000000000005,
            "min": 0.18525000000000005,
            "max": 0.18900000000000003,
            "count": 50
        },
        "HealthcareDDA.IsTraining.mean": {
            "value": 1.0,
            "min": 1.0,
            "max": 1.0,
            "count": 50
        },
        "HealthcareDDA.IsTraining.sum": {
            "value": 1.0,
            "min": 1.0,
            "max": 1.0,
            "count": 50
        }
    },
    "metadata": {
        "timer_format_version": "0.1.0",
        "start_time_seconds": "1748011617",
        "python_version": "3.10.12 (main, Jan  5 2025, 23:12:11) [GCC 14.1.1 20240522]",
        "command_line_arguments": "/home/samgomes/Documents/doutoramento/projects/iProlepsis/reps/healthcare-dda-mlagent/python-venv/bin/mlagents-learn config/sac/HealthcareDDA.yaml --run-id=SAC_MBS_Flares --force",
        "mlagents_version": "1.0.0",
        "mlagents_envs_version": "1.1.0",
        "communication_protocol_version": "1.5.0",
        "pytorch_version": "2.2.2+cu121",
        "numpy_version": "1.23.5",
        "end_time_seconds": "1748011973"
    },
    "total": 355.74805984699924,
    "count": 1,
    "self": 0.006746407998434734,
    "children": {
        "run_training.setup": {
            "total": 0.017512652000732487,
            "count": 1,
            "self": 0.017512652000732487
        },
        "TrainerController.start_learning": {
            "total": 355.7238007870001,
            "count": 1,
            "self": 0.31338502504877397,
            "children": {
                "TrainerController._reset_env": {
                    "total": 11.550504063998233,
                    "count": 1,
                    "self": 11.550504063998233
                },
                "TrainerController.advance": {
                    "total": 343.787812742954,
                    "count": 12504,
                    "self": 0.27413524997245986,
                    "children": {
                        "env_step": {
                            "total": 66.17791244812543,
                            "count": 12504,
                            "self": 49.02301207223718,
                            "children": {
                                "SubprocessEnvManager._take_step": {
                                    "total": 16.98221985777127,
                                    "count": 12504,
                                    "self": 0.7551087065730826,
                                    "children": {
                                        "TorchPolicy.evaluate": {
                                            "total": 16.227111151198187,
                                            "count": 12504,
                                            "self": 16.227111151198187
                                        }
                                    }
                                },
                                "workers": {
                                    "total": 0.1726805181169766,