{
    "name": "root",
    "gauges": {
        "HealthcareDDA.Policy.Entropy.mean": {
            "value": 0.0032628795597702265,
            "min": 0.0032344472128897905,
            "max": 1.404665231704712,
            "count": 50
        },
        "HealthcareDDA.Policy.Entropy.sum": {
            "value": 3.23677659034729,
            "min": 3.208571672439575,
            "max": 1415.902587890625,
            "count": 50
        },
        "HealthcareDDA.Environment.EpisodeLength.mean": {
            "value": 3.0,
            "min": 3.0,
            "max": 3.0,
            "count": 50
        },
        "HealthcareDDA.Environment.EpisodeLength.sum": {
            "value": 744.0,
            "min": 744.0,
            "max": 756.0,
            "count": 50
        },
        "HealthcareDDA.Step.mean": {
            "value": 49996.0,
            "min": 996.0,
            "max": 49996.0,
            "count": 50
        },
        "HealthcareDDA.Step.sum": {
            "value": 49996.0,
            "min": 996.0,
            "max": 49996.0,
            "count": 50
        },
        "HealthcareDDA.Policy.ExtrinsicValueEstimate.mean": {
            "value": 2.2628698348999023,
            "min": 0.7909802794456482,
            "max": 2.3248908519744873,
            "count": 50
        },
        "HealthcareDDA.Policy.ExtrinsicValueEstimate.sum": {
            "value": 565.7174682617188,
            "min": 196.95408630371094,
            "max": 581.2227172851562,
            "count": 50
        },
        "HealthcareDDA.Environment.CumulativeReward.mean": {
            "value": 3.5030136079788208,
            "min": 2.559800492592126,
            "max": 3.6202440271377565,
            "count": 50
        },
        "HealthcareDDA.Environment.CumulativeReward.sum": {
            "value": 875.7534019947052,
            "min": 637.3903226554394,
            "max": 905.0610067844391,
            "count": 50
        },
        "HealthcareDDA.Policy.ExtrinsicReward.mean": {
            "value": 3.5030136079788208,
            "min": 2.559800492592126,
            "max": 3.6202440271377565,
            "count": 50
        },
        "HealthcareDDA.Policy.ExtrinsicReward.sum": {
            "value": 875.7534019947052,
            "min": 637.3903226554394,
            "max": 905.0610067844391,
            "count": 50
        },
        "HealthcareDDA.Losses.PolicyLoss.mean": {
            "value": 0.1342148244794872,
            "min": 0.10290659436335166,
            "max": 0.16312340978119108,
            "count": 50
        },
        "HealthcareDDA.Losses.PolicyLoss.sum": {
            "value": 0.40264447343846166,
            "min": 0.308719783090055,
            "max": 0.6420397949405015,
            "count": 50
        },
        "HealthcareDDA.Losses.ValueLoss.mean": {
            "value": 0.4238736294209957,
            "min": 0.3800578926586442,
            "max": 1.5272260167532499,
            "count": 50
        },
        "HealthcareDDA.Losses.ValueLoss.sum": {
            "value": 1.2716208882629871,
            "min": 1.1401736779759326,
            "max": 4.581678050259749,
            "count": 50
        },
        "HealthcareDDA.Policy.LearningRate.mean": {
            "value": 4.9600990080000194e-06,
            "min": 4.9600990080000194e-06,
            "max": 0.000494560001088,
            "count": 50
        },
        "HealthcareDDA.Policy.LearningRate.sum": {
            "value": 1.488029702400006e-05,
            "min": 1.488029702400006e-05,
            "max": 0.001940160011968,
            "count": 50
        },
        "HealthcareDDA.Policy.Epsilon.mean": {
            "value": 0.10297600000000003,
            "min": 0.10297600000000003,
            "max": 0.39673600000000003,
            "count": 50
        },
        "HealthcareDDA.Policy.Epsilon.sum": {
            "value": 0.3089280000000001,
            "min": 0.3089280000000001,
            "max": 1.5640960000000002,
            "count": 50
        },
        "HealthcareDDA.Policy.Beta.mean": {
            "value": 0.00010910080000000042,
            "min": 0.00010910080000000042,
            "max": 0.0098913088,
            "count": 50
        },
        "HealthcareDDA.Policy.Beta.sum": {
            "value": 0.00032730240000000124,
            "min": 0.00032730240000000124,
            "max": 0.038804396799999995,
            "count": 50
        },
        "HealthcareDDA.IsTraining.mean": {
            "value": 1.0,
            "min": 1.0,
            "max": 1.0,
            "count": 50
        },
        "HealthcareDDA.IsTraining.sum": {
            "value": 1.0,
            "min": 1.0,
            "max": 1.0,
            "count": 50
        }
    },
    "metadata": {
        "timer_format_version": "0.1.0",
        "start_time_seconds": "1746696434",
        "python_version": "3.10.12 (main, Jan  5 2025, 23:12:11) [GCC 14.1.1 20240522]",
        "command_line_arguments": "/home/samgomes/Documents/doutoramento/projects/iProlepsis/reps/healthcare-dda-mlagent/python-venv/bin/mlagents-learn config/ppo/HealthcareDDA.yaml --run-id=PPO_TK_Flares --force",
        "mlagents_version": "1.0.0",
        "mlagents_envs_version": "1.1.0",
        "communication_protocol_version": "1.5.0",
        "pytorch_version": "2.2.2+cu121",
        "numpy_version": "1.23.5",
        "end_time_seconds": "1746696548"
    },
    "total": 114.60912527999994,
    "count": 1,
    "self": 0.006884601999900042,
    "children": {
        "run_training.setup": {
            "total": 0.015263551000089137,
            "count": 1,
            "self": 0.015263551000089137
        },
        "TrainerController.start_learning": {
            "total": 114.58697712699995,
            "count": 1,
            "self": 0.2782793879878227,
            "children": {
                "TrainerController._reset_env": {
                    "total": 7.62089640399995,
                    "count": 1,
                    "self": 7.62089640399995
                },
                "TrainerController.advance": {
                    "total": 106.63360964201229,
                    "count": 12504,
                    "self": 0.2644709100077307,
                    "children": {
                        "env_step": {
                            "total": 54.74034023600302,
                            "count": 12504,
                            "self": 39.65585527999292,
                            "children": {
                                "SubprocessEnvManager._take_step": {
                                    "total": 14.923776184003373,
                                    "count": 12504,
                                    "self": 0.7221722470103487,
                                    "children": {
                                        "TorchPolicy.evaluate": {
                                            "total": 14.201603936993024,
                                            "count": 12504,
                                            "self": 14.201603936993024
                                        }
                                    }
                                },
                                "workers": {
                                    "total": 0.1607087720067284,
                                    "count": 12504,
                                    "self": 0.0,
                                    "children": {
                                        "worker_root": {
                                            "total": 114.14119607599446,
                                            "count": 12504,
                                            "is_parallel": true,
                                            "self": 87.51741658400147,
                                            "children": {
                                                "run_training.setup": {
                                                    "total": 0.0,
                                                    "count": 0,