{
    "name": "root",
    "gauges": {
        "HealthcareDDA.Policy.Entropy.mean": {
            "value": 0.03499898314476013,
            "min": 0.020949963480234146,
            "max": 1.2324225902557373,
            "count": 50
        },
        "HealthcareDDA.Policy.Entropy.sum": {
            "value": 34.718990325927734,
            "min": 20.782363891601562,
            "max": 1242.281982421875,
            "count": 50
        },
        "HealthcareDDA.Environment.EpisodeLength.mean": {
            "value": 3.0,
            "min": 3.0,
            "max": 3.0,
            "count": 50
        },
        "HealthcareDDA.Environment.EpisodeLength.sum": {
            "value": 744.0,
            "min": 744.0,
            "max": 756.0,
            "count": 50
        },
        "HealthcareDDA.Step.mean": {
            "value": 49996.0,
            "min": 996.0,
            "max": 49996.0,
            "count": 50
        },
        "HealthcareDDA.Step.sum": {
            "value": 49996.0,
            "min": 996.0,
            "max": 49996.0,
            "count": 50
        },
        "HealthcareDDA.Policy.ExtrinsicValueEstimate.mean": {
            "value": 1.633522629737854,
            "min": 0.4999483823776245,
            "max": 1.6481144428253174,
            "count": 50
        },
        "HealthcareDDA.Policy.ExtrinsicValueEstimate.sum": {
            "value": 408.3806457519531,
            "min": 124.48714447021484,
            "max": 412.02862548828125,
            "count": 50
        },
        "HealthcareDDA.Environment.CumulativeReward.mean": {
            "value": 2.5256931586265563,
            "min": 1.8202436288676587,
            "max": 2.535380224227905,
            "count": 50
        },
        "HealthcareDDA.Environment.CumulativeReward.sum": {
            "value": 631.4232896566391,
            "min": 453.240663588047,
            "max": 633.8450560569763,
            "count": 50
        },
        "HealthcareDDA.Policy.ExtrinsicReward.mean": {
            "value": 2.5256931586265563,
            "min": 1.8202436288676587,
            "max": 2.535380224227905,
            "count": 50
        },
        "HealthcareDDA.Policy.ExtrinsicReward.sum": {
            "value": 631.4232896566391,
            "min": 453.240663588047,
            "max": 633.8450560569763,
            "count": 50
        },
        "HealthcareDDA.Losses.PolicyLoss.mean": {
            "value": 0.14089391300351253,
            "min": 0.09559763642998101,
            "max": 0.15393584151752293,
            "count": 50
        },
        "HealthcareDDA.Losses.PolicyLoss.sum": {
            "value": 0.4226817390105376,
            "min": 0.34084290378571797,
            "max": 0.6157433660700917,
            "count": 50
        },
        "HealthcareDDA.Losses.ValueLoss.mean": {
            "value": 0.07612415253081256,
            "min": 0.07377380427593987,
            "max": 0.6850800216197968,
            "count": 50
        },
        "HealthcareDDA.Losses.ValueLoss.sum": {
            "value": 0.22837245759243768,
            "min": 0.22132141282781959,
            "max": 2.0552400648593903,
            "count": 50
        },
        "HealthcareDDA.Policy.LearningRate.mean": {
            "value": 4.9600990080000194e-06,
            "min": 4.9600990080000194e-06,
            "max": 0.000494560001088,
            "count": 50
        },
        "HealthcareDDA.Policy.LearningRate.sum": {
            "value": 1.488029702400006e-05,
            "min": 1.488029702400006e-05,
            "max": 0.001940160011968,
            "count": 50
        },
        "HealthcareDDA.Policy.Epsilon.mean": {
            "value": 0.10297600000000003,
            "min": 0.10297600000000003,
            "max": 0.39673600000000003,
            "count": 50
        },
        "HealthcareDDA.Policy.Epsilon.sum": {
            "value": 0.3089280000000001,
            "min": 0.3089280000000001,
            "max": 1.5640960000000002,
            "count": 50
        },
        "HealthcareDDA.Policy.Beta.mean": {
            "value": 0.00010910080000000042,
            "min": 0.00010910080000000042,
            "max": 0.0098913088,
            "count": 50
        },
        "HealthcareDDA.Policy.Beta.sum": {
            "value": 0.00032730240000000124,
            "min": 0.00032730240000000124,
            "max": 0.038804396799999995,
            "count": 50
        },
        "HealthcareDDA.IsTraining.mean": {
            "value": 1.0,
            "min": 1.0,
            "max": 1.0,
            "count": 50
        },
        "HealthcareDDA.IsTraining.sum": {
            "value": 1.0,
            "min": 1.0,
            "max": 1.0,
            "count": 50
        }
    },
    "metadata": {
        "timer_format_version": "0.1.0",
        "start_time_seconds": "1746696230",
        "python_version": "3.10.12 (main, Jan  5 2025, 23:12:11) [GCC 14.1.1 20240522]",
        "command_line_arguments": "/home/samgomes/Documents/doutoramento/projects/iProlepsis/reps/healthcare-dda-mlagent/python-venv/bin/mlagents-learn config/ppo/HealthcareDDA.yaml --run-id=PPO_MBS_No_Flares --force",
        "mlagents_version": "1.0.0",
        "mlagents_envs_version": "1.1.0",
        "communication_protocol_version": "1.5.0",
        "pytorch_version": "2.2.2+cu121",
        "numpy_version": "1.23.5",
        "end_time_seconds": "1746696345"
    },
    "total": 115.19090271099981,
    "count": 1,
    "self": 0.007196354999905452,
    "children": {
        "run_training.setup": {
            "total": 0.015585078999947655,
            "count": 1,
            "self": 0.015585078999947655
        },
        "TrainerController.start_learning": {
            "total": 115.16812127699995,
            "count": 1,
            "self": 0.2804250399949524,
            "children": {
                "TrainerController._reset_env": {
                    "total": 7.042979046000028,
                    "count": 1,
                    "self": 7.042979046000028
                },
                "TrainerController.advance": {
                    "total": 107.78881255400483,
                    "count": 12504,
                    "self": 0.2729165390023809,
                    "children": {
                        "env_step": {
                            "total": 54.83909335700719,
                            "count": 12504,
                            "self": 39.409905106,
                            "children": {
                                "SubprocessEnvManager._take_step": {
                                    "total": 15.267335845014259,
                                    "count": 12504,
                                    "self": 0.7238419170057568,
                                    "children": {
                                        "TorchPolicy.evaluate": {
                                            "total": 14.543493928008502,
                                            "count": 12504,
                                            "self": 14.543493928008502
                                        }
                                    }
                                },
                                "workers": {
                                    "total": 0.16185240599293138,
                                    "count": 12504,
                                    "self": 0.0,
                                    "children": {
                                        "worker_root": {
                                            "total": 114.73678153099627,
                                            "count": 12504,
                                            "is_parallel": true,
                                            "self": 88.38065214700396,
                                            "children": {
                                                "run_training.setup": {
                                                    "total": 0.0,
                                                    "count": 0,