{
    "name": "root",
    "gauges": {
        "HealthcareDDA.Policy.Entropy.mean": {
            "value": 0.0032554741483181715,
            "min": 0.0032554741483181715,
            "max": 1.6012977361679077,
            "count": 50
        },
        "HealthcareDDA.Policy.Entropy.sum": {
            "value": 3.2294304370880127,
            "min": 3.2294304370880127,
            "max": 1614.108154296875,
            "count": 50
        },
        "HealthcareDDA.Environment.EpisodeLength.mean": {
            "value": 3.0,
            "min": 3.0,
            "max": 3.0,
            "count": 50
        },
        "HealthcareDDA.Environment.EpisodeLength.sum": {
            "value": 744.0,
            "min": 744.0,
            "max": 756.0,
            "count": 50
        },
        "HealthcareDDA.Step.mean": {
            "value": 49996.0,
            "min": 996.0,
            "max": 49996.0,
            "count": 50
        },
        "HealthcareDDA.Step.sum": {
            "value": 49996.0,
            "min": 996.0,
            "max": 49996.0,
            "count": 50
        },
        "HealthcareDDA.Policy.ExtrinsicValueEstimate.mean": {
            "value": 2.9076943397521973,
            "min": 0.4924418032169342,
            "max": 3.0030014514923096,
            "count": 50
        },
        "HealthcareDDA.Policy.ExtrinsicValueEstimate.sum": {
            "value": 726.923583984375,
            "min": 122.61801147460938,
            "max": 750.7503662109375,
            "count": 50
        },
        "HealthcareDDA.Environment.CumulativeReward.mean": {
            "value": 4.402301385879516,
            "min": 1.940828923121035,
            "max": 4.569139500617981,
            "count": 50
        },
        "HealthcareDDA.Environment.CumulativeReward.sum": {
            "value": 1100.5753464698792,
            "min": 483.2664018571377,
            "max": 1142.2848751544952,
            "count": 50
        },
        "HealthcareDDA.Policy.ExtrinsicReward.mean": {
            "value": 4.402301385879516,
            "min": 1.940828923121035,
            "max": 4.569139500617981,
            "count": 50
        },
        "HealthcareDDA.Policy.ExtrinsicReward.sum": {
            "value": 1100.5753464698792,
            "min": 483.2664018571377,
            "max": 1142.2848751544952,
            "count": 50
        },
        "HealthcareDDA.Losses.PolicyLoss.mean": {
            "value": 0.08067995220577966,
            "min": 0.07356222317321226,
            "max": 0.1126349038289239,
            "count": 50
        },
        "HealthcareDDA.Losses.PolicyLoss.sum": {
            "value": 0.1613599044115593,
            "min": 0.07596111010449628,
            "max": 0.22396609905020642,
            "count": 50
        },
        "HealthcareDDA.Losses.ValueLoss.mean": {
            "value": 0.7567285994688671,
            "min": 0.6626192964613438,
            "max": 1.0161116297046342,
            "count": 50
        },
        "HealthcareDDA.Losses.ValueLoss.sum": {
            "value": 1.5134571989377341,
            "min": 0.7412654211123785,
            "max": 2.0322232594092684,
            "count": 50
        },
        "HealthcareDDA.Policy.LearningRate.mean": {
            "value": 6.32009873600002e-06,
            "min": 6.32009873600002e-06,
            "max": 0.000494720001056,
            "count": 50
        },
        "HealthcareDDA.Policy.LearningRate.sum": {
            "value": 1.264019747200004e-05,
            "min": 1.264019747200004e-05,
            "max": 0.00097360000528,
            "count": 50
        },
        "HealthcareDDA.Policy.Epsilon.mean": {
            "value": 0.10379200000000002,
            "min": 0.10379200000000002,
            "max": 0.3968320000000001,
            "count": 50
        },
        "HealthcareDDA.Policy.Epsilon.sum": {
            "value": 0.20758400000000005,
            "min": 0.11488,
            "max": 0.78416,
            "count": 50
        },
        "HealthcareDDA.Policy.Beta.mean": {
            "value": 0.0001362736000000004,
            "min": 0.0001362736000000004,
            "max": 0.0098945056,
            "count": 50
        },
        "HealthcareDDA.Policy.Beta.sum": {
            "value": 0.0002725472000000008,
            "min": 0.0002725472000000008,
            "max": 0.019472528,
            "count": 50
        },
        "HealthcareDDA.IsTraining.mean": {
            "value": 1.0,
            "min": 1.0,
            "max": 1.0,
            "count": 50
        },
        "HealthcareDDA.IsTraining.sum": {
            "value": 1.0,
            "min": 1.0,
            "max": 1.0,
            "count": 50
        }
    },
    "metadata": {
        "timer_format_version": "0.1.0",
        "start_time_seconds": "1747848048",
        "python_version": "3.10.12 (main, Jan  5 2025, 23:12:11) [GCC 14.1.1 20240522]",
        "command_line_arguments": "/home/samgomes/Documents/doutoramento/projects/iProlepsis/reps/healthcare-dda-mlagent/python-venv/bin/mlagents-learn config/ppo/HealthcareDDA.yaml --run-id=PPO_TK_Flares_HC1 --force",
        "mlagents_version": "1.0.0",
        "mlagents_envs_version": "1.1.0",
        "communication_protocol_version": "1.5.0",
        "pytorch_version": "2.2.2+cu121",
        "numpy_version": "1.23.5",
        "end_time_seconds": "1747848186"
    },
    "total": 137.66683976000058,
    "count": 1,
    "self": 0.007370698000158882,
    "children": {
        "run_training.setup": {
            "total": 0.019009812000149395,
            "count": 1,
            "self": 0.019009812000149395
        },
        "TrainerController.start_learning": {
            "total": 137.64045925000028,
            "count": 1,
            "self": 0.3184744960744865,
            "children": {
                "TrainerController._reset_env": {
                    "total": 16.296373779001442,
                    "count": 1,
                    "self": 16.296373779001442
                },
                "TrainerController.advance": {
                    "total": 120.96327361091971,
                    "count": 12504,
                    "self": 0.3048277194429829,
                    "children": {
                        "env_step": {
                            "total": 69.92965271087814,
                            "count": 12504,
                            "self": 51.72777178205797,
                            "children": {
                                "SubprocessEnvManager._take_step": {
                                    "total": 18.024649882081576,
                                    "count": 12504,
                                    "self": 0.8001297302835155,
                                    "children": {
                                        "TorchPolicy.evaluate": {
                                            "total": 17.22452015179806,
                                            "count": 12504,
                                            "self": 17.22452015179806
                                        }
                                    }
                                },
                                "workers": {
                                    "total": 0.1772310467385978,
                                    "count": 12504,
                                    "self": 0.0,
                                    "children": {
                                        "worker_root": {
                                            "total": 137.1816799740991,
                                            "count": 12504,
                                            "is_parallel": true,
                                            "self": 100.46915485518548,
                                            "children": {
                                                "run_training.setup": {
                                                    "total": 0.0,
                                                    "count": 0,