{
    "name": "root",
    "gauges": {
        "HealthcareDDA.Policy.Entropy.mean": {
            "value": 0.45099490880966187,
            "min": 0.4341346323490143,
            "max": 1.314497709274292,
            "count": 50
        },
        "HealthcareDDA.Policy.Entropy.sum": {
            "value": 447.386962890625,
            "min": 430.66156005859375,
            "max": 1325.013671875,
            "count": 50
        },
        "HealthcareDDA.Environment.EpisodeLength.mean": {
            "value": 3.0,
            "min": 3.0,
            "max": 3.0,
            "count": 50
        },
        "HealthcareDDA.Environment.EpisodeLength.sum": {
            "value": 744.0,
            "min": 744.0,
            "max": 756.0,
            "count": 50
        },
        "HealthcareDDA.Step.mean": {
            "value": 49996.0,
            "min": 996.0,
            "max": 49996.0,
            "count": 50
        },
        "HealthcareDDA.Step.sum": {
            "value": 49996.0,
            "min": 996.0,
            "max": 49996.0,
            "count": 50
        },
        "HealthcareDDA.Policy.ExtrinsicValue.mean": {
            "value": 1.543404221534729,
            "min": 1.2176481485366821,
            "max": 2.278787136077881,
            "count": 50
        },
        "HealthcareDDA.Policy.ExtrinsicValue.sum": {
            "value": 385.8510437011719,
            "min": 303.19439697265625,
            "max": 569.69677734375,
            "count": 50
        },
        "HealthcareDDA.Environment.CumulativeReward.mean": {
            "value": 2.2929368534088135,
            "min": 1.6947607157230378,
            "max": 2.2929368534088135,
            "count": 50
        },
        "HealthcareDDA.Environment.CumulativeReward.sum": {
            "value": 573.2342133522034,
            "min": 423.69017893075943,
            "max": 573.2342133522034,
            "count": 50
        },
        "HealthcareDDA.Policy.ExtrinsicReward.mean": {
            "value": 2.2929368534088135,
            "min": 1.6947607157230378,
            "max": 2.2929368534088135,
            "count": 50
        },
        "HealthcareDDA.Policy.ExtrinsicReward.sum": {
            "value": 573.2342133522034,
            "min": 423.69017893075943,
            "max": 573.2342133522034,
            "count": 50
        },
        "HealthcareDDA.Losses.PolicyLoss.mean": {
            "value": -1.5580930912927273,
            "min": -2.2863415313023396,
            "max": -1.3292663637293722,
            "count": 50
        },
        "HealthcareDDA.Losses.PolicyLoss.sum": {
            "value": -386.4070866405964,
            "min": -567.1476990183194,
            "max": -328.32879184115495,
            "count": 50
        },
        "HealthcareDDA.Losses.ValueLoss.mean": {
            "value": 1.462327577390167e-05,
            "min": 1.462327577390167e-05,
            "max": 0.03632170226856266,
            "count": 50
        },
        "HealthcareDDA.Losses.ValueLoss.sum": {
            "value": 0.0036265723919276143,
            "min": 0.0036265723919276143,
            "max": 8.971460460334978,
            "count": 50
        },
        "HealthcareDDA.Losses.Q1Loss.mean": {
            "value": 0.03202345929653396,
            "min": 0.02897116682869777,
            "max": 0.19605774784170255,
            "count": 50
        },
        "HealthcareDDA.Losses.Q1Loss.sum": {
            "value": 7.9418179055404226,
            "min": 7.300734040831838,
            "max": 48.62232146474223,
            "count": 50
        },
        "HealthcareDDA.Losses.Q2Loss.mean": {
            "value": 0.032025856905293235,
            "min": 0.02915143634090397,
            "max": 0.19574429546683145,
            "count": 50
        },
        "HealthcareDDA.Losses.Q2Loss.sum": {
            "value": 7.942412512512722,
            "min": 7.346161957907801,
            "max": 48.544585275774196,
            "count": 50
        },
        "HealthcareDDA.Policy.DiscreteEntropyCoeff.mean": {
            "value": 0.035891143218313735,
            "min": 0.035891143218313735,
            "max": 0.47103478001857596,
            "count": 50
        },
        "HealthcareDDA.Policy.DiscreteEntropyCoeff.sum": {
            "value": 8.901003518141806,
            "min": 8.901003518141806,
            "max": 116.34559066458826,
            "count": 50
        },
        "HealthcareDDA.Policy.ContinuousEntropyCoeff.mean": {
            "value": 0.5,
            "min": 0.5,
            "max": 0.5,
            "count": 50
        },
        "HealthcareDDA.Policy.ContinuousEntropyCoeff.sum": {
            "value": 124.0,
            "min": 123.5,
            "max": 126.0,
            "count": 50
        },
        "HealthcareDDA.Policy.LearningRate.mean": {
            "value": 5.040098992e-06,
            "min": 5.040098992e-06,
            "max": 0.0004949383006074817,
            "count": 50
        },
        "HealthcareDDA.Policy.LearningRate.sum": {
            "value": 0.001249944550016,
            "min": 0.001249944550016,
            "max": 0.122249760250048,
            "count": 50
        },
        "HealthcareDDA.IsTraining.mean": {
            "value": 1.0,
            "min": 1.0,
            "max": 1.0,
            "count": 50
        },
        "HealthcareDDA.IsTraining.sum": {
            "value": 1.0,
            "min": 1.0,
            "max": 1.0,
            "count": 50
        }
    },
    "metadata": {
        "timer_format_version": "0.1.0",
        "start_time_seconds": "1747132181",
        "python_version": "3.10.12 (main, Jan  5 2025, 23:12:11) [GCC 14.1.1 20240522]",
        "command_line_arguments": "/home/samgomes/Documents/doutoramento/projects/iProlepsis/reps/healthcare-dda-mlagent/python-venv/bin/mlagents-learn config/sac/HealthcareDDA.yaml --run-id=SAC_MBS_Flares --force",
        "mlagents_version": "1.0.0",
        "mlagents_envs_version": "1.1.0",
        "communication_protocol_version": "1.5.0",
        "pytorch_version": "2.2.2+cu121",
        "numpy_version": "1.23.5",
        "end_time_seconds": "1747132486"
    },
    "total": 305.267751888,
    "count": 1,
    "self": 0.007228868000311195,
    "children": {
        "run_training.setup": {
            "total": 0.019506321999870124,
            "count": 1,
            "self": 0.019506321999870124
        },
        "TrainerController.start_learning": {
            "total": 305.24101669799984,
            "count": 1,
            "self": 0.30725757901836914,
            "children": {
                "TrainerController._reset_env": {
                    "total": 7.211048324999865,
                    "count": 1,
                    "self": 7.211048324999865
                },
                "TrainerController.advance": {
                    "total": 297.655495366982,
                    "count": 12504,
                    "self": 0.27051538794512453,
                    "children": {
                        "env_step": {
                            "total": 60.19038111800273,
                            "count": 12504,
                            "self": 43.51585467401037,
                            "children": {
                                "SubprocessEnvManager._take_step": {
                                    "total": 16.504927567038976,
                                    "count": 12504,
                                    "self": 0.7914599470350367,
                                    "children": {
                                        "TorchPolicy.evaluate": {
                                            "total": 15.71346762000394,
                                            "count": 12504,
                                            "self": 15.71346762000394
                                        }
                                    }
                                },
                                "workers": {
                                    "total": 0.16959887695338693,