{
    "name": "root",
    "gauges": {
        "HealthcareDDA.Policy.Entropy.mean": {
            "value": 0.03354038670659065,
            "min": 0.03295362368226051,
            "max": 1.6069488525390625,
            "count": 30
        },
        "HealthcareDDA.Policy.Entropy.sum": {
            "value": 33.54038619995117,
            "min": 32.9536247253418,
            "max": 1606.9488525390625,
            "count": 30
        },
        "HealthcareDDA.Environment.EpisodeLength.mean": {
            "value": 4.0,
            "min": 4.0,
            "max": 4.0,
            "count": 30
        },
        "HealthcareDDA.Environment.EpisodeLength.sum": {
            "value": 800.0,
            "min": 800.0,
            "max": 800.0,
            "count": 30
        },
        "HealthcareDDA.Step.mean": {
            "value": 29995.0,
            "min": 995.0,
            "max": 29995.0,
            "count": 30
        },
        "HealthcareDDA.Step.sum": {
            "value": 29995.0,
            "min": 995.0,
            "max": 29995.0,
            "count": 30
        },
        "HealthcareDDA.Policy.ExtrinsicValueEstimate.mean": {
            "value": 0.7321368455886841,
            "min": 0.29764634370803833,
            "max": 0.7588748335838318,
            "count": 30
        },
        "HealthcareDDA.Policy.ExtrinsicValueEstimate.sum": {
            "value": 146.4273681640625,
            "min": 59.231624603271484,
            "max": 151.77496337890625,
            "count": 30
        },
        "HealthcareDDA.Environment.CumulativeReward.mean": {
            "value": 0.8003566977381706,
            "min": 0.4481770276049873,
            "max": 0.8475490564107895,
            "count": 30
        },
        "HealthcareDDA.Environment.CumulativeReward.sum": {
            "value": 160.07133954763412,
            "min": 89.18722849339247,
            "max": 169.5098112821579,
            "count": 30
        },
        "HealthcareDDA.Policy.ExtrinsicReward.mean": {
            "value": 0.8003566977381706,
            "min": 0.4481770276049873,
            "max": 0.8475490564107895,
            "count": 30
        },
        "HealthcareDDA.Policy.ExtrinsicReward.sum": {
            "value": 160.07133954763412,
            "min": 89.18722849339247,
            "max": 169.5098112821579,
            "count": 30
        },
        "HealthcareDDA.Losses.PolicyLoss.mean": {
            "value": 0.1408773036673665,
            "min": 0.11249101635379097,
            "max": 0.16054685161604235,
            "count": 30
        },
        "HealthcareDDA.Losses.PolicyLoss.sum": {
            "value": 0.563509214669466,
            "min": 0.38337777539466816,
            "max": 0.6421874064641694,
            "count": 30
        },
        "HealthcareDDA.Losses.ValueLoss.mean": {
            "value": 0.02803005047220116,
            "min": 0.02612819758036898,
            "max": 0.061563813489758305,
            "count": 30
        },
        "HealthcareDDA.Losses.ValueLoss.sum": {
            "value": 0.11212020188880464,
            "min": 0.07838459274110694,
            "max": 0.1846914404692749,
            "count": 30
        },
        "HealthcareDDA.Policy.LearningRate.mean": {
            "value": 3.2667650333333345e-06,
            "min": 3.2667650333333345e-06,
            "max": 0.00019653333506666664,
            "count": 30
        },
        "HealthcareDDA.Policy.LearningRate.sum": {
            "value": 1.3067060133333338e-05,
            "min": 1.3067060133333338e-05,
            "max": 0.0007618666857333333,
            "count": 30
        },
        "HealthcareDDA.Policy.Epsilon.mean": {
            "value": 0.10490000000000001,
            "min": 0.10490000000000001,
            "max": 0.39480000000000004,
            "count": 30
        },
        "HealthcareDDA.Policy.Epsilon.sum": {
            "value": 0.41960000000000003,
            "min": 0.41960000000000003,
            "max": 1.5428,
            "count": 30
        },
        "HealthcareDDA.Policy.Beta.mean": {
            "value": 0.00017317000000000008,
            "min": 0.00017317000000000008,
            "max": 0.00982684,
            "count": 30
        },
        "HealthcareDDA.Policy.Beta.sum": {
            "value": 0.0006926800000000003,
            "min": 0.0006926800000000003,
            "max": 0.03809524,
            "count": 30
        },
        "HealthcareDDA.IsTraining.mean": {
            "value": 1.0,
            "min": 1.0,
            "max": 1.0,
            "count": 30
        },
        "HealthcareDDA.IsTraining.sum": {
            "value": 1.0,
            "min": 1.0,
            "max": 1.0,
            "count": 30
        }
    },
    "metadata": {
        "timer_format_version": "0.1.0",
        "start_time_seconds": "1743620646",
        "python_version": "3.10.12 (main, Jan  5 2025, 23:12:11) [GCC 14.1.1 20240522]",
        "command_line_arguments": "/home/samgomes/Documents/doutoramento/projects/iProlepsis/reps/healthcare-dda-mlagent/python-venv/bin/mlagents-learn config/ppo/HealthcareDDA.yaml --run-id=firstHealthcareDDARun --force",
        "mlagents_version": "1.1.0",
        "mlagents_envs_version": "1.1.0",
        "communication_protocol_version": "1.5.0",
        "pytorch_version": "2.2.2+cu121",
        "numpy_version": "1.23.5",
        "end_time_seconds": "1743620726"
    },
    "total": 80.23596711400023,
    "count": 1,
    "self": 0.0074465519974182826,
    "children": {
        "run_training.setup": {
            "total": 0.016078142001788365,
            "count": 1,
            "self": 0.016078142001788365
        },
        "TrainerController.start_learning": {
            "total": 80.21244242000103,
            "count": 1,
            "self": 0.16970358496473636,
            "children": {
                "TrainerController._reset_env": {
                    "total": 8.604533357000037,
                    "count": 1,
                    "self": 8.604533357000037
                },
                "TrainerController.advance": {
                    "total": 71.3814731300372,
                    "count": 7505,
                    "self": 0.1572355751413852,
                    "children": {
                        "env_step": {
                            "total": 41.36162477996186,
                            "count": 7505,
                            "self": 31.868563331994665,
                            "children": {
                                "SubprocessEnvManager._take_step": {
                                    "total": 9.396031437052443,
                                    "count": 7505,
                                    "self": 0.4459863149932062,
                                    "children": {
                                        "TorchPolicy.evaluate": {
                                            "total": 8.950045122059237,
                                            "count": 7505,
                                            "self": 8.950045122059237
                                        }
                                    }
                                },
                                "workers": {
                                    "total": 0.09703001091475016,
                                    "count": 7505,
                                    "self": 0.0,
                                    "children": {
                                        "worker_root": {
                                            "total": 79.91981065494838,
                                            "count": 7505,
                                            "is_parallel": true,
                                            "self": 56.191548940831126,
                                            "children": {
                                                "run_training.setup": {
                                                    "total": 0.0,
                                                    "count": 0,