{
    "name": "root",
    "gauges": {
        "HealthcareDDA.Policy.Entropy.mean": {
            "value": 0.018316149711608887,
            "min": 0.01805434189736843,
            "max": 1.5703611373901367,
            "count": 50
        },
        "HealthcareDDA.Policy.Entropy.sum": {
            "value": 18.169620513916016,
            "min": 18.169620513916016,
            "max": 1582.924072265625,
            "count": 50
        },
        "HealthcareDDA.Environment.EpisodeLength.mean": {
            "value": 3.0,
            "min": 3.0,
            "max": 3.0,
            "count": 50
        },
        "HealthcareDDA.Environment.EpisodeLength.sum": {
            "value": 744.0,
            "min": 744.0,
            "max": 756.0,
            "count": 50
        },
        "HealthcareDDA.Step.mean": {
            "value": 49996.0,
            "min": 996.0,
            "max": 49996.0,
            "count": 50
        },
        "HealthcareDDA.Step.sum": {
            "value": 49996.0,
            "min": 996.0,
            "max": 49996.0,
            "count": 50
        },
        "HealthcareDDA.Policy.ExtrinsicValueEstimate.mean": {
            "value": 1.8575634956359863,
            "min": 0.35939326882362366,
            "max": 1.945793867111206,
            "count": 50
        },
        "HealthcareDDA.Policy.ExtrinsicValueEstimate.sum": {
            "value": 464.390869140625,
            "min": 89.48892211914062,
            "max": 486.4484558105469,
            "count": 50
        },
        "HealthcareDDA.Environment.CumulativeReward.mean": {
            "value": 2.864434660434723,
            "min": 1.494317677126352,
            "max": 2.9585037636756897,
            "count": 50
        },
        "HealthcareDDA.Environment.CumulativeReward.sum": {
            "value": 716.1086651086807,
            "min": 372.08510160446167,
            "max": 739.6259409189224,
            "count": 50
        },
        "HealthcareDDA.Policy.ExtrinsicReward.mean": {
            "value": 2.864434660434723,
            "min": 1.494317677126352,
            "max": 2.9585037636756897,
            "count": 50
        },
        "HealthcareDDA.Policy.ExtrinsicReward.sum": {
            "value": 716.1086651086807,
            "min": 372.08510160446167,
            "max": 739.6259409189224,
            "count": 50
        },
        "HealthcareDDA.Losses.PolicyLoss.mean": {
            "value": 0.0849358243867755,
            "min": 0.05944851364862795,
            "max": 0.12427461197754988,
            "count": 50
        },
        "HealthcareDDA.Losses.PolicyLoss.sum": {
            "value": 0.169871648773551,
            "min": 0.07105529059966405,
            "max": 0.24854922395509976,
            "count": 50
        },
        "HealthcareDDA.Losses.ValueLoss.mean": {
            "value": 0.33214686407397187,
            "min": 0.2881330999856194,
            "max": 0.532384297500054,
            "count": 50
        },
        "HealthcareDDA.Losses.ValueLoss.sum": {
            "value": 0.6642937281479437,
            "min": 0.31540857317547005,
            "max": 0.9034738714496295,
            "count": 50
        },
        "HealthcareDDA.Policy.LearningRate.mean": {
            "value": 6.32009873600002e-06,
            "min": 6.32009873600002e-06,
            "max": 0.000494720001056,
            "count": 50
        },
        "HealthcareDDA.Policy.LearningRate.sum": {
            "value": 1.264019747200004e-05,
            "min": 1.264019747200004e-05,
            "max": 0.00097360000528,
            "count": 50
        },
        "HealthcareDDA.Policy.Epsilon.mean": {
            "value": 0.10379200000000002,
            "min": 0.10379200000000002,
            "max": 0.3968320000000001,
            "count": 50
        },
        "HealthcareDDA.Policy.Epsilon.sum": {
            "value": 0.20758400000000005,
            "min": 0.11488,
            "max": 0.78416,
            "count": 50
        },
        "HealthcareDDA.Policy.Beta.mean": {
            "value": 0.0001362736000000004,
            "min": 0.0001362736000000004,
            "max": 0.0098945056,
            "count": 50
        },
        "HealthcareDDA.Policy.Beta.sum": {
            "value": 0.0002725472000000008,
            "min": 0.0002725472000000008,
            "max": 0.019472528,
            "count": 50
        },
        "HealthcareDDA.IsTraining.mean": {
            "value": 1.0,
            "min": 1.0,
            "max": 1.0,
            "count": 50
        },
        "HealthcareDDA.IsTraining.sum": {
            "value": 1.0,
            "min": 1.0,
            "max": 1.0,
            "count": 50
        }
    },
    "metadata": {
        "timer_format_version": "0.1.0",
        "start_time_seconds": "1747847368",
        "python_version": "3.10.12 (main, Jan  5 2025, 23:12:11) [GCC 14.1.1 20240522]",
        "command_line_arguments": "/home/samgomes/Documents/doutoramento/projects/iProlepsis/reps/healthcare-dda-mlagent/python-venv/bin/mlagents-learn config/ppo/HealthcareDDA.yaml --run-id=PPO_TK_Flares_HC3 --force",
        "mlagents_version": "1.0.0",
        "mlagents_envs_version": "1.1.0",
        "communication_protocol_version": "1.5.0",
        "pytorch_version": "2.2.2+cu121",
        "numpy_version": "1.23.5",
        "end_time_seconds": "1747847499"
    },
    "total": 131.4681280079967,
    "count": 1,
    "self": 0.0123217129985278,
    "children": {
        "run_training.setup": {
            "total": 0.022534314997756155,
            "count": 1,
            "self": 0.022534314997756155
        },
        "TrainerController.start_learning": {
            "total": 131.43327198000043,
            "count": 1,
            "self": 0.31711091207762365,
            "children": {
                "TrainerController._reset_env": {
                    "total": 10.792435179002496,
                    "count": 1,
                    "self": 10.792435179002496
                },
                "TrainerController.advance": {
                    "total": 120.26130230192211,
                    "count": 12504,
                    "self": 0.317065515788272,
                    "children": {
                        "env_step": {
                            "total": 69.86943533099839,
                            "count": 12504,
                            "self": 51.79135973891243,
                            "children": {
                                "SubprocessEnvManager._take_step": {
                                    "total": 17.89863851805785,
                                    "count": 12504,
                                    "self": 0.7988753431382065,
                                    "children": {
                                        "TorchPolicy.evaluate": {
                                            "total": 17.099763174919644,
                                            "count": 12504,
                                            "self": 17.099763174919644
                                        }
                                    }
                                },
                                "workers": {
                                    "total": 0.17943707402810105,
                                    "count": 12504,
                                    "self": 0.0,
                                    "children": {
                                        "worker_root": {
                                            "total": 130.9650479111624,
                                            "count": 12504,
                                            "is_parallel": true,
                                            "self": 94.07527100703373,
                                            "children": {
                                                "run_training.setup": {
                                                    "total": 0.0,
                                                    "count": 0,