{
    "name": "root",
    "gauges": {
        "HealthcareDDA.Policy.Entropy.mean": {
            "value": 0.0014067684533074498,
            "min": 0.0009769018506631255,
            "max": 1.5789328813552856,
            "count": 50
        },
        "HealthcareDDA.Policy.Entropy.sum": {
            "value": 1.3955142498016357,
            "min": 0.9690865874290466,
            "max": 1591.5643310546875,
            "count": 50
        },
        "HealthcareDDA.Environment.EpisodeLength.mean": {
            "value": 3.0,
            "min": 3.0,
            "max": 3.0,
            "count": 50
        },
        "HealthcareDDA.Environment.EpisodeLength.sum": {
            "value": 744.0,
            "min": 744.0,
            "max": 756.0,
            "count": 50
        },
        "HealthcareDDA.Step.mean": {
            "value": 49996.0,
            "min": 996.0,
            "max": 49996.0,
            "count": 50
        },
        "HealthcareDDA.Step.sum": {
            "value": 49996.0,
            "min": 996.0,
            "max": 49996.0,
            "count": 50
        },
        "HealthcareDDA.Policy.ExtrinsicValueEstimate.mean": {
            "value": 2.8646275997161865,
            "min": 0.38272079825401306,
            "max": 3.00673246383667,
            "count": 50
        },
        "HealthcareDDA.Policy.ExtrinsicValueEstimate.sum": {
            "value": 716.1569213867188,
            "min": 95.29747772216797,
            "max": 751.68310546875,
            "count": 50
        },
        "HealthcareDDA.Environment.CumulativeReward.mean": {
            "value": 4.339764326572419,
            "min": 1.9427394938756184,
            "max": 4.532670219421386,
            "count": 50
        },
        "HealthcareDDA.Environment.CumulativeReward.sum": {
            "value": 1084.9410816431046,
            "min": 483.742133975029,
            "max": 1133.1675548553467,
            "count": 50
        },
        "HealthcareDDA.Policy.ExtrinsicReward.mean": {
            "value": 4.339764326572419,
            "min": 1.9427394938756184,
            "max": 4.532670219421386,
            "count": 50
        },
        "HealthcareDDA.Policy.ExtrinsicReward.sum": {
            "value": 1084.9410816431046,
            "min": 483.742133975029,
            "max": 1133.1675548553467,
            "count": 50
        },
        "HealthcareDDA.Losses.PolicyLoss.mean": {
            "value": 0.09451655624434352,
            "min": 0.07603145634251025,
            "max": 0.11249693591768542,
            "count": 50
        },
        "HealthcareDDA.Losses.PolicyLoss.sum": {
            "value": 0.18903311248868704,
            "min": 0.0793365677818656,
            "max": 0.22499387183537084,
            "count": 50
        },
        "HealthcareDDA.Losses.ValueLoss.mean": {
            "value": 0.7102522974212964,
            "min": 0.6643299826731284,
            "max": 1.0310137098034224,
            "count": 50
        },
        "HealthcareDDA.Losses.ValueLoss.sum": {
            "value": 1.4205045948425927,
            "min": 0.6829565986990929,
            "max": 2.062027419606845,
            "count": 50
        },
        "HealthcareDDA.Policy.LearningRate.mean": {
            "value": 0.0007500000000000001,
            "min": 0.0007500000000000001,
            "max": 0.0007500000000000001,
            "count": 50
        },
        "HealthcareDDA.Policy.LearningRate.sum": {
            "value": 0.0015000000000000002,
            "min": 0.0007500000000000001,
            "max": 0.0015000000000000002,
            "count": 50
        },
        "HealthcareDDA.Policy.Epsilon.mean": {
            "value": 0.3,
            "min": 0.3,
            "max": 0.3,
            "count": 50
        },
        "HealthcareDDA.Policy.Epsilon.sum": {
            "value": 0.6,
            "min": 0.3,
            "max": 0.6,
            "count": 50
        },
        "HealthcareDDA.Policy.Beta.mean": {
            "value": 0.01,
            "min": 0.01,
            "max": 0.01,
            "count": 50
        },
        "HealthcareDDA.Policy.Beta.sum": {
            "value": 0.02,
            "min": 0.01,
            "max": 0.02,
            "count": 50
        },
        "HealthcareDDA.IsTraining.mean": {
            "value": 1.0,
            "min": 1.0,
            "max": 1.0,
            "count": 50
        },
        "HealthcareDDA.IsTraining.sum": {
            "value": 1.0,
            "min": 1.0,
            "max": 1.0,
            "count": 50
        }
    },
    "metadata": {
        "timer_format_version": "0.1.0",
        "start_time_seconds": "1748008739",
        "python_version": "3.10.12 (main, Jan  5 2025, 23:12:11) [GCC 14.1.1 20240522]",
        "command_line_arguments": "/home/samgomes/Documents/doutoramento/projects/iProlepsis/reps/healthcare-dda-mlagent/python-venv/bin/mlagents-learn config/ppo/HealthcareDDA.yaml --run-id=PPO_TK_StatProf --force",
        "mlagents_version": "1.0.0",
        "mlagents_envs_version": "1.1.0",
        "communication_protocol_version": "1.5.0",
        "pytorch_version": "2.2.2+cu121",
        "numpy_version": "1.23.5",
        "end_time_seconds": "1748008860"
    },
    "total": 121.61628013100017,
    "count": 1,
    "self": 0.007408383000438334,
    "children": {
        "run_training.setup": {
            "total": 0.01620890599951963,
            "count": 1,
            "self": 0.01620890599951963
        },
        "TrainerController.start_learning": {
            "total": 121.59266284200021,
            "count": 1,
            "self": 0.30201455898532004,
            "children": {
                "TrainerController._reset_env": {
                    "total": 7.723357930999555,
                    "count": 1,
                    "self": 7.723357930999555
                },
                "TrainerController.advance": {
                    "total": 113.50514145001398,
                    "count": 12504,
                    "self": 0.29017648603803536,
                    "children": {
                        "env_step": {
                            "total": 65.57773842412826,
                            "count": 12504,
                            "self": 48.49792926315786,
                            "children": {
                                "SubprocessEnvManager._take_step": {
                                    "total": 16.912542543976087,
                                    "count": 12504,
                                    "self": 0.745540310994329,
                                    "children": {
                                        "TorchPolicy.evaluate": {
                                            "total": 16.16700223298176,
                                            "count": 12504,
                                            "self": 16.16700223298176
                                        }
                                    }
                                },
                                "workers": {
                                    "total": 0.16726661699431133,
                                    "count": 12504,
                                    "self": 0.0,
                                    "children": {
                                        "worker_root": {
                                            "total": 121.13590184995337,
                                            "count": 12504,
                                            "is_parallel": true,
                                            "self": 86.43266323798889,
                                            "children": {
                                                "run_training.setup": {
                                                    "total": 0.0,
                                                    "count": 0,
                                                    "is_parallel": true,
                                                    "self": 0.0,