{
    "name": "root",
    "gauges": {
        "HealthcareDDA.Policy.Entropy.mean": {
            "value": 0.0053022815845906734,
            "min": 0.0053022815845906734,
            "max": 1.0985300540924072,
            "count": 9
        },
        "HealthcareDDA.Policy.Entropy.sum": {
            "value": 5.249258995056152,
            "min": 5.249258995056152,
            "max": 1104.022705078125,
            "count": 9
        },
        "HealthcareDDA.Environment.EpisodeLength.mean": {
            "value": 2.0,
            "min": 2.0,
            "max": 2.0,
            "count": 9
        },
        "HealthcareDDA.Environment.EpisodeLength.sum": {
            "value": 660.0,
            "min": 660.0,
            "max": 670.0,
            "count": 9
        },
        "HealthcareDDA.Step.mean": {
            "value": 8997.0,
            "min": 999.0,
            "max": 8997.0,
            "count": 9
        },
        "HealthcareDDA.Step.sum": {
            "value": 8997.0,
            "min": 999.0,
            "max": 8997.0,
            "count": 9
        },
        "HealthcareDDA.Policy.ExtrinsicValueEstimate.mean": {
            "value": 0.258314311504364,
            "min": 0.11260966956615448,
            "max": 0.258314311504364,
            "count": 9
        },
        "HealthcareDDA.Policy.ExtrinsicValueEstimate.sum": {
            "value": 86.01866912841797,
            "min": 37.499019622802734,
            "max": 86.01866912841797,
            "count": 9
        },
        "HealthcareDDA.Environment.CumulativeReward.mean": {
            "value": 0.27167541003442025,
            "min": 0.2560491484027725,
            "max": 0.27167541003442025,
            "count": 9
        },
        "HealthcareDDA.Environment.CumulativeReward.sum": {
            "value": 90.46791154146194,
            "min": 85.26436641812325,
            "max": 90.46791154146194,
            "count": 9
        },
        "HealthcareDDA.Policy.ExtrinsicReward.mean": {
            "value": 0.27167541003442025,
            "min": 0.2560491484027725,
            "max": 0.27167541003442025,
            "count": 9
        },
        "HealthcareDDA.Policy.ExtrinsicReward.sum": {
            "value": 90.46791154146194,
            "min": 85.26436641812325,
            "max": 90.46791154146194,
            "count": 9
        },
        "HealthcareDDA.Losses.PolicyLoss.mean": {
            "value": 0.14027540486616394,
            "min": 0.11780481623847865,
            "max": 0.15262139099650085,
            "count": 9
        },
        "HealthcareDDA.Losses.PolicyLoss.sum": {
            "value": 0.5611016194646558,
            "min": 0.3534144487154359,
            "max": 0.5611016194646558,
            "count": 9
        },
        "HealthcareDDA.Losses.ValueLoss.mean": {
            "value": 2.5939516320091133e-07,
            "min": 2.5939516320091133e-07,
            "max": 0.01774249147597907,
            "count": 9
        },
        "HealthcareDDA.Losses.ValueLoss.sum": {
            "value": 1.0375806528036453e-06,
            "min": 1.0375806528036453e-06,
            "max": 0.05322747442793722,
            "count": 9
        },
        "HealthcareDDA.Policy.LearningRate.mean": {
            "value": 9.57475042525e-05,
            "min": 9.57475042525e-05,
            "max": 9.973000027000001e-05,
            "count": 9
        },
        "HealthcareDDA.Policy.LearningRate.sum": {
            "value": 0.00038299001701,
            "min": 0.00029028000972,
            "max": 0.00039703000297,
            "count": 9
        },
        "HealthcareDDA.Policy.Epsilon.mean": {
            "value": 0.38724250000000005,
            "min": 0.38724250000000005,
            "max": 0.39919,
            "count": 9
        },
        "HealthcareDDA.Policy.Epsilon.sum": {
            "value": 1.5489700000000002,
            "min": 1.1708400000000003,
            "max": 1.5910900000000003,
            "count": 9
        },
        "HealthcareDDA.Policy.Beta.mean": {
            "value": 0.009575175250000002,
            "min": 0.009575175250000002,
            "max": 0.009973027,
            "count": 9
        },
        "HealthcareDDA.Policy.Beta.sum": {
            "value": 0.038300701000000006,
            "min": 0.029028972,
            "max": 0.039703297,
            "count": 9
        },
        "HealthcareDDA.IsTraining.mean": {
            "value": 1.0,
            "min": 1.0,
            "max": 1.0,
            "count": 9
        },
        "HealthcareDDA.IsTraining.sum": {
            "value": 1.0,
            "min": 1.0,
            "max": 1.0,
            "count": 9
        }
    },
    "metadata": {
        "timer_format_version": "0.1.0",
        "start_time_seconds": "1741008021",
        "python_version": "3.10.12 (main, Jan  5 2025, 23:12:11) [GCC 14.1.1 20240522]",
        "command_line_arguments": "/home/samgomes/Documents/doutoramento/projects/iProlepsis/reps/healthcare-dda-mlagent/python-venv/bin/mlagents-learn config/ppo/HealthcareDDA.yaml --run-id=firstHealthcareDDARun --force",
        "mlagents_version": "1.1.0",
        "mlagents_envs_version": "1.1.0",
        "communication_protocol_version": "1.5.0",
        "pytorch_version": "2.2.2+cu121",
        "numpy_version": "1.23.5",
        "end_time_seconds": "1741008115"
    },
    "total": 93.23458726999888,
    "count": 1,
    "self": 0.005979349998597172,
    "children": {
        "run_training.setup": {
            "total": 0.01549838400023873,
            "count": 1,
            "self": 0.01549838400023873
        },
        "TrainerController.start_learning": {
            "total": 93.21310953600005,
            "count": 1,
            "self": 0.0465592290256609,
            "children": {
                "TrainerController._reset_env": {
                    "total": 8.379512044999501,
                    "count": 1,
                    "self": 8.379512044999501
                },
                "TrainerController.advance": {
                    "total": 84.72739999597434,
                    "count": 1851,
                    "self": 0.042882165986156906,
                    "children": {
                        "env_step": {
                            "total": 73.57320080700083,
                            "count": 1851,
                            "self": 71.16069807304484,
                            "children": {
                                "SubprocessEnvManager._take_step": {
                                    "total": 2.3858977840063744,
                                    "count": 1851,
                                    "self": 0.11307268211021437,
                                    "children": {
                                        "TorchPolicy.evaluate": {
                                            "total": 2.27282510189616,
                                            "count": 1851,
                                            "self": 2.27282510189616
                                        }
                                    }
                                },
                                "workers": {
                                    "total": 0.02660494994961482,
                                    "count": 1850,
                                    "self": 0.0,
                                    "children": {
                                        "worker_root": {
                                            "total": 33.00487094904565,
                                            "count": 1850,
                                            "is_parallel": true,
                                            "self": 24.196245668008487,
                                            "children": {
                                                "run_training.setup": {
                                                    "total": 0.0,
                                                    "count": 0,
                                                    "is_parallel": true,