{
    "name": "root",
    "gauges": {
        "HealthcareDDA.Policy.Entropy.mean": {
            "value": 0.007343444973230362,
            "min": 0.0061884610913693905,
            "max": 1.3831528425216675,
            "count": 69
        },
        "HealthcareDDA.Policy.Entropy.sum": {
            "value": 7.34344482421875,
            "min": 6.1884613037109375,
            "max": 1383.15283203125,
            "count": 69
        },
        "HealthcareDDA.Environment.EpisodeLength.mean": {
            "value": 9.0,
            "min": 9.0,
            "max": 9.0,
            "count": 69
        },
        "HealthcareDDA.Environment.EpisodeLength.sum": {
            "value": 900.0,
            "min": 900.0,
            "max": 900.0,
            "count": 69
        },
        "HealthcareDDA.Step.mean": {
            "value": 68990.0,
            "min": 990.0,
            "max": 68990.0,
            "count": 69
        },
        "HealthcareDDA.Step.sum": {
            "value": 68990.0,
            "min": 990.0,
            "max": 68990.0,
            "count": 69
        },
        "HealthcareDDA.Policy.ExtrinsicValueEstimate.mean": {
            "value": 0.4822249114513397,
            "min": 0.12165537476539612,
            "max": 0.4947367012500763,
            "count": 69
        },
        "HealthcareDDA.Policy.ExtrinsicValueEstimate.sum": {
            "value": 48.22249221801758,
            "min": 12.043882369995117,
            "max": 49.473670959472656,
            "count": 69
        },
        "HealthcareDDA.Environment.CumulativeReward.mean": {
            "value": 0.6046111583709717,
            "min": 0.3955715063846473,
            "max": 0.6046111583709717,
            "count": 69
        },
        "HealthcareDDA.Environment.CumulativeReward.sum": {
            "value": 60.46111583709717,
            "min": 39.16157913208008,
            "max": 60.46111583709717,
            "count": 69
        },
        "HealthcareDDA.Policy.ExtrinsicReward.mean": {
            "value": 0.6046111583709717,
            "min": 0.3955715063846473,
            "max": 0.6046111583709717,
            "count": 69
        },
        "HealthcareDDA.Policy.ExtrinsicReward.sum": {
            "value": 60.46111583709717,
            "min": 39.16157913208008,
            "max": 60.46111583709717,
            "count": 69
        },
        "HealthcareDDA.Losses.PolicyLoss.mean": {
            "value": 0.12513570692160247,
            "min": 0.10530542920309084,
            "max": 0.16021925924966732,
            "count": 69
        },
        "HealthcareDDA.Losses.PolicyLoss.sum": {
            "value": 0.3754071207648074,
            "min": 0.3221292041794017,
            "max": 0.589435506819023,
            "count": 69
        },
        "HealthcareDDA.Losses.ValueLoss.mean": {
            "value": 0.0014441127581291914,
            "min": 0.0013858672155262787,
            "max": 0.021875379837037606,
            "count": 69
        },
        "HealthcareDDA.Losses.ValueLoss.sum": {
            "value": 0.004332338274387574,
            "min": 0.004157601646578836,
            "max": 0.06562613951111282,
            "count": 69
        },
        "HealthcareDDA.Policy.LearningRate.mean": {
            "value": 9.316000684000002e-05,
            "min": 9.316000684000002e-05,
            "max": 9.994000005999999e-05,
            "count": 69
        },
        "HealthcareDDA.Policy.LearningRate.sum": {
            "value": 0.00027948002052000006,
            "min": 0.00027948002052000006,
            "max": 0.00039862000138000004,
            "count": 69
        },
        "HealthcareDDA.Policy.Epsilon.mean": {
            "value": 0.37948000000000004,
            "min": 0.37948000000000004,
            "max": 0.39982000000000006,
            "count": 69
        },
        "HealthcareDDA.Policy.Epsilon.sum": {
            "value": 1.1384400000000001,
            "min": 1.1384400000000001,
            "max": 1.5958600000000003,
            "count": 69
        },
        "HealthcareDDA.Policy.Beta.mean": {
            "value": 0.009316684,
            "min": 0.009316684,
            "max": 0.009994006,
            "count": 69
        },
        "HealthcareDDA.Policy.Beta.sum": {
            "value": 0.027950052000000003,
            "min": 0.027950052000000003,
            "max": 0.039862138000000005,
            "count": 69
        },
        "HealthcareDDA.IsTraining.mean": {
            "value": 1.0,
            "min": 1.0,
            "max": 1.0,
            "count": 69
        },
        "HealthcareDDA.IsTraining.sum": {
            "value": 1.0,
            "min": 1.0,
            "max": 1.0,
            "count": 69
        }
    },
    "metadata": {
        "timer_format_version": "0.1.0",
        "start_time_seconds": "1741370313",
        "python_version": "3.10.12 (main, Jan  5 2025, 23:12:11) [GCC 14.1.1 20240522]",
        "command_line_arguments": "/home/samgomes/Documents/doutoramento/projects/iProlepsis/reps/healthcare-dda-mlagent/python-venv/bin/mlagents-learn config/ppo/HealthcareDDA.yaml --run-id=firstHealthcareDDARun --force",
        "mlagents_version": "1.1.0",
        "mlagents_envs_version": "1.1.0",
        "communication_protocol_version": "1.5.0",
        "pytorch_version": "2.2.2+cu121",
        "numpy_version": "1.23.5",
        "end_time_seconds": "1741370458"
    },
    "total": 144.3841912730004,
    "count": 1,
    "self": 0.006057880002117599,
    "children": {
        "run_training.setup": {
            "total": 0.020177868998871418,
            "count": 1,
            "self": 0.020177868998871418
        },
        "TrainerController.start_learning": {
            "total": 144.3579555239994,
            "count": 1,
            "self": 0.3216042610893055,
            "children": {
                "TrainerController._reset_env": {
                    "total": 8.43442413899902,
                    "count": 1,
                    "self": 8.43442413899902
                },
                "TrainerController.advance": {
                    "total": 135.54075668790938,
                    "count": 13984,
                    "self": 0.31627656689124706,
                    "children": {
                        "env_step": {
                            "total": 76.7983690659712,
                            "count": 13984,
                            "self": 58.96545244387562,
                            "children": {
                                "SubprocessEnvManager._take_step": {
                                    "total": 17.647943148054765,
                                    "count": 13984,
                                    "self": 0.8202324900230451,
                                    "children": {
                                        "TorchPolicy.evaluate": {
                                            "total": 16.82771065803172,
                                            "count": 13984,
                                            "self": 16.82771065803172
                                        }
                                    }
                                },
                                "workers": {
                                    "total": 0.18497347404081665,
                                    "count": 13983,
                                    "self": 0.0,
                                    "children": {
                                        "worker_root": {
                                            "total": 137.6274173580514,
                                            "count": 13983,
                                            "is_parallel": true,
                                            "self": 100.19402269587044,
                                            "children": {
                                                "run_training.setup": {
                                                    "total": 0.0,
                                                    "count": 0,