{
    "name": "root",
    "gauges": {
        "HealthcareDDA.Policy.Entropy.mean": {
            "value": 0.001647998346015811,
            "min": 0.0014602482551708817,
            "max": 1.6073791980743408,
            "count": 54
        },
        "HealthcareDDA.Policy.Entropy.sum": {
            "value": 1.647998332977295,
            "min": 1.4602482318878174,
            "max": 1607.379150390625,
            "count": 54
        },
        "HealthcareDDA.Environment.EpisodeLength.mean": {
            "value": 4.0,
            "min": 4.0,
            "max": 4.0,
            "count": 54
        },
        "HealthcareDDA.Environment.EpisodeLength.sum": {
            "value": 800.0,
            "min": 800.0,
            "max": 800.0,
            "count": 54
        },
        "HealthcareDDA.Step.mean": {
            "value": 53995.0,
            "min": 995.0,
            "max": 53995.0,
            "count": 54
        },
        "HealthcareDDA.Step.sum": {
            "value": 53995.0,
            "min": 995.0,
            "max": 53995.0,
            "count": 54
        },
        "HealthcareDDA.Policy.ExtrinsicValueEstimate.mean": {
            "value": 0.21072062849998474,
            "min": -0.002747341524809599,
            "max": 0.21258285641670227,
            "count": 54
        },
        "HealthcareDDA.Policy.ExtrinsicValueEstimate.sum": {
            "value": 42.144126892089844,
            "min": -0.5467209815979004,
            "max": 42.516571044921875,
            "count": 54
        },
        "HealthcareDDA.Environment.CumulativeReward.mean": {
            "value": 0.23169510774314403,
            "min": 0.12553342416807634,
            "max": 0.2334009473770857,
            "count": 54
        },
        "HealthcareDDA.Environment.CumulativeReward.sum": {
            "value": 46.33902154862881,
            "min": 24.981151409447193,
            "max": 46.68018947541714,
            "count": 54
        },
        "HealthcareDDA.Policy.ExtrinsicReward.mean": {
            "value": 0.23169510774314403,
            "min": 0.12553342416807634,
            "max": 0.2334009473770857,
            "count": 54
        },
        "HealthcareDDA.Policy.ExtrinsicReward.sum": {
            "value": 46.33902154862881,
            "min": 24.981151409447193,
            "max": 46.68018947541714,
            "count": 54
        },
        "HealthcareDDA.Losses.PolicyLoss.mean": {
            "value": 0.13538460350052145,
            "min": 0.11027945882071638,
            "max": 0.15044150485967597,
            "count": 54
        },
        "HealthcareDDA.Losses.PolicyLoss.sum": {
            "value": 0.5415384140020858,
            "min": 0.33083837646214914,
            "max": 0.6017660194387039,
            "count": 54
        },
        "HealthcareDDA.Losses.ValueLoss.mean": {
            "value": 0.00021332720242147235,
            "min": 0.0001869008715402742,
            "max": 0.010914351677961854,
            "count": 54
        },
        "HealthcareDDA.Losses.ValueLoss.sum": {
            "value": 0.0008533088096858894,
            "min": 0.0005856975149072241,
            "max": 0.03274305503388556,
            "count": 54
        },
        "HealthcareDDA.Policy.LearningRate.mean": {
            "value": 9.465700534300001e-05,
            "min": 9.465700534300001e-05,
            "max": 9.9948000052e-05,
            "count": 54
        },
        "HealthcareDDA.Policy.LearningRate.sum": {
            "value": 0.00037862802137200003,
            "min": 0.000284556015444,
            "max": 0.000399428000572,
            "count": 54
        },
        "HealthcareDDA.Policy.Epsilon.mean": {
            "value": 0.38397100000000006,
            "min": 0.38397100000000006,
            "max": 0.39984400000000003,
            "count": 54
        },
        "HealthcareDDA.Policy.Epsilon.sum": {
            "value": 1.5358840000000002,
            "min": 1.1536680000000001,
            "max": 1.5982840000000003,
            "count": 54
        },
        "HealthcareDDA.Policy.Beta.mean": {
            "value": 0.009466234300000001,
            "min": 0.009466234300000001,
            "max": 0.0099948052,
            "count": 54
        },
        "HealthcareDDA.Policy.Beta.sum": {
            "value": 0.037864937200000004,
            "min": 0.028457144400000002,
            "max": 0.0399428572,
            "count": 54
        },
        "HealthcareDDA.IsTraining.mean": {
            "value": 1.0,
            "min": 1.0,
            "max": 1.0,
            "count": 54
        },
        "HealthcareDDA.IsTraining.sum": {
            "value": 1.0,
            "min": 1.0,
            "max": 1.0,
            "count": 54
        }
    },
    "metadata": {
        "timer_format_version": "0.1.0",
        "start_time_seconds": "1743442509",
        "python_version": "3.10.12 (main, Jan  5 2025, 23:12:11) [GCC 14.1.1 20240522]",
        "command_line_arguments": "/home/samgomes/Documents/doutoramento/projects/iProlepsis/reps/healthcare-dda-mlagent/python-venv/bin/mlagents-learn config/ppo/HealthcareDDA.yaml --run-id=firstHealthcareDDARun --force",
        "mlagents_version": "1.1.0",
        "mlagents_envs_version": "1.1.0",
        "communication_protocol_version": "1.5.0",
        "pytorch_version": "2.2.2+cu121",
        "numpy_version": "1.23.5",
        "end_time_seconds": "1743442752"
    },
    "total": 242.15443921800033,
    "count": 1,
    "self": 0.013082289002340985,
    "children": {
        "run_training.setup": {
            "total": 0.02559393000046839,
            "count": 1,
            "self": 0.02559393000046839
        },
        "TrainerController.start_learning": {
            "total": 242.11576299899752,
            "count": 1,
            "self": 0.4133744279752136,
            "children": {
                "TrainerController._reset_env": {
                    "total": 11.419574938998267,
                    "count": 1,
                    "self": 11.419574938998267
                },
                "TrainerController.advance": {
                    "total": 230.1018421270237,
                    "count": 13650,
                    "self": 0.40659084768776665,
                    "children": {
                        "env_step": {
                            "total": 147.19267619924358,
                            "count": 13650,
                            "self": 121.79820703189398,
                            "children": {
                                "SubprocessEnvManager._take_step": {
                                    "total": 25.154083267287206,
                                    "count": 13650,
                                    "self": 1.1595630103511212,
                                    "children": {
                                        "TorchPolicy.evaluate": {
                                            "total": 23.994520256936084,
                                            "count": 13650,
                                            "self": 23.994520256936084
                                        }
                                    }
                                },
                                "workers": {
                                    "total": 0.24038590006239247,
                                    "count": 13650,
                                    "self": 0.0,
                                    "children": {
                                        "worker_root": {
                                            "total": 241.2450345851248,
                                            "count": 13650,
                                            "is_parallel": true,
                                            "self": 140.17705452510563,
                                            "children": {
                                                "run_training.setup": {
                                                    "total": 0.0,