{
    "name": "root",
    "gauges": {
        "HealthcareDDA.Policy.Entropy.mean": {
            "value": 1.374840497970581,
            "min": 0.8293376564979553,
            "max": 1.385036587715149,
            "count": 27
        },
        "HealthcareDDA.Policy.Entropy.sum": {
            "value": 1374.8404541015625,
            "min": 829.337646484375,
            "max": 1385.03662109375,
            "count": 27
        },
        "HealthcareDDA.Environment.EpisodeLength.mean": {
            "value": 3.0,
            "min": 3.0,
            "max": 3.0,
            "count": 27
        },
        "HealthcareDDA.Environment.EpisodeLength.sum": {
            "value": 750.0,
            "min": 750.0,
            "max": 750.0,
            "count": 27
        },
        "HealthcareDDA.Step.mean": {
            "value": 26996.0,
            "min": 996.0,
            "max": 26996.0,
            "count": 27
        },
        "HealthcareDDA.Step.sum": {
            "value": 26996.0,
            "min": 996.0,
            "max": 26996.0,
            "count": 27
        },
        "HealthcareDDA.Policy.ExtrinsicValueEstimate.mean": {
            "value": 2321.384765625,
            "min": 2.4315109252929688,
            "max": 2321.384765625,
            "count": 27
        },
        "HealthcareDDA.Policy.ExtrinsicValueEstimate.sum": {
            "value": 580346.1875,
            "min": 605.4462280273438,
            "max": 580346.1875,
            "count": 27
        },
        "HealthcareDDA.Environment.CumulativeReward.mean": {
            "value": 2538.686125,
            "min": 45.40304003973084,
            "max": 2538.686125,
            "count": 27
        },
        "HealthcareDDA.Environment.CumulativeReward.sum": {
            "value": 634671.53125,
            "min": 11305.356969892979,
            "max": 634671.53125,
            "count": 27
        },
        "HealthcareDDA.Policy.ExtrinsicReward.mean": {
            "value": 2538.686125,
            "min": 45.40304003973084,
            "max": 2538.686125,
            "count": 27
        },
        "HealthcareDDA.Policy.ExtrinsicReward.sum": {
            "value": 634671.53125,
            "min": 11305.356969892979,
            "max": 634671.53125,
            "count": 27
        },
        "HealthcareDDA.Losses.PolicyLoss.mean": {
            "value": 0.13792453542312919,
            "min": 0.10836968533436044,
            "max": 0.15746240077229837,
            "count": 27
        },
        "HealthcareDDA.Losses.PolicyLoss.sum": {
            "value": 0.5516981416925167,
            "min": 0.3251090560030813,
            "max": 0.6298496030891935,
            "count": 27
        },
        "HealthcareDDA.Losses.ValueLoss.mean": {
            "value": 6988.986551920573,
            "min": 1100.9857156541614,
            "max": 41495.92771402995,
            "count": 27
        },
        "HealthcareDDA.Losses.ValueLoss.sum": {
            "value": 27955.946207682293,
            "min": 3302.957146962484,
            "max": 165983.7108561198,
            "count": 27
        },
        "HealthcareDDA.Policy.LearningRate.mean": {
            "value": 8.6805013195e-05,
            "min": 8.6805013195e-05,
            "max": 9.974000026e-05,
            "count": 27
        },
        "HealthcareDDA.Policy.LearningRate.sum": {
            "value": 0.00034722005278,
            "min": 0.00026178003822,
            "max": 0.00039714000286000003,
            "count": 27
        },
        "HealthcareDDA.Policy.Epsilon.mean": {
            "value": 0.360415,
            "min": 0.360415,
            "max": 0.39921999999999996,
            "count": 27
        },
        "HealthcareDDA.Policy.Epsilon.sum": {
            "value": 1.44166,
            "min": 1.0853400000000002,
            "max": 1.59142,
            "count": 27
        },
        "HealthcareDDA.Policy.Beta.mean": {
            "value": 0.008681819499999998,
            "min": 0.008681819499999998,
            "max": 0.009974025999999999,
            "count": 27
        },
        "HealthcareDDA.Policy.Beta.sum": {
            "value": 0.03472727799999999,
            "min": 0.026181822,
            "max": 0.039714286,
            "count": 27
        },
        "HealthcareDDA.IsTraining.mean": {
            "value": 1.0,
            "min": 1.0,
            "max": 1.0,
            "count": 27
        },
        "HealthcareDDA.IsTraining.sum": {
            "value": 1.0,
            "min": 1.0,
            "max": 1.0,
            "count": 27
        }
    },
    "metadata": {
        "timer_format_version": "0.1.0",
        "start_time_seconds": "1741017114",
        "python_version": "3.10.12 (main, Jan  5 2025, 23:12:11) [GCC 14.1.1 20240522]",
        "command_line_arguments": "/home/samgomes/Documents/doutoramento/projects/iProlepsis/reps/healthcare-dda-mlagent/python-venv/bin/mlagents-learn config/ppo/HealthcareDDA.yaml --run-id=firstHealthcareDDARun --force",
        "mlagents_version": "1.1.0",
        "mlagents_envs_version": "1.1.0",
        "communication_protocol_version": "1.5.0",
        "pytorch_version": "2.2.2+cu121",
        "numpy_version": "1.23.5",
        "end_time_seconds": "1741017217"
    },
    "total": 102.47581230599826,
    "count": 1,
    "self": 0.005849985998793272,
    "children": {
        "run_training.setup": {
            "total": 0.017008257000270532,
            "count": 1,
            "self": 0.017008257000270532
        },
        "TrainerController.start_learning": {
            "total": 102.4529540629992,
            "count": 1,
            "self": 0.128881688171532,
            "children": {
                "TrainerController._reset_env": {
                    "total": 33.86960365900086,
                    "count": 1,
                    "self": 33.86960365900086
                },
                "TrainerController.advance": {
                    "total": 68.37602017982499,
                    "count": 5421,
                    "self": 0.12601314003040898,
                    "children": {
                        "env_step": {
                            "total": 38.50394955278898,
                            "count": 5421,
                            "self": 31.41965503251413,
                            "children": {
                                "SubprocessEnvManager._take_step": {
                                    "total": 7.0108031741692685,
                                    "count": 5421,
                                    "self": 0.3268744942251942,
                                    "children": {
                                        "TorchPolicy.evaluate": {
                                            "total": 6.683928679944074,
                                            "count": 5421,
                                            "self": 6.683928679944074
                                        }
                                    }
                                },
                                "workers": {
                                    "total": 0.07349134610558394,
                                    "count": 5420,
                                    "self": 0.0,
                                    "children": {
                                        "worker_root": {
                                            "total": 102.19515863603738,
                                            "count": 5420,
                                            "is_parallel": true,
                                            "self": 77.28228903897616,
                                            "children": {
                                                "run_training.setup": {
                                                    "total": 0.0,
                                                    "count": 0,
                                                    "is_parallel": true,
                                                    "self": 0.0,