{
    "name": "root",
    "gauges": {
        "HealthcareDDA.Policy.Entropy.mean": {
            "value": 0.8072839379310608,
            "min": 0.6068236231803894,
            "max": 1.3829084634780884,
            "count": 149
        },
        "HealthcareDDA.Policy.Entropy.sum": {
            "value": 774.9925537109375,
            "min": 582.5506591796875,
            "max": 1493.5411376953125,
            "count": 149
        },
        "HealthcareDDA.Step.mean": {
            "value": 148980.0,
            "min": 990.0,
            "max": 148980.0,
            "count": 149
        },
        "HealthcareDDA.Step.sum": {
            "value": 148980.0,
            "min": 990.0,
            "max": 148980.0,
            "count": 149
        },
        "HealthcareDDA.Policy.ExtrinsicValueEstimate.mean": {
            "value": 0.04306661710143089,
            "min": -0.04593808203935623,
            "max": 0.06981047987937927,
            "count": 149
        },
        "HealthcareDDA.Policy.ExtrinsicValueEstimate.sum": {
            "value": 1.4211983680725098,
            "min": -1.5159567594528198,
            "max": 2.303745746612549,
            "count": 149
        },
        "HealthcareDDA.Losses.PolicyLoss.mean": {
            "value": 0.13433281495941407,
            "min": 0.11193962460101553,
            "max": 0.16259237924459005,
            "count": 149
        },
        "HealthcareDDA.Losses.PolicyLoss.sum": {
            "value": 0.26866562991882814,
            "min": 0.22387924920203106,
            "max": 0.4877771377337701,
            "count": 149
        },
        "HealthcareDDA.Losses.ValueLoss.mean": {
            "value": 0.0009079086222768776,
            "min": 0.0006261183891844914,
            "max": 0.011040932809313137,
            "count": 149
        },
        "HealthcareDDA.Losses.ValueLoss.sum": {
            "value": 0.0018158172445537552,
            "min": 0.0012522367783689829,
            "max": 0.022081865618626274,
            "count": 149
        },
        "HealthcareDDA.Policy.LearningRate.mean": {
            "value": 8.515001485000001e-05,
            "min": 8.515001485000001e-05,
            "max": 9.9946000054e-05,
            "count": 149
        },
        "HealthcareDDA.Policy.LearningRate.sum": {
            "value": 0.00017030002970000002,
            "min": 0.00017030002970000002,
            "max": 0.000299568000432,
            "count": 149
        },
        "HealthcareDDA.Policy.Epsilon.mean": {
            "value": 0.35545000000000004,
            "min": 0.35545000000000004,
            "max": 0.399838,
            "count": 149
        },
        "HealthcareDDA.Policy.Epsilon.sum": {
            "value": 0.7109000000000001,
            "min": 0.7109000000000001,
            "max": 1.1987040000000002,
            "count": 149
        },
        "HealthcareDDA.Policy.Beta.mean": {
            "value": 0.008516485,
            "min": 0.008516485,
            "max": 0.0099946054,
            "count": 149
        },
        "HealthcareDDA.Policy.Beta.sum": {
            "value": 0.01703297,
            "min": 0.01703297,
            "max": 0.0299568432,
            "count": 149
        },
        "HealthcareDDA.Environment.EpisodeLength.mean": {
            "value": 119.0,
            "min": 119.0,
            "max": 119.0,
            "count": 149
        },
        "HealthcareDDA.Environment.EpisodeLength.sum": {
            "value": 952.0,
            "min": 952.0,
            "max": 1428.0,
            "count": 149
        },
        "HealthcareDDA.Environment.CumulativeReward.mean": {
            "value": 0.2124807294458151,
            "min": 0.17214101552963257,
            "max": 0.4094255901873112,
            "count": 149
        },
        "HealthcareDDA.Environment.CumulativeReward.sum": {
            "value": 1.6998458355665207,
            "min": 1.3771281242370605,
            "max": 3.2754047214984894,
            "count": 149
        },
        "HealthcareDDA.Policy.ExtrinsicReward.mean": {
            "value": 0.2124807294458151,
            "min": 0.17214101552963257,
            "max": 0.4094255901873112,
            "count": 149
        },
        "HealthcareDDA.Policy.ExtrinsicReward.sum": {
            "value": 1.6998458355665207,
            "min": 1.3771281242370605,
            "max": 3.2754047214984894,
            "count": 149
        },
        "HealthcareDDA.IsTraining.mean": {
            "value": 1.0,
            "min": 1.0,
            "max": 1.0,
            "count": 149
        },
        "HealthcareDDA.IsTraining.sum": {
            "value": 1.0,
            "min": 1.0,
            "max": 1.0,
            "count": 149
        }
    },
    "metadata": {
        "timer_format_version": "0.1.0",
        "start_time_seconds": "1743117518",
        "python_version": "3.10.12 (main, Jan  5 2025, 23:12:11) [GCC 14.1.1 20240522]",
        "command_line_arguments": "/home/samgomes/Documents/doutoramento/projects/iProlepsis/reps/healthcare-dda-mlagent/python-venv/bin/mlagents-learn config/ppo/HealthcareDDA.yaml --run-id=firstHealthcareDDARun --force",
        "mlagents_version": "1.1.0",
        "mlagents_envs_version": "1.1.0",
        "communication_protocol_version": "1.5.0",
        "pytorch_version": "2.2.2+cu121",
        "numpy_version": "1.23.5",
        "end_time_seconds": "1743117826"
    },
    "total": 308.57274752100057,
    "count": 1,
    "self": 0.006101336002757307,
    "children": {
        "run_training.setup": {
            "total": 0.01677577899681637,
            "count": 1,
            "self": 0.01677577899681637
        },
        "TrainerController.start_learning": {
            "total": 308.549870406001,
            "count": 1,
            "self": 0.81381759740907,
            "children": {
                "TrainerController._reset_env": {
                    "total": 7.187099978000333,
                    "count": 1,
                    "self": 7.187099978000333
                },
                "TrainerController.advance": {
                    "total": 300.4812210685923,
                    "count": 37334,
                    "self": 0.7799847494752612,
                    "children": {
                        "env_step": {
                            "total": 181.90872859044612,
                            "count": 37334,
                            "self": 132.13958160200855,
                            "children": {
                                "SubprocessEnvManager._take_step": {
                                    "total": 49.281360484150355,
                                    "count": 37334,
                                    "self": 2.211703635417507,
                                    "children": {
                                        "TorchPolicy.evaluate": {
                                            "total": 47.06965684873285,
                                            "count": 37334,
                                            "self": 47.06965684873285
                                        }
                                    }
                                },
                                "workers": {
                                    "total": 0.4877865042872145,
                                    "count": 37333,
                                    "self": 0.0,
                                    "children": {
                                        "worker_root": {
                                            "total": 304.9529816097711,
                                            "count": 37333,
                                            "is_parallel": true,
                                            "self": 214.0146916605372,
                                            "children": {
                                                "run_training.setup": {
                                                    "total": 0.0,
                                                    "count": 0,