{
    "name": "root",
    "gauges": {
        "HealthcareDDA.Policy.Entropy.mean": {
            "value": 0.003260060679167509,
            "min": 0.0028494205325841904,
            "max": 1.5481666326522827,
            "count": 50
        },
        "HealthcareDDA.Policy.Entropy.sum": {
            "value": 3.233980178833008,
            "min": 2.826625108718872,
            "max": 1560.552001953125,
            "count": 50
        },
        "HealthcareDDA.Environment.EpisodeLength.mean": {
            "value": 3.0,
            "min": 3.0,
            "max": 3.0,
            "count": 50
        },
        "HealthcareDDA.Environment.EpisodeLength.sum": {
            "value": 744.0,
            "min": 744.0,
            "max": 756.0,
            "count": 50
        },
        "HealthcareDDA.Step.mean": {
            "value": 49996.0,
            "min": 996.0,
            "max": 49996.0,
            "count": 50
        },
        "HealthcareDDA.Step.sum": {
            "value": 49996.0,
            "min": 996.0,
            "max": 49996.0,
            "count": 50
        },
        "HealthcareDDA.Policy.ExtrinsicValueEstimate.mean": {
            "value": 0.6014404892921448,
            "min": 0.23085173964500427,
            "max": 0.609840989112854,
            "count": 50
        },
        "HealthcareDDA.Policy.ExtrinsicValueEstimate.sum": {
            "value": 150.36012268066406,
            "min": 57.48208236694336,
            "max": 152.4602508544922,
            "count": 50
        },
        "HealthcareDDA.Environment.CumulativeReward.mean": {
            "value": 0.6494475169181824,
            "min": 0.44994228186616936,
            "max": 0.6494475169181824,
            "count": 50
        },
        "HealthcareDDA.Environment.CumulativeReward.sum": {
            "value": 162.3618792295456,
            "min": 112.03562818467617,
            "max": 162.3618792295456,
            "count": 50
        },
        "HealthcareDDA.Policy.ExtrinsicReward.mean": {
            "value": 0.6494475169181824,
            "min": 0.44994228186616936,
            "max": 0.6494475169181824,
            "count": 50
        },
        "HealthcareDDA.Policy.ExtrinsicReward.sum": {
            "value": 162.3618792295456,
            "min": 112.03562818467617,
            "max": 162.3618792295456,
            "count": 50
        },
        "HealthcareDDA.Losses.PolicyLoss.mean": {
            "value": 0.15326527661980235,
            "min": 0.11078542805140992,
            "max": 0.154725191105778,
            "count": 50
        },
        "HealthcareDDA.Losses.PolicyLoss.sum": {
            "value": 0.45979582985940703,
            "min": 0.33468834264203906,
            "max": 0.6154518282661836,
            "count": 50
        },
        "HealthcareDDA.Losses.ValueLoss.mean": {
            "value": 0.002359754674317729,
            "min": 0.002309955650060955,
            "max": 0.03845658236079746,
            "count": 50
        },
        "HealthcareDDA.Losses.ValueLoss.sum": {
            "value": 0.007079264022953188,
            "min": 0.0069298669501828645,
            "max": 0.11536974708239237,
            "count": 50
        },
        "HealthcareDDA.Policy.LearningRate.mean": {
            "value": 4.9600990080000194e-06,
            "min": 4.9600990080000194e-06,
            "max": 0.000494560001088,
            "count": 50
        },
        "HealthcareDDA.Policy.LearningRate.sum": {
            "value": 1.488029702400006e-05,
            "min": 1.488029702400006e-05,
            "max": 0.001940160011968,
            "count": 50
        },
        "HealthcareDDA.Policy.Epsilon.mean": {
            "value": 0.10297600000000003,
            "min": 0.10297600000000003,
            "max": 0.39673600000000003,
            "count": 50
        },
        "HealthcareDDA.Policy.Epsilon.sum": {
            "value": 0.3089280000000001,
            "min": 0.3089280000000001,
            "max": 1.5640960000000002,
            "count": 50
        },
        "HealthcareDDA.Policy.Beta.mean": {
            "value": 0.00010910080000000042,
            "min": 0.00010910080000000042,
            "max": 0.0098913088,
            "count": 50
        },
        "HealthcareDDA.Policy.Beta.sum": {
            "value": 0.00032730240000000124,
            "min": 0.00032730240000000124,
            "max": 0.038804396799999995,
            "count": 50
        },
        "HealthcareDDA.IsTraining.mean": {
            "value": 1.0,
            "min": 1.0,
            "max": 1.0,
            "count": 50
        },
        "HealthcareDDA.IsTraining.sum": {
            "value": 1.0,
            "min": 1.0,
            "max": 1.0,
            "count": 50
        }
    },
    "metadata": {
        "timer_format_version": "0.1.0",
        "start_time_seconds": "1744038099",
        "python_version": "3.10.12 (main, Jan  5 2025, 23:12:11) [GCC 14.1.1 20240522]",
        "command_line_arguments": "/home/samgomes/Documents/doutoramento/projects/iProlepsis/reps/healthcare-dda-mlagent/python-venv/bin/mlagents-learn config/ppo/HealthcareDDA.yaml --run-id=TK_BaseCalcs --force",
        "mlagents_version": "1.1.0",
        "mlagents_envs_version": "1.1.0",
        "communication_protocol_version": "1.5.0",
        "pytorch_version": "2.2.2+cu121",
        "numpy_version": "1.23.5",
        "end_time_seconds": "1744038222"
    },
    "total": 123.41726928900243,
    "count": 1,
    "self": 0.007289895002031699,
    "children": {
        "run_training.setup": {
            "total": 0.017291664000367746,
            "count": 1,
            "self": 0.017291664000367746
        },
        "TrainerController.start_learning": {
            "total": 123.39268773000003,
            "count": 1,
            "self": 0.28776124475189135,
            "children": {
                "TrainerController._reset_env": {
                    "total": 8.272642873998848,
                    "count": 1,
                    "self": 8.272642873998848
                },
                "TrainerController.advance": {
                    "total": 114.77609930525068,
                    "count": 12504,
                    "self": 0.26821216985263163,
                    "children": {
                        "env_step": {
                            "total": 61.73417322117166,
                            "count": 12504,
                            "self": 46.225397886373685,
                            "children": {
                                "SubprocessEnvManager._take_step": {
                                    "total": 15.346304985763709,
                                    "count": 12504,
                                    "self": 0.7371351058936852,
                                    "children": {
                                        "TorchPolicy.evaluate": {
                                            "total": 14.609169879870024,
                                            "count": 12504,
                                            "self": 14.609169879870024
                                        }
                                    }
                                },
                                "workers": {
                                    "total": 0.16247034903426538,
                                    "count": 12504,
                                    "self": 0.0,
                                    "children": {
                                        "worker_root": {
                                            "total": 122.94564207391886,
                                            "count": 12504,
                                            "is_parallel": true,
                                            "self": 90.00273518010727,
                                            "children": {
                                                "run_training.setup": {
                                                    "total": 0.0,