{
    "name": "root",
    "gauges": {
        "HealthcareDDA.Policy.Entropy.mean": {
            "value": 0.0035388616379350424,
            "min": 0.0035380737390369177,
            "max": 1.5489914417266846,
            "count": 30
        },
        "HealthcareDDA.Policy.Entropy.sum": {
            "value": 3.5388617515563965,
            "min": 3.538073778152466,
            "max": 1548.991455078125,
            "count": 30
        },
        "HealthcareDDA.Environment.EpisodeLength.mean": {
            "value": 4.0,
            "min": 4.0,
            "max": 4.0,
            "count": 30
        },
        "HealthcareDDA.Environment.EpisodeLength.sum": {
            "value": 800.0,
            "min": 800.0,
            "max": 800.0,
            "count": 30
        },
        "HealthcareDDA.Step.mean": {
            "value": 29995.0,
            "min": 995.0,
            "max": 29995.0,
            "count": 30
        },
        "HealthcareDDA.Step.sum": {
            "value": 29995.0,
            "min": 995.0,
            "max": 29995.0,
            "count": 30
        },
        "HealthcareDDA.Policy.ExtrinsicValueEstimate.mean": {
            "value": 0.5530002117156982,
            "min": 0.16574224829673767,
            "max": 0.5540602207183838,
            "count": 30
        },
        "HealthcareDDA.Policy.ExtrinsicValueEstimate.sum": {
            "value": 110.60003662109375,
            "min": 32.98270797729492,
            "max": 110.81204986572266,
            "count": 30
        },
        "HealthcareDDA.Environment.CumulativeReward.mean": {
            "value": 0.6112793684005737,
            "min": 0.35213791212095086,
            "max": 0.6112793684005737,
            "count": 30
        },
        "HealthcareDDA.Environment.CumulativeReward.sum": {
            "value": 122.25587368011475,
            "min": 70.07544451206923,
            "max": 122.25587368011475,
            "count": 30
        },
        "HealthcareDDA.Policy.ExtrinsicReward.mean": {
            "value": 0.6112793684005737,
            "min": 0.35213791212095086,
            "max": 0.6112793684005737,
            "count": 30
        },
        "HealthcareDDA.Policy.ExtrinsicReward.sum": {
            "value": 122.25587368011475,
            "min": 70.07544451206923,
            "max": 122.25587368011475,
            "count": 30
        },
        "HealthcareDDA.Losses.PolicyLoss.mean": {
            "value": 0.12918455630510078,
            "min": 0.11690439073653476,
            "max": 0.1614198270435736,
            "count": 30
        },
        "HealthcareDDA.Losses.PolicyLoss.sum": {
            "value": 0.5167382252204031,
            "min": 0.3507131722096043,
            "max": 0.6456793081742944,
            "count": 30
        },
        "HealthcareDDA.Losses.ValueLoss.mean": {
            "value": 7.207634090870367e-05,
            "min": 7.189322911926864e-05,
            "max": 0.027214447760747537,
            "count": 30
        },
        "HealthcareDDA.Losses.ValueLoss.sum": {
            "value": 0.0002883053636348147,
            "min": 0.00021629448565363418,
            "max": 0.08164334328224261,
            "count": 30
        },
        "HealthcareDDA.Policy.LearningRate.mean": {
            "value": 3.2667650333333345e-06,
            "min": 3.2667650333333345e-06,
            "max": 0.00019653333506666664,
            "count": 30
        },
        "HealthcareDDA.Policy.LearningRate.sum": {
            "value": 1.3067060133333338e-05,
            "min": 1.3067060133333338e-05,
            "max": 0.0007618666857333333,
            "count": 30
        },
        "HealthcareDDA.Policy.Epsilon.mean": {
            "value": 0.10490000000000001,
            "min": 0.10490000000000001,
            "max": 0.39480000000000004,
            "count": 30
        },
        "HealthcareDDA.Policy.Epsilon.sum": {
            "value": 0.41960000000000003,
            "min": 0.41960000000000003,
            "max": 1.5428,
            "count": 30
        },
        "HealthcareDDA.Policy.Beta.mean": {
            "value": 0.00017317000000000008,
            "min": 0.00017317000000000008,
            "max": 0.00982684,
            "count": 30
        },
        "HealthcareDDA.Policy.Beta.sum": {
            "value": 0.0006926800000000003,
            "min": 0.0006926800000000003,
            "max": 0.03809524,
            "count": 30
        },
        "HealthcareDDA.IsTraining.mean": {
            "value": 1.0,
            "min": 1.0,
            "max": 1.0,
            "count": 30
        },
        "HealthcareDDA.IsTraining.sum": {
            "value": 1.0,
            "min": 1.0,
            "max": 1.0,
            "count": 30
        }
    },
    "metadata": {
        "timer_format_version": "0.1.0",
        "start_time_seconds": "1743703377",
        "python_version": "3.10.12 (main, Jan  5 2025, 23:12:11) [GCC 14.1.1 20240522]",
        "command_line_arguments": "/home/samgomes/Documents/doutoramento/projects/iProlepsis/reps/healthcare-dda-mlagent/python-venv/bin/mlagents-learn config/ppo/HealthcareDDA.yaml --run-id=TK_BaseCalcs --force",
        "mlagents_version": "1.1.0",
        "mlagents_envs_version": "1.1.0",
        "communication_protocol_version": "1.5.0",
        "pytorch_version": "2.2.2+cu121",
        "numpy_version": "1.23.5",
        "end_time_seconds": "1743703521"
    },
    "total": 143.28044318699904,
    "count": 1,
    "self": 0.007044909998512594,
    "children": {
        "run_training.setup": {
            "total": 0.019565749000321375,
            "count": 1,
            "self": 0.019565749000321375
        },
        "TrainerController.start_learning": {
            "total": 143.2538325280002,
            "count": 1,
            "self": 0.25013343424507184,
            "children": {
                "TrainerController._reset_env": {
                    "total": 22.03365162299815,
                    "count": 1,
                    "self": 22.03365162299815
                },
                "TrainerController.advance": {
                    "total": 120.91317555675414,
                    "count": 7505,
                    "self": 0.23340248598833568,
                    "children": {
                        "env_step": {
                            "total": 72.5278198109445,
                            "count": 7505,
                            "self": 58.3666292568123,
                            "children": {
                                "SubprocessEnvManager._take_step": {
                                    "total": 14.022805245105701,
                                    "count": 7505,
                                    "self": 0.6804023422118917,
                                    "children": {
                                        "TorchPolicy.evaluate": {
                                            "total": 13.34240290289381,
                                            "count": 7505,
                                            "self": 13.34240290289381
                                        }
                                    }
                                },
                                "workers": {
                                    "total": 0.13838530902648927,
                                    "count": 7505,
                                    "self": 0.0,
                                    "children": {
                                        "worker_root": {
                                            "total": 142.911010696007,
                                            "count": 7505,
                                            "is_parallel": true,
                                            "self": 105.87416583500817,
                                            "children": {
                                                "run_training.setup": {
                                                    "total": 0.0,
                                                    "count": 0,