{
    "name": "root",
    "gauges": {
        "HealthcareDDA.Policy.Entropy.mean": {
            "value": 0.006617655511945486,
            "min": 0.0005930266925133765,
            "max": 1.5860118865966797,
            "count": 50
        },
        "HealthcareDDA.Policy.Entropy.sum": {
            "value": 6.564714431762695,
            "min": 0.5977709293365479,
            "max": 1598.699951171875,
            "count": 50
        },
        "HealthcareDDA.Environment.EpisodeLength.mean": {
            "value": 3.0,
            "min": 3.0,
            "max": 3.0,
            "count": 50
        },
        "HealthcareDDA.Environment.EpisodeLength.sum": {
            "value": 744.0,
            "min": 744.0,
            "max": 756.0,
            "count": 50
        },
        "HealthcareDDA.Step.mean": {
            "value": 49996.0,
            "min": 996.0,
            "max": 49996.0,
            "count": 50
        },
        "HealthcareDDA.Step.sum": {
            "value": 49996.0,
            "min": 996.0,
            "max": 49996.0,
            "count": 50
        },
        "HealthcareDDA.Policy.ExtrinsicValueEstimate.mean": {
            "value": 2.827775478363037,
            "min": 0.4138440787792206,
            "max": 2.8575215339660645,
            "count": 50
        },
        "HealthcareDDA.Policy.ExtrinsicValueEstimate.sum": {
            "value": 706.94384765625,
            "min": 103.04717254638672,
            "max": 714.38037109375,
            "count": 50
        },
        "HealthcareDDA.Environment.CumulativeReward.mean": {
            "value": 4.263521940231323,
            "min": 2.0162168107032774,
            "max": 4.263521940231323,
            "count": 50
        },
        "HealthcareDDA.Environment.CumulativeReward.sum": {
            "value": 1065.8804850578308,
            "min": 504.0542026758194,
            "max": 1065.8804850578308,
            "count": 50
        },
        "HealthcareDDA.Policy.ExtrinsicReward.mean": {
            "value": 4.263521940231323,
            "min": 2.0162168107032774,
            "max": 4.263521940231323,
            "count": 50
        },
        "HealthcareDDA.Policy.ExtrinsicReward.sum": {
            "value": 1065.8804850578308,
            "min": 504.0542026758194,
            "max": 1065.8804850578308,
            "count": 50
        },
        "HealthcareDDA.Losses.PolicyLoss.mean": {
            "value": 0.08812824559087555,
            "min": 0.07584871896930659,
            "max": 0.1162233667758604,
            "count": 50
        },
        "HealthcareDDA.Losses.PolicyLoss.sum": {
            "value": 0.1762564911817511,
            "min": 0.0785731583988915,
            "max": 0.2324467335517208,
            "count": 50
        },
        "HealthcareDDA.Losses.ValueLoss.mean": {
            "value": 0.7730132887760799,
            "min": 0.2733901400739948,
            "max": 0.873661357909441,
            "count": 50
        },
        "HealthcareDDA.Losses.ValueLoss.sum": {
            "value": 1.5460265775521598,
            "min": 0.3278582611431678,
            "max": 1.639475959042708,
            "count": 50
        },
        "HealthcareDDA.Policy.LearningRate.mean": {
            "value": 0.0007500000000000001,
            "min": 0.0007500000000000001,
            "max": 0.0007500000000000001,
            "count": 50
        },
        "HealthcareDDA.Policy.LearningRate.sum": {
            "value": 0.0015000000000000002,
            "min": 0.0007500000000000001,
            "max": 0.0015000000000000002,
            "count": 50
        },
        "HealthcareDDA.Policy.Epsilon.mean": {
            "value": 0.3,
            "min": 0.3,
            "max": 0.3,
            "count": 50
        },
        "HealthcareDDA.Policy.Epsilon.sum": {
            "value": 0.6,
            "min": 0.3,
            "max": 0.6,
            "count": 50
        },
        "HealthcareDDA.Policy.Beta.mean": {
            "value": 0.01,
            "min": 0.01,
            "max": 0.01,
            "count": 50
        },
        "HealthcareDDA.Policy.Beta.sum": {
            "value": 0.02,
            "min": 0.01,
            "max": 0.02,
            "count": 50
        },
        "HealthcareDDA.IsTraining.mean": {
            "value": 1.0,
            "min": 1.0,
            "max": 1.0,
            "count": 50
        },
        "HealthcareDDA.IsTraining.sum": {
            "value": 1.0,
            "min": 1.0,
            "max": 1.0,
            "count": 50
        }
    },
    "metadata": {
        "timer_format_version": "0.1.0",
        "start_time_seconds": "1748009343",
        "python_version": "3.10.12 (main, Jan  5 2025, 23:12:11) [GCC 14.1.1 20240522]",
        "command_line_arguments": "/home/samgomes/Documents/doutoramento/projects/iProlepsis/reps/healthcare-dda-mlagent/python-venv/bin/mlagents-learn config/ppo/HealthcareDDA.yaml --run-id=PPO_TK_DynProf --force",
        "mlagents_version": "1.0.0",
        "mlagents_envs_version": "1.1.0",
        "communication_protocol_version": "1.5.0",
        "pytorch_version": "2.2.2+cu121",
        "numpy_version": "1.23.5",
        "end_time_seconds": "1748009465"
    },
    "total": 122.04318817000058,
    "count": 1,
    "self": 0.010443783001392148,
    "children": {
        "run_training.setup": {
            "total": 0.016112862998852506,
            "count": 1,
            "self": 0.016112862998852506
        },
        "TrainerController.start_learning": {
            "total": 122.01663152400033,
            "count": 1,
            "self": 0.2917119531230128,
            "children": {
                "TrainerController._reset_env": {
                    "total": 8.99667735299954,
                    "count": 1,
                    "self": 8.99667735299954
                },
                "TrainerController.advance": {
                    "total": 112.66579810787698,
                    "count": 12504,
                    "self": 0.28429571105698415,
                    "children": {
                        "env_step": {
                            "total": 65.099564034992,
                            "count": 12504,
                            "self": 48.17701744614715,
                            "children": {
                                "SubprocessEnvManager._take_step": {
                                    "total": 16.759579661889802,
                                    "count": 12504,
                                    "self": 0.7471789597875613,
                                    "children": {
                                        "TorchPolicy.evaluate": {
                                            "total": 16.01240070210224,
                                            "count": 12504,
                                            "self": 16.01240070210224
                                        }
                                    }
                                },
                                "workers": {
                                    "total": 0.16296692695505044,
                                    "count": 12504,
                                    "self": 0.0,
                                    "children": {
                                        "worker_root": {
                                            "total": 121.56548877506611,
                                            "count": 12504,
                                            "is_parallel": true,
                                            "self": 87.06773871302721,
                                            "children": {
                                                "run_training.setup": {
                                                    "total": 0.0,
                                                    "count": 0,
                                                    "is_parallel": true,
                                                    "self": 0.0,